container	path_id	type	field_path	value
resources.assets	8279	MonoBehaviour	onMessage	Lola's "Afrikini" outfit and hairstyle unlocked!
resources.assets	8280	MonoBehaviour	onMessage	Jessie's "Naughty List" outfit and hairstyle unlocked!
resources.assets	8281	MonoBehaviour	onMessage	Lillian's "Candy Corn" outfit and hairstyle unlocked!
resources.assets	8282	MonoBehaviour	onMessage	Zoey's "Scarehoe" outfit and hairstyle unlocked!
resources.assets	8283	MonoBehaviour	onMessage	Sarah's "Cow Girl" outfit and hairstyle unlocked!
resources.assets	8284	MonoBehaviour	onMessage	Lailani's "Koimono" outfit and hairstyle unlocked!
resources.assets	8285	MonoBehaviour	onMessage	Candace's "Onahole" outfit and hairstyle unlocked!
resources.assets	8286	MonoBehaviour	onMessage	Nora's "Spiral Scout" outfit and hairstyle unlocked!
resources.assets	8287	MonoBehaviour	onMessage	Brooke's "Stars & Stripes" outfit and hairstyle unlocked!
resources.assets	8288	MonoBehaviour	onMessage	Ashley's "Clamouflage" outfit and hairstyle unlocked!
resources.assets	8289	MonoBehaviour	onMessage	Abia's "Morning Delight" outfit and hairstyle unlocked!
resources.assets	8290	MonoBehaviour	onMessage	Polly's "Tuxedo" outfit and hairstyle unlocked!
resources.assets	8291	MonoBehaviour	onMessage	Secret Code achievement unlocked!
resources.assets	8292	MonoBehaviour	onMessage	Location transition speed is now much faster!
resources.assets	8292	MonoBehaviour	offMessage	Location transition speed is back to normal!
resources.assets	8293	MonoBehaviour	onMessage	Abia's headwear replaced with alternate hairstyles!
resources.assets	8293	MonoBehaviour	offMessage	Abia's alternate hairstyles replaced with headwear!
resources.assets	8294	MonoBehaviour	onMessage	Alpha mode is now disabled across all save files.
resources.assets	8294	MonoBehaviour	offMessage	Alpha mode is now re-enabled across all save files.
resources.assets	8295	MonoBehaviour	onMessage	The screen will now display with a letterbox.
resources.assets	8295	MonoBehaviour	offMessage	The screen will now display without a letterbox.
resources.assets	8296	MonoBehaviour	steps[0].dialogLine.dialogText	Do you think they have wi-fi here?▸▸▸▸▸ I need to respond to a couple of e-mails.
resources.assets	8296	MonoBehaviour	steps[1].dialogOptions[0].dialogOptionText	I'm sure they do. It's pretty much everywhere these days.
resources.assets	8296	MonoBehaviour	steps[1].dialogOptions[0].steps[0].dialogLine.dialogText	That's a good point.▸▸▸▸▸▸▸▸ I just hope it's not password protected...
resources.assets	8296	MonoBehaviour	steps[1].dialogOptions[1].dialogOptionText	You brought your laptop with you?
resources.assets	8296	MonoBehaviour	steps[1].dialogOptions[1].steps[0].dialogLine.dialogText	My tablet,▸▸ technically.▸▸▸▸▸▸▸▸▸▸▸▸▸ You never know when you might be able to squeeze in a little work!
resources.assets	8296	MonoBehaviour	steps[1].dialogOptions[2].dialogOptionText	You shouldn't be working. You're on vacation!
resources.assets	8296	MonoBehaviour	steps[1].dialogOptions[2].steps[0].dialogLine.dialogText	Now what kind of attitude is that?
resources.assets	8296	MonoBehaviour	steps[2].dialogLine.dialogText	Vacation is no excuse to start being a lazy bum, right?▸▸▸▸▸ There's plenty I can do remotely.
resources.assets	8296	MonoBehaviour	steps[3].dialogLine.dialogText	It's better than falling behind,▸▸▸▸▸ even if it means I don't have QUITE as much time for recreation.
resources.assets	8297	MonoBehaviour	steps[0].dialogLine.dialogText	[aaaaaa]▸▸▸▸▸I think I'm starting to crash...▸▸▸▸▸▸▸ I wonder if there's a place I can grab a coffee around here...
resources.assets	8297	MonoBehaviour	steps[1].dialogOptions[0].dialogOptionText	I'm sure we can find a place somewhere around here...
resources.assets	8297	MonoBehaviour	steps[1].dialogOptions[0].steps[0].dialogLine.dialogText	I▸▸ hope▸▸ so.▸▸▸▸▸▸▸▸▸▸▸▸▸ Another few hours and I'll be getting withdrawal headaches...
resources.assets	8297	MonoBehaviour	steps[1].dialogOptions[1].dialogOptionText	I saw a vending machine back there with energy drinks. Will that work?
resources.assets	8297	MonoBehaviour	steps[1].dialogOptions[1].steps[0].dialogLine.dialogText	I'm not crazy about those drinks,▸▸▸▸▸ but I'll take ANYTHING with caffeine in it at this point.
resources.assets	8297	MonoBehaviour	steps[1].dialogOptions[2].dialogOptionText	I think you might be a little addicted to coffee...
resources.assets	8297	MonoBehaviour	steps[1].dialogOptions[2].steps[0].dialogLine.dialogText	You think?▸▸▸▸▸ [hahahaha]▸▸[aaaa]▸▸What ever gave you that idea?
resources.assets	8297	MonoBehaviour	steps[2].dialogLine.dialogText	Honestly, I think my body runs entirely on caffeine now.▸▸▸▸▸▸▸▸ I swear,▸▸ I can barely function without it!
resources.assets	8297	MonoBehaviour	steps[3].dialogLine.dialogText	I should probably learn to take it easy...▸▸▸▸▸ but I get so much more done this way!
resources.assets	8298	MonoBehaviour	steps[0].dialogLine.dialogText	Hmmmm...▸▸▸▸▸▸▸▸▸▸ I may have underestimated the cost of vacationing.▸▸▸▸▸ Things really add up quick...
resources.assets	8298	MonoBehaviour	steps[1].dialogLine.dialogText	I'm gonna have to try to move twice as much inventory next month to make up for it...
resources.assets	8298	MonoBehaviour	steps[2].dialogOptions[0].dialogOptionText	I'd be happy to help you out. How much do you need?
resources.assets	8298	MonoBehaviour	steps[2].dialogOptions[0].steps[0].dialogLine.dialogText	Don't even think about it!▸▸▸▸▸ I appreciate the offer, but, I don't need anyone's help!▸▸▸
resources.assets	8298	MonoBehaviour	steps[2].dialogOptions[1].dialogOptionText	I'm sure the government has programs that can assist you.
resources.assets	8298	MonoBehaviour	steps[2].dialogOptions[1].steps[0].dialogLine.dialogText	Hey!▸▸▸▸▸▸▸▸▸▸ Do I LOOK like the kind of person who would take a handout?
resources.assets	8298	MonoBehaviour	steps[2].dialogOptions[2].dialogOptionText	You can always just take things without paying for them.
resources.assets	8298	MonoBehaviour	steps[2].dialogOptions[2].steps[0].dialogLine.dialogText	Now that would be stealing, wouldn't it?▸▸▸▸▸ I was raised much better than that!
resources.assets	8298	MonoBehaviour	steps[3].dialogLine.dialogText	THIS woman makes her own money and pays for her own things, thank you very much!
resources.assets	8299	MonoBehaviour	steps[0].dialogLine.dialogText	[aaaa]▸▸▸▸▸I was hoping this vacation would distract me from everything going on at home.
resources.assets	8299	MonoBehaviour	steps[1].dialogLine.dialogText	Don't get me wrong,▸▸▸▸▸▸▸▸▸▸ I'm having a great time and everything...
resources.assets	8299	MonoBehaviour	steps[2].dialogLine.dialogText	[but]...but I can't seem to take my mind off...▸▸▸▸▸▸▸▸▸▸▸▸▸▸▸ well,▸▸▸▸▸▸▸▸▸▸▸▸▸▸▸ I don't want to bother you with my problems.
resources.assets	8299	MonoBehaviour	steps[3].dialogOptions[0].dialogOptionText	Please, do. I wouldn't mind at all. Maybe I can help.
resources.assets	8299	MonoBehaviour	steps[3].dialogOptions[0].steps[0].dialogLine.dialogText	No, no,▸▸ really, it's fine.▸▸▸▸▸ I'm just feeling sorry for myself.▸▸▸▸▸ Blah!▸▸▸▸▸ Forget I said anything.
resources.assets	8299	MonoBehaviour	steps[3].dialogOptions[1].dialogOptionText	Hey, whatever it is, don't worry, it'll get better. Time heals all.
resources.assets	8299	MonoBehaviour	steps[3].dialogOptions[1].steps[0].dialogLine.dialogText	Yeah...▸▸▸▸▸ maybe.▸▸▸▸▸▸▸▸▸▸ Unfortunately, time is part of the problem...▸▸▸▸▸ Ughh, that's life, I guess.
resources.assets	8299	MonoBehaviour	steps[3].dialogOptions[2].dialogOptionText	No matter what happens, nothing can take away the fact that you have huge tits.
resources.assets	8299	MonoBehaviour	steps[3].dialogOptions[2].steps[0].dialogLine.dialogText	[hahahaha]▸▸[hhhh]▸▸I know it shouldn't,▸▸▸ but that actually does make me feel a LITTLE bit better.
resources.assets	8300	MonoBehaviour	steps[0].dialogLine.dialogText	You know, I've always wanted to ask you-▸▸[mmmm]▸▸▸▸▸▸▸▸▸▸▸▸▸▸▸▸▸▸ Excuse me-▸▸▸[aaaammaaaammmmaaaaaaaa]▸▸▸▸▸ ...ughh,▸▸▸▸▸ sorry about that.
resources.assets	8300	MonoBehaviour	steps[1].dialogOptions[0].dialogOptionText	Are you alright? That sounds like a pretty nasty cough.
resources.assets	8300	MonoBehaviour	steps[1].dialogOptions[0].steps[0].dialogLine.dialogText	I'm fine,▸▸ I'm fine.▸▸▸▸▸▸▸▸▸▸▸▸▸ I've gotten used to it.
resources.assets	8300	MonoBehaviour	steps[1].dialogOptions[1].dialogOptionText	Can I get you a glass of water or something?
resources.assets	8300	MonoBehaviour	steps[1].dialogOptions[1].steps[0].dialogLine.dialogText	No, it's alright.▸▸▸▸▸▸▸ That just seems to happen every so often.
resources.assets	8300	MonoBehaviour	steps[1].dialogOptions[2].dialogOptionText	That's... hot...
resources.assets	8300	MonoBehaviour	steps[1].dialogOptions[2].steps[0].dialogLine.dialogText	Ughh,▸▸▸ I know,▸▸ I know... not my best look.
resources.assets	8300	MonoBehaviour	steps[2].dialogLine.dialogText	I'm not sure why but I get an occasional cough or shortness of breath.
resources.assets	8300	MonoBehaviour	steps[3].dialogLine.dialogText	My doctor says I need to quit smoking, but,▸▸ I don't know...▸▸▸
resources.assets	8300	MonoBehaviour	steps[4].dialogLine.dialogText	I've been smoking for over twenty years and I've never had any problems before.
resources.assets	8301	MonoBehaviour	steps[0].dialogLine.dialogText	So,▸▸▸ hot shot,▸▸▸▸▸▸▸▸▸▸ I think it's time you tell me...▸▸▸▸▸ just how many girls HAVE you been with?
resources.assets	8301	MonoBehaviour	steps[1].dialogOptions[0].dialogOptionText	I'm a virgin. I'm saving myself for marriage.
resources.assets	8301	MonoBehaviour	steps[1].dialogOptions[0].steps[0].dialogLine.dialogText	Stop,▸▸▸▸▸ I can't with you.▸▸▸▸▸▸▸▸▸▸ Honey,▸▸▸▸▸ you and I are both the farthest thing from a virgin.
resources.assets	8301	MonoBehaviour	steps[1].dialogOptions[1].dialogOptionText	I don't really keep track of that sort of thing.
resources.assets	8301	MonoBehaviour	steps[1].dialogOptions[1].steps[0].dialogLine.dialogText	You don't?▸▸▸▸▸▸▸ I thought everybody did.▸▸▸ I used to,▸▸ but I lost track years ago...▸▸
resources.assets	8301	MonoBehaviour	steps[1].dialogOptions[2].dialogOptionText	It has to be in the triple digits by now.
resources.assets	8301	MonoBehaviour	steps[1].dialogOptions[2].steps[0].dialogLine.dialogText	Woooo[hhhww]ww,▸▸▸▸▸▸▸▸▸▸▸▸▸▸▸▸▸▸▸▸ not bad...▸▸▸▸▸▸▸▸▸▸▸▸▸▸▸▸▸▸▸▸ but you've got some work to do if you want to catch up to me.
resources.assets	8301	MonoBehaviour	steps[2].dialogLine.dialogText	Honestly,▸▸▸▸▸▸▸▸▸▸▸▸▸▸ my pussy▸▸▸ has seen so much▸▸▸ action,▸▸▸▸▸▸▸▸▸▸▸▸▸ I feel like I'm starting to go numb down there.▸▸▸▸▸[hhaahhaa]
resources.assets	8302	MonoBehaviour	steps[0].dialogLine.dialogText	What do you think▸▸▸ i[ii]s▸▸ a better way▸▸▸ to▸▸▸ die...[h]▸▸[hhh]▸▸▸ slitting your wrists, or▸▸ over▸▸dosing on pills?▸▸▸[h]
resources.assets	8302	MonoBehaviour	steps[1].dialogOptions[0].dialogOptionText	Jesus... kind of a dark question, don't you think?
resources.assets	8302	MonoBehaviour	steps[1].dialogOptions[0].steps[0].dialogLine.dialogText	What?▸▸▸▸▸▸▸▸▸▸ I mean...▸▸▸▸▸▸▸ I'm▸▸▸ gon▸▸na die▸▸▸▸▸ e▸▸ven▸▸tual▸▸ly.▸▸▸▸▸▸▸[hh]▸▸▸▸▸ I might as well have fun with it.[h]
resources.assets	8302	MonoBehaviour	steps[1].dialogOptions[1].dialogOptionText	Why not both? In for a penny, in for a pound!
resources.assets	8302	MonoBehaviour	steps[1].dialogOptions[1].steps[0].dialogLine.dialogText	Oh▸▸▸ my▸▸▸ god,▸▸▸▸▸ YEEEESS[SS]!▸▸[hh]▸▸▸▸▸▸▸▸[hh] Then I could BLOW my brains out▸▸ just for good measure!
resources.assets	8302	MonoBehaviour	steps[1].dialogOptions[2].dialogOptionText	Crazy thought, but you could always NOT kill yourself.
resources.assets	8302	MonoBehaviour	steps[1].dialogOptions[2].steps[0].dialogLine.dialogText	Yeeeeaahh,▸▸▸ I mean,▸▸▸[hh] I guess...▸▸ but,▸▸▸[hh] what fun is that?[h]
resources.assets	8302	MonoBehaviour	steps[2].dialogLine.dialogText	Unless I get bitten by a vampire▸▸ or something...[hh]
resources.assets	8302	MonoBehaviour	steps[3].dialogLine.dialogText	Then▸▸ I could like,▸[hh] live forever, and like, kill people and drink blood and stuff...
resources.assets	8302	MonoBehaviour	steps[4].dialogLine.dialogText	That would be like...[hh]▸▸ fuck▸▸ing▸▸ awe▸▸some?
resources.assets	8303	MonoBehaviour	steps[0].dialogLine.dialogText	Fuck,▸▸ WHERE▸▸ did I put my inhaler?▸▸▸[hh]▸▸▸ Ughh,▸▸ don't tell me I left it in the hotel room!
resources.assets	8303	MonoBehaviour	steps[1].dialogOptions[0].dialogOptionText	Should we go back and get it?
resources.assets	8303	MonoBehaviour	steps[1].dialogOptions[0].steps[0].dialogLine.dialogText	Uhhh,▸▸ I don't know...▸▸ I like,▸▸▸ REAL▸LY▸▸ don't want to go all the way back.▸▸[k]
resources.assets	8303	MonoBehaviour	steps[1].dialogOptions[1].dialogOptionText	Don't you hate when that happens?
resources.assets	8303	MonoBehaviour	steps[1].dialogOptions[1].steps[0].dialogLine.dialogText	I don't know▸▸ WHY▸▸ it's always▸▸ me that has to lose shit▸▸ ALL the time...
resources.assets	8303	MonoBehaviour	steps[1].dialogOptions[2].dialogOptionText	What do you need an inhaler for?
resources.assets	8303	MonoBehaviour	steps[1].dialogOptions[2].steps[0].dialogLine.dialogText	Ummm...▸▸ as▸▸thma?▸▸ Is there like,▸▸ another reason somebody would▸ need an inhaler?
resources.assets	8303	MonoBehaviour	steps[2].dialogLine.dialogText	Whatever... it's fine.▸▸▸[hh]▸▸▸ If I have an asthma attack,▸▸ I'll just die...[hh]▸▸ and then everybody▸▸ will be happy!
resources.assets	8304	MonoBehaviour	steps[0].dialogLine.dialogText	[aaaahh]▸▸▸▸▸Why do I even▸▸ bother getting out of▸ bed in the morning?
resources.assets	8304	MonoBehaviour	steps[1].dialogOptions[0].dialogOptionText	Yeah, that feeling never really goes away so get used to it.
resources.assets	8304	MonoBehaviour	steps[1].dialogOptions[0].steps[0].dialogLine.dialogText	Oh, gre[ee]at...▸▸ life just keeps getting better▸▸ and better,▸▸ doesn't it?▸▸[h]
resources.assets	8304	MonoBehaviour	steps[1].dialogOptions[1].dialogOptionText	What's wrong? Is something bothering you?
resources.assets	8304	MonoBehaviour	steps[1].dialogOptions[1].steps[0].dialogLine.dialogText	Uhhhh... how about,▸▸ liiiike...▸▸ everything?[h]
resources.assets	8304	MonoBehaviour	steps[1].dialogOptions[2].dialogOptionText	So you can get laid. That's why I do it!
resources.assets	8304	MonoBehaviour	steps[1].dialogOptions[2].steps[0].dialogLine.dialogText	Tch!▸▸[hh]▸▸▸ Yeah,▸▸▸ that's like,▸▸ basically,▸▸▸ the ONLY good thing about life?▸[ahha]▸[hh]
resources.assets	8304	MonoBehaviour	steps[2].dialogLine.dialogText	I'm stuck on this stupid island, without my tablet,▸[hh]▸ my parents hate me,[hh] my life is worthless, and▸▸ every▸▸thing▸▸ SU[U]CKS![S]
resources.assets	8304	MonoBehaviour	steps[3].dialogLine.dialogText	I mean,▸▸ what the fuck▸▸ is even▸▸ the point▸▸ of life▸▸ anyway?▸▸[hh]▸▸▸▸ We're all just gonna die in the end...[h]
resources.assets	8305	MonoBehaviour	steps[0].dialogLine.dialogText	I▸▸▸▸▸ must admit...▸▸▸▸▸▸▸▸▸▸▸▸▸▸▸ I was a little worried about coming to a tropical island like this.
resources.assets	8305	MonoBehaviour	steps[1].dialogLine.dialogText	I don't care much for water.▸▸▸▸▸▸▸▸▸▸▸▸▸ To be honest,▸▸▸▸▸▸▸▸▸▸ I▸▸▸▸▸ don't even know how to swim...
resources.assets	8305	MonoBehaviour	steps[2].dialogOptions[0].dialogOptionText	You don't like water? You're like seventy percent water.
resources.assets	8305	MonoBehaviour	steps[2].dialogOptions[0].steps[0].dialogLine.dialogText	Hmmm,▸▸▸▸▸ perhaps you're right.▸▸▸▸▸ Though I never quite saw myself as...▸▸▸▸▸ completely human...
resources.assets	8305	MonoBehaviour	steps[2].dialogOptions[1].dialogOptionText	Swimming is easy! I'll teach you how!
resources.assets	8305	MonoBehaviour	steps[2].dialogOptions[1].steps[0].dialogLine.dialogText	N-no...▸▸▸▸▸ thank you.▸▸▸▸▸▸▸▸▸▸ I've▸▸▸▸▸ tried many times in the past...▸▸▸▸▸ to no avail,▸▸▸▸▸ I'm afraid.
resources.assets	8305	MonoBehaviour	steps[2].dialogOptions[2].dialogOptionText	You just get in the water and start flailing your limbs around.
resources.assets	8305	MonoBehaviour	steps[2].dialogOptions[2].steps[0].dialogLine.dialogText	Un▸▸▸fortunately▸▸ for me...▸▸▸▸▸▸▸▸▸▸▸▸▸ the difficult part would be getting▸▸ IN▸▸▸ the water...
resources.assets	8305	MonoBehaviour	steps[3].dialogLine.dialogText	I▸▸▸ can't quite explain it...▸▸▸▸▸▸▸▸▸▸ the shocking chill against my skin...▸▸▸▸▸▸▸▸▸▸ it's rather...▸▸▸▸▸ disturbing...
resources.assets	8305	MonoBehaviour	steps[4].dialogLine.dialogText	There's little I find more displeasing than the feeling of being splashed by water...
resources.assets	8306	MonoBehaviour	steps[0].dialogLine.dialogText	Do you...▸▸▸▸▸ do you hear that...▸▸▸▸▸ ringing sound?
resources.assets	8306	MonoBehaviour	steps[1].dialogOptions[0].dialogOptionText	A ringing sound? No, I don't hear anything...
resources.assets	8306	MonoBehaviour	steps[1].dialogOptions[0].steps[0].dialogLine.dialogText	Hmmm...▸▸▸▸▸ it must only be me then...
resources.assets	8306	MonoBehaviour	steps[1].dialogOptions[1].dialogOptionText	Only when I match Joy tokens during a date.
resources.assets	8306	MonoBehaviour	steps[1].dialogOptions[1].steps[0].dialogLine.dialogText	So you hear it on the dates as well?▸▸▸▸▸ Interesting...
resources.assets	8306	MonoBehaviour	steps[1].dialogOptions[2].dialogOptionText	You might have tinnitus or something like that.
resources.assets	8306	MonoBehaviour	steps[1].dialogOptions[2].steps[0].dialogLine.dialogText	I▸▸▸ suppose that's possible.▸▸▸▸▸▸▸▸▸▸ I've no explanation for it otherwise...
resources.assets	8306	MonoBehaviour	steps[2].dialogLine.dialogText	It seems, ever since our most recent date...▸▸▸▸▸▸▸▸▸▸ I▸▸▸ can't get this ringing sound out of my head...
resources.assets	8307	MonoBehaviour	steps[0].dialogLine.dialogText	Please,▸▸▸▸▸ you must tell me something...▸▸▸▸▸▸▸▸▸▸ the butterfly queen... you've seen her,▸▸▸▸▸ right?
resources.assets	8307	MonoBehaviour	steps[1].dialogLine.dialogText	Is she beautiful?▸▸▸▸▸▸▸▸▸▸ Is her glorious green hair▸▸▸▸▸ as long and flowing as my dreams would suggest?
resources.assets	8307	MonoBehaviour	steps[2].dialogOptions[0].dialogOptionText	I have no idea what you're talking about...
resources.assets	8307	MonoBehaviour	steps[2].dialogOptions[0].steps[0].dialogLine.dialogText	Oh?▸▸▸▸▸▸▸▸▸▸ What a shame...▸▸▸▸▸▸▸▸▸▸ I▸▸▸ thought for certain you'd have laid eyes on her by now...
resources.assets	8307	MonoBehaviour	steps[2].dialogOptions[1].dialogOptionText	You mean Venus? She's a love goddess... not a butterfly queen.
resources.assets	8307	MonoBehaviour	steps[2].dialogOptions[1].steps[0].dialogLine.dialogText	Yes,▸▸▸▸▸ of course.▸▸▸▸▸▸▸▸▸▸ I▸▸▸▸▸ did think it strange for a butterfly queen to not have wings...
resources.assets	8307	MonoBehaviour	steps[2].dialogOptions[2].dialogOptionText	Yeah, she's alright. I actually had sex with her, you know.
resources.assets	8307	MonoBehaviour	steps[2].dialogOptions[2].steps[0].dialogLine.dialogText	In▸▸▸▸▸▸▸▸cred▸▸ible...▸▸▸▸▸▸▸▸▸▸▸▸▸▸▸ so it must be true then,▸▸▸▸▸▸▸▸▸▸ you really are the one...
resources.assets	8307	MonoBehaviour	steps[3].dialogLine.dialogText	Perhaps it isn't something for unworthy mortals such as myself to behold such beauty...
resources.assets	8307	MonoBehaviour	steps[4].dialogLine.dialogText	Still...▸▸▸▸▸▸▸▸▸▸▸▸▸ I hope very much to be able to meet her one day.▸▸▸▸▸▸▸▸▸▸ I can think of no greater honor...
resources.assets	8308	MonoBehaviour	steps[0].dialogLine.dialogText	Sometimes my friends say I'm annoy▸▸▸▸▸ing...▸▸▸▸▸ but I'm not!▸▸▸▸▸[hh]▸▸ You don't think I'm annoying,▸▸▸ do you?
resources.assets	8308	MonoBehaviour	steps[1].dialogOptions[0].dialogOptionText	You? Annoying? No way! Why would anybody say that?
resources.assets	8308	MonoBehaviour	steps[1].dialogOptions[0].steps[0].dialogLine.dialogText	I▸ don't▸ know!▸▸▸▸▸[hh]▸▸▸▸▸ Probably 'cause they're just bein' mean to me![h]
resources.assets	8308	MonoBehaviour	steps[1].dialogOptions[1].dialogOptionText	You're kind of annoying, but your tits make up for it.
resources.assets	8308	MonoBehaviour	steps[1].dialogOptions[1].steps[0].dialogLine.dialogText	[haha]▸▸[hh]▸▸▸▸▸Quit jokin' around you big meanie head!
resources.assets	8308	MonoBehaviour	steps[1].dialogOptions[2].dialogOptionText	You're probably the most annoying person I've ever met.
resources.assets	8308	MonoBehaviour	steps[1].dialogOptions[2].steps[0].dialogLine.dialogText	Ah,▸▸ no!▸▸▸▸▸▸▸ Unh-▸▸unh!▸▸▸▸▸ No▸▸ I'm▸▸ not!▸▸▸▸▸▸▸ You're just sayin' that to be mean!
resources.assets	8308	MonoBehaviour	steps[2].dialogLine.dialogText	I'm▸▸ NOT▸▸ annoying!▸▸▸▸▸[hh]▸▸▸▸▸ I'm not, I'm not, I'm NOO[OO]OOT!▸▸[hh]
resources.assets	8309	MonoBehaviour	steps[0].dialogLine.dialogText	Pay attention to meeeeeeee![hh]
resources.assets	8309	MonoBehaviour	steps[1].dialogOptions[0].dialogOptionText	I AM paying attention to you...
resources.assets	8309	MonoBehaviour	steps[1].dialogOptions[0].steps[0].dialogLine.dialogText	No you're noooooot![hh]▸▸▸▸▸ Not really,▸▸ not enough... ▸▸I need MORE attention![h]
resources.assets	8309	MonoBehaviour	steps[1].dialogOptions[1].dialogOptionText	Why should I?
resources.assets	8309	MonoBehaviour	steps[1].dialogOptions[2].dialogOptionText	Sorry, I have to balance my attention between the two of you.
resources.assets	8309	MonoBehaviour	steps[1].dialogOptions[2].steps[0].dialogLine.dialogText	Nooooooo...[hh]▸▸▸ pay attention to ME!▸[hh]
resources.assets	8309	MonoBehaviour	steps[2].dialogLine.dialogText	'Cause, 'cause, 'cause, umm,▸▸ I'm cute▸▸ and nice▸▸ and cool▸▸ and awesome and,▸▸ and,▸▸ annnnd...▸▸ and Suki!▸▸[hh]
resources.assets	8310	MonoBehaviour	steps[0].dialogLine.dialogText	O▸▸▸kay,▸▸▸ so like,▸▸▸▸▸ ummmm,▸▸▸[hh]▸▸▸ weird question,▸▸▸ but umm...▸▸ how often do you take a shower?
resources.assets	8310	MonoBehaviour	steps[1].dialogOptions[0].dialogOptionText	I shower every day. Doesn't everyone?
resources.assets	8310	MonoBehaviour	steps[1].dialogOptions[0].steps[0].dialogLine.dialogText	Mmmm...▸▸ no!▸▸▸▸▸ Not everyone!▸▸▸▸▸ You don't really need to![h]
resources.assets	8310	MonoBehaviour	steps[1].dialogOptions[1].dialogOptionText	Twice a day. Once in the morning and once at night.
resources.assets	8310	MonoBehaviour	steps[1].dialogOptions[1].steps[0].dialogLine.dialogText	What!?▸▸▸▸[hh]▸▸▸▸▸ That's crazy!▸▸▸▸▸ Doesn't that dry out your skin?
resources.assets	8310	MonoBehaviour	steps[1].dialogOptions[2].dialogOptionText	A few times per week. You don't want to overdo it.
resources.assets	8310	MonoBehaviour	steps[1].dialogOptions[2].steps[0].dialogLine.dialogText	Yeah!▸▸▸▸▸ I think most people take showers WAAAAYY too much!
resources.assets	8310	MonoBehaviour	steps[2].dialogLine.dialogText	I only shower once or twice a week.▸▸▸▸▸ That's enough for me!▸▸▸▸▸ Mmmhmm![h]
resources.assets	8310	MonoBehaviour	steps[3].dialogLine.dialogText	My mom says I need to shower more so I don't smell bad,▸▸▸ but,▸▸ I smell fine!▸▸▸▸▸ That's what perfume is for!
resources.assets	8311	MonoBehaviour	steps[0].dialogLine.dialogText	It's strange,▸▸▸▸▸ but,▸▸▸▸▸▸▸▸▸▸ for some reason,▸▸▸▸▸▸▸▸▸▸ Inna De Poona has a reputation as some kind of sex island...
resources.assets	8311	MonoBehaviour	steps[1].dialogLine.dialogText	A lot of people come here just to have wild orgies or hook up with total strangers...
resources.assets	8311	MonoBehaviour	steps[2].dialogOptions[0].dialogOptionText	What's wrong with that?
resources.assets	8311	MonoBehaviour	steps[2].dialogOptions[0].steps[0].dialogLine.dialogText	If that's what makes someone happy, I wouldn't judge them!▸▸▸▸▸▸▸▸▸▸ It's just...
resources.assets	8311	MonoBehaviour	steps[2].dialogOptions[1].dialogOptionText	You have to be honest, the name is a little suggestive...
resources.assets	8311	MonoBehaviour	steps[2].dialogOptions[1].steps[0].dialogLine.dialogText	Is it?▸▸▸▸▸▸▸▸▸▸▸▸▸▸▸ Hmmm,▸▸▸▸▸▸▸▸▸▸ I never really notice before...
resources.assets	8311	MonoBehaviour	steps[2].dialogOptions[2].dialogOptionText	Really? Oh man... I for one would NEVER do something like that.
resources.assets	8311	MonoBehaviour	steps[2].dialogOptions[2].steps[0].dialogLine.dialogText	Yeah,▸▸▸▸▸▸▸▸▸▸▸▸▸▸▸ I like to get to know people at LEAST a LITTLE bit!▸▸▸▸▸[hahahaha]
resources.assets	8311	MonoBehaviour	steps[3].dialogLine.dialogText	Sometimes I feel a little out of place working here,▸▸▸▸▸▸▸▸▸▸ because▸▸▸▸▸ I'm not really LIKE that, you know?
resources.assets	8311	MonoBehaviour	steps[4].dialogLine.dialogText	I don't mean to sound like a prude!▸▸▸▸▸▸▸▸▸▸ I just like to take things a little slower...
resources.assets	8312	MonoBehaviour	steps[0].dialogLine.dialogText	You know...▸▸▸▸▸▸▸▸▸▸ working at the hotel,▸▸▸▸▸▸▸▸▸▸ I see so many pretty girls with amazing bodies come to the resort.
resources.assets	8312	MonoBehaviour	steps[1].dialogLine.dialogText	I know I shouldn't feel this way,▸▸ but,▸▸▸▸▸ it does make me jealous...▸▸▸▸▸ I wish I was as pretty as they are...
resources.assets	8312	MonoBehaviour	steps[2].dialogOptions[0].dialogOptionText	Are you kidding me Lailani? You're an absolute stunner!
resources.assets	8312	MonoBehaviour	steps[2].dialogOptions[0].steps[0].dialogLine.dialogText	It's▸▸▸▸▸ okay...▸▸▸▸▸▸▸▸▸▸▸▸▸▸▸▸▸▸▸▸ really,▸▸▸▸▸▸▸▸▸▸ you don't have to say that just to make me feel better...
resources.assets	8312	MonoBehaviour	steps[2].dialogOptions[1].dialogOptionText	Look on the bright side, at least you're not as ugly as me.
resources.assets	8312	MonoBehaviour	steps[2].dialogOptions[1].steps[0].dialogLine.dialogText	Don't say that!▸▸▸▸▸▸▸▸▸▸ I think you're very handsome!▸▸▸▸▸▸▸▸▸▸ Me on the other hand...
resources.assets	8312	MonoBehaviour	steps[2].dialogOptions[1].steps[0].dialogLine.yuriDialogText	Don't say that!▸▸▸▸▸▸▸▸▸▸ I think you're very pretty!▸▸▸▸▸▸▸▸▸▸ Me on the other hand...
resources.assets	8312	MonoBehaviour	steps[2].dialogOptions[2].dialogOptionText	Hey, we can't all be blessed with incredible beauty, right?
resources.assets	8312	MonoBehaviour	steps[2].dialogOptions[2].steps[0].dialogLine.dialogText	I suppose you're right.▸▸▸▸▸▸▸▸▸▸ There's still a lot I would fix about me if I could though...
resources.assets	8312	MonoBehaviour	steps[3].dialogLine.dialogText	My boobs are small,▸▸▸▸▸▸▸▸▸▸ I have no butt,▸▸▸▸▸▸▸▸▸▸ my eyes look weird...▸▸▸▸▸▸▸▸▸▸▸▸▸▸▸ and don't even get me started on my ugly nose...
resources.assets	8312	MonoBehaviour	steps[4].dialogLine.dialogText	[hhhhhh]▸▸▸▸▸▸▸▸▸▸I don't know...▸▸▸▸▸▸▸▸▸▸ I suppose I should feel lucky just to have what I have...
resources.assets	8313	MonoBehaviour	steps[0].dialogLine.dialogText	Is it okay▸▸▸▸▸ if I ask you something▸▸ kind of...▸▸▸▸▸▸▸▸▸▸ embarrassing?
resources.assets	8313	MonoBehaviour	steps[1].dialogLine.dialogText	Do you know how to use...▸▸▸▸▸ ummm,▸▸▸▸▸ a...▸▸ a vibrator?
resources.assets	8313	MonoBehaviour	steps[2].dialogLine.dialogText	A friend bought one for me,▸▸▸▸▸ but,▸▸▸▸▸▸▸▸▸▸ I've never used anything like THAT before...
resources.assets	8313	MonoBehaviour	steps[3].dialogOptions[0].dialogOptionText	I would be MORE than happy to show you how, up close...
resources.assets	8313	MonoBehaviour	steps[3].dialogOptions[0].steps[0].dialogLine.dialogText	[hahahahahaha]▸▸▸▸▸[hhhh]▸▸▸▸▸▸▸▸▸▸I'm not sure if that that would be very appropriate...
resources.assets	8313	MonoBehaviour	steps[3].dialogOptions[1].dialogOptionText	Sorry, but I don't really use toys. I prefer the real thing.
resources.assets	8313	MonoBehaviour	steps[3].dialogOptions[1].steps[0].dialogLine.dialogText	Oh,▸▸▸▸▸ that's okay,▸▸▸▸▸ heh...▸▸▸▸▸▸▸▸▸▸ I'll probably just get rid of it anyway.
resources.assets	8313	MonoBehaviour	steps[3].dialogOptions[2].dialogOptionText	It's pretty easy actually. You just kinda jam it in there.
resources.assets	8313	MonoBehaviour	steps[3].dialogOptions[2].steps[0].dialogLine.dialogText	J-▸▸▸▸▸jam it in there!?▸▸▸▸▸▸▸▸▸▸ Oh gosh...▸▸▸▸▸▸▸▸▸▸ are you sure?▸▸▸▸▸▸▸▸▸▸ That sounds painful...
resources.assets	8313	MonoBehaviour	steps[4].dialogLine.dialogText	I don't know...▸▸▸▸▸▸▸▸▸▸▸▸▸▸▸ just talking about it makes me embarrassed!▸▸▸▸▸▸▸▸▸▸▸▸▸▸▸ I don't think sex toys are for me...
resources.assets	8314	MonoBehaviour	steps[0].dialogLine.dialogText	How come people say I ain't smart?▸▸[hh]▸▸ I'm smart!▸▸▸▸▸[hh] I got my GED and everything.▸▸▸▸▸ Go ahead,[hh]▸ ask▸▸ me▸▸ anything!
resources.assets	8314	MonoBehaviour	steps[1].dialogOptions[0].dialogOptionText	What's two plus two?
resources.assets	8314	MonoBehaviour	steps[1].dialogOptions[0].steps[0].dialogLine.dialogText	Twenty-▸▸two!▸▸▸▸▸▸▸▸▸▸ The trick to that one▸▸[hh] is to remember how much a lap dance cost on Thursday night!
resources.assets	8314	MonoBehaviour	steps[1].dialogOptions[1].dialogOptionText	What's heavier, a ton of feathers or a ton of bricks?
resources.assets	8314	MonoBehaviour	steps[1].dialogOptions[1].steps[0].dialogLine.dialogText	That's▸▸▸ ea▸▸▸sy!▸▸▸▸▸ The bricks,▸▸▸▸▸ duh!▸▸▸▸▸[hh]▸▸▸▸▸ Bricks are way heavier than feathers, sil[h]ly!
resources.assets	8314	MonoBehaviour	steps[1].dialogOptions[2].dialogOptionText	What's the formula for finding the area of a hexagon?
resources.assets	8314	MonoBehaviour	steps[1].dialogOptions[2].steps[0].dialogLine.dialogText	Uhhhh...▸▸[hh]▸▸▸▸▸ trick question![hh]▸▸▸▸▸ There ain't no such thing as hexa-ma-gon!
resources.assets	8314	MonoBehaviour	steps[2].dialogLine.dialogText	See!?▸▸[hh]▸▸▸ I am TOO smart!▸▸[hh]▸▸ I'm VERY smart!
resources.assets	8315	MonoBehaviour	steps[0].dialogLine.dialogText	Last night[hh] this man at work said I remind him of a blow up doll,[hh] with nothin' in my head...[h]
resources.assets	8315	MonoBehaviour	steps[1].dialogLine.dialogText	I didn't think that was a very nice thing to say to me!▸▸▸▸▸▸▸ Can you believe that?
resources.assets	8315	MonoBehaviour	steps[2].dialogOptions[0].dialogOptionText	That's a horrible thing to say. Just awful!
resources.assets	8315	MonoBehaviour	steps[2].dialogOptions[0].steps[0].dialogLine.dialogText	It just ain't right!▸▸[hh]▸▸ You're supposta be nice to a lady...
resources.assets	8315	MonoBehaviour	steps[2].dialogOptions[1].dialogOptionText	You know who you remind ME of? Albert Einstein!
resources.assets	8315	MonoBehaviour	steps[2].dialogOptions[1].steps[0].dialogLine.dialogText	Oh!▸▸▸▸▸[hh]▸▸▸▸▸ Who's that?▸▸▸[hh]▸▸ Is that a girl?▸▸▸▸▸ I hope she's pretty!
resources.assets	8315	MonoBehaviour	steps[2].dialogOptions[2].dialogOptionText	Well... I mean... if the shoe fits...
resources.assets	8315	MonoBehaviour	steps[2].dialogOptions[2].steps[0].dialogLine.dialogText	[heh]Huh?▸▸▸▸▸[hh] What's my shoes got to do with it?▸▸▸▸▸ You think he woulda been nice if I wore a different pair?
resources.assets	8315	MonoBehaviour	steps[3].dialogLine.dialogText	I don't like it none too much when people are mean like that.▸▸▸▸▸▸▸▸▸▸ There just ain't no reason for it!
resources.assets	8316	MonoBehaviour	steps[0].dialogLine.dialogText	[UU]Uhh[hh]hh...▸▸▸▸▸▸▸▸▸▸▸▸▸▸▸ what were we talkin' about?
resources.assets	8316	MonoBehaviour	steps[1].dialogOptions[0].dialogOptionText	We weren't talking about anything...
resources.assets	8316	MonoBehaviour	steps[1].dialogOptions[0].steps[0].dialogLine.dialogText	Oh,[ho] wait!▸▸▸[hh]▸▸ I remember now![hh] It's...▸▸▸▸▸ uhh[hh]hh...▸▸
resources.assets	8316	MonoBehaviour	steps[1].dialogOptions[1].dialogOptionText	How to solve the global climate crisis.
resources.assets	8316	MonoBehaviour	steps[1].dialogOptions[1].steps[0].dialogLine.dialogText	Huh?[hh]▸▸▸▸▸[hh] I don't know nothin' about no climate...[hh]▸▸ alls I know about is...▸▸▸▸▸ uhh[hh]hh...
resources.assets	8316	MonoBehaviour	steps[1].dialogOptions[2].dialogOptionText	I think you were about to show me your boobs.
resources.assets	8316	MonoBehaviour	steps[1].dialogOptions[2].steps[0].dialogLine.dialogText	Oh![h]▸▸ Ok▸▸ay,▸▸▸▸▸ sure!▸▸▸▸▸[hh]▸▸ But,▸▸▸ you gotta pay for that, sil[h]ly.▸▸▸▸▸▸▸▸▸▸ How aboooout...▸▸▸▸▸ uhh[hh]hh...▸▸
resources.assets	8316	MonoBehaviour	steps[2].dialogLine.dialogText	Oh▸▸▸▸▸ shoot...[t]▸▸▸▸▸▸▸▸▸▸ I forgot what we were talkin' about again...[h]
resources.assets	8317	MonoBehaviour	steps[0].dialogLine.dialogText	Look,▸▸▸▸▸ I-I know we been hangin' out▸▸ and shit...▸▸▸▸▸ I just-▸▸▸▸▸▸▸▸▸▸ don't try to be gettin' like,▸▸ attached▸▸ or nothin'...
resources.assets	8317	MonoBehaviour	steps[1].dialogLine.dialogText	I'm just sayin',▸▸ like,▸▸▸ this shit is strictly casual,▸▸▸▸▸ okay?
resources.assets	8317	MonoBehaviour	steps[2].dialogOptions[0].dialogOptionText	Works for me!
resources.assets	8317	MonoBehaviour	steps[2].dialogOptions[0].steps[0].dialogLine.dialogText	Cool, cool...▸▸▸▸▸ I'm glad we have an understanding about that.
resources.assets	8317	MonoBehaviour	steps[2].dialogOptions[1].dialogOptionText	Aww, but, I kinda like you...
resources.assets	8317	MonoBehaviour	steps[2].dialogOptions[1].steps[0].dialogLine.dialogText	Naahhhh,▸▸ you need to just forget about that shit now.▸▸▸▸▸ It ain't happenin'.
resources.assets	8317	MonoBehaviour	steps[2].dialogOptions[2].dialogOptionText	What compelled you to say that?
resources.assets	8317	MonoBehaviour	steps[2].dialogOptions[2].steps[0].dialogLine.dialogText	'Cause some dudes be tryna get all serious about shit,▸▸ that's why.
resources.assets	8317	MonoBehaviour	steps[2].dialogOptions[2].steps[0].dialogLine.yuriDialogText	'Cause some chicks be tryna get all serious about shit,▸▸ that's why.
resources.assets	8317	MonoBehaviour	steps[3].dialogLine.dialogText	I been fucked over too many times,▸▸▸▸▸▸▸▸ so I know the deal.▸▸▸▸▸▸▸▸▸▸ It's better to just keep your distance from people...
resources.assets	8318	MonoBehaviour	steps[0].dialogLine.dialogText	Aye,▸▸▸▸▸ don't take this in a bad way or nothing, but,▸▸▸▸▸ you seem kinda like...▸▸▸▸▸ normal,▸▸▸▸▸ ya know?
resources.assets	8318	MonoBehaviour	steps[1].dialogLine.dialogText	It makes me kinda wonder, like,▸▸▸▸▸▸▸▸ how you grew up.▸▸▸▸▸▸▸▸▸▸▸▸▸ Your parents must still be together,▸▸ yeah?
resources.assets	8318	MonoBehaviour	steps[2].dialogOptions[0].dialogOptionText	Yeah, my parents are still quite happily married.
resources.assets	8318	MonoBehaviour	steps[2].dialogOptions[0].steps[0].dialogLine.dialogText	For real?▸▸▸▸▸ Shit,▸▸ that's so cool.▸▸▸▸▸ I wish I could say the same, but...▸▸ nah.
resources.assets	8318	MonoBehaviour	steps[2].dialogOptions[1].dialogOptionText	They're together, but who knows for how much longer.
resources.assets	8318	MonoBehaviour	steps[2].dialogOptions[1].steps[0].dialogLine.dialogText	Hey,▸▸▸▸▸▸▸▸ at least they're tryna work it out.▸▸▸▸▸▸▸▸▸▸ That's a lot more than I can say for my parents.
resources.assets	8318	MonoBehaviour	steps[2].dialogOptions[2].dialogOptionText	Actually, no. They got divorced when I was younger.
resources.assets	8318	MonoBehaviour	steps[2].dialogOptions[2].steps[0].dialogLine.dialogText	Ahh,▸▸▸▸▸ shit...▸▸▸▸▸▸▸ sorry to bring it up...▸▸▸▸▸▸▸ but aye,▸▸▸▸▸▸▸ at least you still got a dad.
resources.assets	8318	MonoBehaviour	steps[3].dialogLine.dialogText	My dad left when I was young,▸▸▸▸▸ and we ain't seen him since.▸▸▸▸▸▸▸▸▸▸ It was just me, my mom and my brothers.
resources.assets	8318	MonoBehaviour	steps[4].dialogLine.dialogText	It wasn't easy,▸▸▸▸▸ money was tight..▸▸▸▸▸ but we learned to do whatever we had to do▸▸▸ to get by.
resources.assets	8319	MonoBehaviour	steps[0].dialogLine.dialogText	Aye▸▸ listen,▸▸▸▸▸ we're cool and everything,▸▸ but,▸▸▸▸▸ I just gotta warn you fair and square...
resources.assets	8319	MonoBehaviour	steps[1].dialogLine.dialogText	Don't ever try to do nothin' to fuck me over, o▸▸kay?▸▸▸▸▸ That would not be a good idea.
resources.assets	8319	MonoBehaviour	steps[2].dialogLine.dialogText	When I was locked up,▸▸ there was this bitch who couldn't keep her mouth shut...▸▸▸▸▸ so you know what I did?
resources.assets	8319	MonoBehaviour	steps[3].dialogLine.dialogText	When I got out,▸▸▸▸▸ I found out where the bitch lived,▸▸▸▸▸ I trashed her place and I fucked her boyfriend.
resources.assets	8319	MonoBehaviour	steps[3].dialogLine.yuriDialogText	When I got out,▸▸▸▸▸ I found out where the bitch lived,▸▸▸▸▸ I trashed her place and I fucked her girlfriend.
resources.assets	8319	MonoBehaviour	steps[4].dialogOptions[0].dialogOptionText	Wow... a bit overkill, don't you think?
resources.assets	8319	MonoBehaviour	steps[4].dialogOptions[0].steps[0].dialogLine.dialogText	Pssh,▸▸ whatever...▸▸▸▸▸ that fuckin' bitch had it coming.
resources.assets	8319	MonoBehaviour	steps[4].dialogOptions[1].dialogOptionText	Good, it sounds like she deserved it.
resources.assets	8319	MonoBehaviour	steps[4].dialogOptions[1].steps[0].dialogLine.dialogText	That bitch is lucky I stopped there.▸▸▸▸▸ She got off easy.
resources.assets	8319	MonoBehaviour	steps[4].dialogOptions[2].dialogOptionText	Note to self... never piss off Nora.
resources.assets	8319	MonoBehaviour	steps[4].dialogOptions[2].steps[0].dialogLine.dialogText	You're god damn right never piss off Nora...
resources.assets	8319	MonoBehaviour	steps[5].dialogLine.dialogText	Aye,▸▸▸▸▸▸▸▸▸▸ if someone fucks with me,▸▸▸▸▸ I'm gonna fuck them twice as hard back.▸▸▸▸▸ I don't take no shit from nobody.
resources.assets	8320	MonoBehaviour	steps[0].dialogLine.dialogText	Ughh,▸▸▸▸▸ there goes my phone again.▸▸▸▸▸▸▸▸▸▸ My husband's been trying to call me nonstop.▸▸▸▸▸▸▸▸▸▸ That▸▸▸ man...▸▸[hh]
resources.assets	8320	MonoBehaviour	steps[1].dialogLine.dialogText	I specifically told him I needed some time AWAY from him and the kids!
resources.assets	8320	MonoBehaviour	steps[2].dialogOptions[0].dialogOptionText	Why don't you just answer the phone?
resources.assets	8320	MonoBehaviour	steps[2].dialogOptions[0].steps[0].dialogLine.dialogText	He'll be fine without me for a while.▸▸▸▸▸ He sees quite▸▸▸ enough of me at home.
resources.assets	8320	MonoBehaviour	steps[2].dialogOptions[1].dialogOptionText	Why exactly are you still with him?
resources.assets	8320	MonoBehaviour	steps[2].dialogOptions[1].steps[0].dialogLine.dialogText	Well,▸▸ he's a good father to my kids...▸▸▸▸▸▸▸▸▸▸▸▸ and the nine figure bank account doesn't hurt!
resources.assets	8320	MonoBehaviour	steps[2].dialogOptions[2].dialogOptionText	Have you considered filing for a divorce?
resources.assets	8320	MonoBehaviour	steps[2].dialogOptions[2].steps[0].dialogLine.dialogText	...and lose access to the joint bank account?▸▸▸▸▸▸▸▸▸▸ I've worked FAR too hard for that.
resources.assets	8320	MonoBehaviour	steps[3].dialogLine.dialogText	Don't get me wrong,▸▸▸▸▸▸▸ my▸▸ husband's a good man...▸▸▸▸▸▸▸ he's just▸▸▸▸▸ SOOO▸▸▸▸▸ bo[o]r▸▸▸ing!
resources.assets	8320	MonoBehaviour	steps[4].dialogLine.dialogText	I can't say his money doesn't allow me to have my fun though!
resources.assets	8321	MonoBehaviour	steps[0].dialogLine.dialogText	I▸▸ feel like I can talk to you about this,▸▸▸▸▸▸▸▸▸▸ seeing as we're both in one...
resources.assets	8321	MonoBehaviour	steps[1].dialogLine.dialogText	Do you know▸▸ WHY▸▸▸▸▸ I prefer to have sugar relationships?
resources.assets	8321	MonoBehaviour	steps[2].dialogOptions[0].dialogOptionText	I don't know, why?
resources.assets	8321	MonoBehaviour	steps[2].dialogOptions[0].steps[0].dialogLine.dialogText	It's because they're so easy and straight forward!
resources.assets	8321	MonoBehaviour	steps[2].dialogOptions[1].dialogOptionText	Because you can get people way younger than you?
resources.assets	8321	MonoBehaviour	steps[2].dialogOptions[1].steps[0].dialogLine.dialogText	Yes,▸▸▸▸▸ that's certainly a nice plus...▸▸▸▸▸▸▸▸▸▸ but it's hardly the main reason.
resources.assets	8321	MonoBehaviour	steps[2].dialogOptions[2].dialogOptionText	Because you're guaranteed to get laid?
resources.assets	8321	MonoBehaviour	steps[2].dialogOptions[2].steps[0].dialogLine.dialogText	[heh]Well,▸▸▸▸▸ there's that part of it...▸▸▸▸▸▸▸▸▸▸ but there's another reason...
resources.assets	8321	MonoBehaviour	steps[3].dialogLine.dialogText	It's the simple transactional nature of it that attracts me.▸▸▸▸▸▸▸▸▸▸ I pay,▸▸ and I get what I want!
resources.assets	8321	MonoBehaviour	steps[4].dialogLine.dialogText	You don't have to worry about getting tied up in any of that...▸▸▸▸▸ em▸▸otional▸▸▸▸▸ non▸▸▸sense.[s]
resources.assets	8322	MonoBehaviour	steps[0].dialogLine.dialogText	Can you believe my good for nothing husband bought me a USED convertible for our last anniversary?
resources.assets	8322	MonoBehaviour	steps[1].dialogLine.dialogText	Honestly...▸▸▸▸▸▸▸▸ US▸▸ED!▸[h]▸▸▸▸▸▸▸▸▸ The audacity of that man sometimes, I swear...
resources.assets	8322	MonoBehaviour	steps[2].dialogOptions[0].dialogOptionText	Most people would be lucky to get any car at all.
resources.assets	8322	MonoBehaviour	steps[2].dialogOptions[0].steps[0].dialogLine.dialogText	Well, that's just it...▸▸▸▸▸ I'm not most people.
resources.assets	8322	MonoBehaviour	steps[2].dialogOptions[1].dialogOptionText	I'll take it if you don't want it...
resources.assets	8322	MonoBehaviour	steps[2].dialogOptions[1].steps[0].dialogLine.dialogText	Oh▸▸ pl▸▸ease,▸▸▸▸▸ I had thing dreadful thing destroyed and made him buy me a new one.
resources.assets	8322	MonoBehaviour	steps[2].dialogOptions[2].dialogOptionText	A USED convertible!? Outrageous! Scandalous!
resources.assets	8322	MonoBehaviour	steps[2].dialogOptions[2].steps[0].dialogLine.dialogText	Sometimes I wonder if that man cares about me at all...
resources.assets	8322	MonoBehaviour	steps[3].dialogLine.dialogText	I don't mean to sound ungrateful, but really...▸▸▸▸▸ we've been married for four years!
resources.assets	8322	MonoBehaviour	steps[4].dialogLine.dialogText	You think he'd be able to shop for his own wife by now!▸▸▸▸▸▸▸ He knows full well that my tastes are...▸▸▸▸▸▸▸▸▸▸▸▸ sop▸▸his▸▸tica▸▸ted.[hh]
resources.assets	8323	MonoBehaviour	steps[0].dialogLine.dialogText	Man...▸▸▸▸▸▸▸▸ you know what's crazy?▸▸▸▸▸ Believe it or not,▸▸▸▸▸ I actually almost got married once.
resources.assets	8323	MonoBehaviour	steps[1].dialogLine.dialogText	I was super young and naive and I thought I was in love.▸▸▸▸▸ [cheh]▸▸▸▸▸Can you imagine?
resources.assets	8323	MonoBehaviour	steps[2].dialogOptions[0].dialogOptionText	What made you change your mind?
resources.assets	8323	MonoBehaviour	steps[2].dialogOptions[0].steps[0].dialogLine.dialogText	'Cause fuck that shit!▸▸[ha][ha][ha][ha]▸▸[hhhh]
resources.assets	8323	MonoBehaviour	steps[2].dialogOptions[1].dialogOptionText	You!? Married? I can't even picture it.
resources.assets	8323	MonoBehaviour	steps[2].dialogOptions[1].steps[0].dialogLine.dialogText	I know, right?▸▸▸▸▸ I used to be a GOOD little girl too!▸▸▸▸▸ Glad I grew out of THAT!
resources.assets	8323	MonoBehaviour	steps[2].dialogOptions[2].dialogOptionText	Oh... so I guess I should return this ring then?
resources.assets	8323	MonoBehaviour	steps[2].dialogOptions[2].steps[0].dialogLine.dialogText	Pfft!▸▸[hhhh]▸▸ Yeah,▸▸▸▸▸ okay!▸▸▸▸▸ Like you're getting married anytime soon either...
resources.assets	8323	MonoBehaviour	steps[3].dialogLine.dialogText	I probably wouldn't have started my band...▸▸▸▸▸▸▸▸▸▸ and▸▸▸▸▸▸▸▸▸▸▸▸▸▸▸ I definitely wouldn't have discovered my modeling career...
resources.assets	8323	MonoBehaviour	steps[4].dialogLine.dialogText	Nah,▸▸▸▸▸▸▸▸▸▸ it's the single life for me!▸▸▸▸▸ You can't lock THIS bitch down!
resources.assets	8324	MonoBehaviour	steps[0].dialogLine.dialogText	You should consider yourself lucky you know.▸▸▸▸▸ Normally I get bored of people pretty quick.
resources.assets	8324	MonoBehaviour	steps[1].dialogLine.dialogText	I'm actually kinda surprised you managed to keep my interest for this long...
resources.assets	8324	MonoBehaviour	steps[2].dialogOptions[0].dialogOptionText	What can I say? I'm guess I'm just special.
resources.assets	8324	MonoBehaviour	steps[2].dialogOptions[0].steps[0].dialogLine.dialogText	Pfft!▸▸▸▸▸ Yeah,▸▸▸▸▸ you're▸▸▸▸▸ SPECIAL▸▸▸ alright...
resources.assets	8324	MonoBehaviour	steps[2].dialogOptions[1].dialogOptionText	Maybe YOU'RE the lucky one. You ever think of that?
resources.assets	8324	MonoBehaviour	steps[2].dialogOptions[1].steps[0].dialogLine.dialogText	Mmmmm...▸▸▸▸▸▸▸▸▸▸▸▸▸ nah!▸▸▸▸▸▸▸▸▸▸ You're definitely the lucky one!
resources.assets	8324	MonoBehaviour	steps[2].dialogOptions[2].dialogOptionText	Feel free to move on whenever you want...
resources.assets	8324	MonoBehaviour	steps[2].dialogOptions[2].steps[0].dialogLine.dialogText	Is that some kind of reverse psychology trick?▸▸▸▸▸▸▸ Yeah,▸▸▸▸▸ nice try.▸▸▸▸▸
resources.assets	8324	MonoBehaviour	steps[3].dialogLine.dialogText	Just make sure you keep things interesting, okay?▸▸▸▸▸▸▸▸▸▸ Otherwise,▸▸▸▸▸ I might have to go find somebody who can...
resources.assets	8324	MonoBehaviour	steps[4].dialogLine.dialogText	...and where would you be without ME?▸▸▸▸▸▸▸▸▸▸ Aside from swingin' from the ceiling fan, that is!▸▸▸▸▸[hahahaha]▸▸[hhhh]
resources.assets	8325	MonoBehaviour	steps[0].dialogLine.dialogText	You know what I just reali-[aaaammmm▸▸▸▸▸aa▸▸▸▸▸aaaaaachoooo]▸▸▸▸▸▸▸▸▸▸▸▸▸▸▸ Ughh,▸▸▸▸▸▸▸▸▸▸ fuck▸▸▸ me...
resources.assets	8325	MonoBehaviour	steps[1].dialogOptions[0].dialogOptionText	Do you need a tissue?
resources.assets	8325	MonoBehaviour	steps[1].dialogOptions[0].steps[0].dialogLine.dialogText	Nah,▸▸▸▸▸ I'm good,▸▸▸▸▸ I'm good.
resources.assets	8325	MonoBehaviour	steps[1].dialogOptions[1].dialogOptionText	Are you getting sick?
resources.assets	8325	MonoBehaviour	steps[1].dialogOptions[1].steps[0].dialogLine.dialogText	No,▸▸▸▸▸ no,▸▸▸▸▸ it's not that.
resources.assets	8325	MonoBehaviour	steps[1].dialogOptions[2].dialogOptionText	Bless you!
resources.assets	8325	MonoBehaviour	steps[1].dialogOptions[2].steps[0].dialogLine.dialogText	Ughh,▸▸▸▸▸▸▸▸▸▸ thanks.
resources.assets	8325	MonoBehaviour	steps[2].dialogLine.dialogText	It's these fucking allergies man.▸▸▸▸▸▸▸▸ It's gotta be all the flowers and shit on the island...
resources.assets	8325	MonoBehaviour	steps[3].dialogLine.dialogText	I was fine at first,▸▸▸▸▸ but,▸▸▸▸▸ now they're really acting up.▸▸▸▸▸▸▸▸▸▸ I should be alright▸▸▸▸▸ if I stay away from certain things...
resources.assets	8326	MonoBehaviour	steps[0].dialogLine.dialogText	Ummm...▸▸[hh]▸▸▸▸▸▸▸▸ I know this is a little out of the blue,▸▸▸▸▸ but...
resources.assets	8326	MonoBehaviour	steps[1].dialogLine.dialogText	I just want to say thank you for spending time with me,▸▸ and,▸▸▸▸▸ taking me out,▸▸▸▸▸ and,▸▸ being so nice to me.
resources.assets	8326	MonoBehaviour	steps[2].dialogLine.dialogText	I'm not used to getting this kind of attention...[hh]▸▸▸▸▸ it's really more than I deserve!
resources.assets	8326	MonoBehaviour	steps[3].dialogOptions[0].dialogOptionText	More than you deserve? Why would you say that?
resources.assets	8326	MonoBehaviour	steps[3].dialogOptions[0].steps[0].dialogLine.dialogText	I don't know, I suppose it's all just so...[hh]▸▸▸▸▸ new.▸▸▸▸▸[hh]▸▸▸▸▸ I was never treated this way back home...
resources.assets	8326	MonoBehaviour	steps[3].dialogOptions[1].dialogOptionText	It's not hard to do when the person is as cute as you are.
resources.assets	8326	MonoBehaviour	steps[3].dialogOptions[1].steps[0].dialogLine.dialogText	[hahahaha]▸▸[hhhh]▸▸See!▸▸▸▸▸ You're doing it again!
resources.assets	8326	MonoBehaviour	steps[3].dialogOptions[2].dialogOptionText	It's about time somebody recognizes everything I do!
resources.assets	8326	MonoBehaviour	steps[3].dialogOptions[2].steps[0].dialogLine.dialogText	[hahahaha]▸▸▸▸▸[hhhh]▸▸▸...AND for making me laugh,▸▸▸▸▸ too!
resources.assets	8326	MonoBehaviour	steps[4].dialogLine.dialogText	Please don't misunderstand![hh]▸▸▸▸▸ I REALLY appreciate everything!▸▸▸▸▸ It just...▸▸▸▸▸▸▸▸▸▸ it feels like I'm being selfish.
resources.assets	8326	MonoBehaviour	steps[5].dialogLine.dialogText	[hhaahhaa]▸▸[hh]I don't want to hog you all to myself!▸▸▸▸[hh]▸▸▸▸ Don't forget to pay attention to others too,▸▸▸▸▸ okay?
resources.assets	8327	MonoBehaviour	steps[0].dialogLine.dialogText	Can...▸▸[hh]▸▸▸▸▸▸▸ can I ask you about something sort of...▸▸▸▸▸ private?▸▸▸▸▸▸▸▸▸▸▸▸▸ It's rather embarrassing,▸▸▸▸▸ but...
resources.assets	8327	MonoBehaviour	steps[1].dialogLine.dialogText	Do you have▸▸ any...▸▸▸▸▸ techniques...▸▸ for▸▸▸▸▸ l-▸▸lasting longer?▸▸▸▸▸▸▸▸▸▸ You know...▸▸ i▸▸▸▸▸-in bed?
resources.assets	8327	MonoBehaviour	steps[2].dialogOptions[0].dialogOptionText	You have to do kegels. It's all about the kegels.
resources.assets	8327	MonoBehaviour	steps[2].dialogOptions[0].steps[0].dialogLine.dialogText	I've tried those before!▸▸▸▸[hh]▸▸▸▸ Unfortunately they don't▸▸ really seem to help in my case...
resources.assets	8327	MonoBehaviour	steps[2].dialogOptions[1].dialogOptionText	Just think about your parents getting it on.
resources.assets	8327	MonoBehaviour	steps[2].dialogOptions[1].steps[0].dialogLine.dialogText	Gahh!▸▸▸▸▸▸▸▸▸▸ No...[hh]▸▸▸▸▸▸▸ I heard them once when I was young.▸▸▸▸▸▸▸▸▸▸ I don't want to revisit that memory.
resources.assets	8327	MonoBehaviour	steps[2].dialogOptions[2].dialogOptionText	I wish! If I knew any, I'd be using them.
resources.assets	8327	MonoBehaviour	steps[2].dialogOptions[2].steps[0].dialogLine.dialogText	Ahhh,▸▸▸▸▸ I see...▸▸▸▸▸ well,▸▸▸▸▸ thanks anyway...
resources.assets	8327	MonoBehaviour	steps[3].dialogLine.dialogText	[hhhhhh]▸▸▸▸▸▸▸Perhaps there's something wrong with me...▸▸▸▸▸ sometimes I feel like I have no control over myself!
resources.assets	8327	MonoBehaviour	steps[4].dialogLine.dialogText	All it takes is one▸▸▸▸▸ big,▸▸▸▸▸ uhh,▸▸▸▸▸▸▸▸ [h]m-▸▸move,▸▸▸▸▸▸▸▸ let's say,▸▸▸▸▸▸▸ and it all just...▸▸▸▸▸ c-▸▸comes out!
resources.assets	8328	MonoBehaviour	steps[0].dialogLine.dialogText	It's really very nice of you to come in me!▸▸▸▸▸ Uhh-▸▸▸▸▸ N-▸▸no! SEE me!▸▸[heh]▸▸▸ Come SEE me!▸▸▸[heh]▸▸▸▸▸▸▸ Oh my...[heh]▸▸▸▸▸ sorry!
resources.assets	8328	MonoBehaviour	steps[1].dialogLine.dialogText	I don't know why that always happens...▸▸▸▸▸▸▸▸▸▸ it's like I can't ever stop thinking about...▸▸▸▸▸▸▸▸▸▸ well,▸▸▸▸▸ you know...
resources.assets	8328	MonoBehaviour	steps[2].dialogOptions[0].dialogOptionText	Yeah, I sorta have that problem too.
resources.assets	8328	MonoBehaviour	steps[2].dialogOptions[0].steps[0].dialogLine.dialogText	[hahahaha]▸▸[hhhh]▸▸I'm glad I'm not alone!▸▸▸▸▸▸▸▸▸▸ I don't think anybody is as bad as I am though...
resources.assets	8328	MonoBehaviour	steps[2].dialogOptions[1].dialogOptionText	That's not such a bad obsession to have...
resources.assets	8328	MonoBehaviour	steps[2].dialogOptions[1].steps[0].dialogLine.dialogText	[hahahaha]▸▸▸▸▸[hhhh]▸▸▸▸▸I suppose that's true.▸▸▸▸▸▸▸▸▸▸ It often interferes with my day though...
resources.assets	8328	MonoBehaviour	steps[2].dialogOptions[2].dialogOptionText	So... you're the perfect woman?
resources.assets	8328	MonoBehaviour	steps[2].dialogOptions[2].steps[0].dialogLine.dialogText	[hahahaha]▸▸▸▸[hhhh]▸▸No,▸▸▸▸▸ no...▸▸▸▸▸ I'd become a nuisance after a while,▸▸▸▸▸ don't you think?
resources.assets	8328	MonoBehaviour	steps[3].dialogLine.dialogText	I can barely go five minutes without...[hh]▸▸▸▸▸ having...▸▸▸▸▸ d-▸▸dirty thoughts...▸▸▸▸▸ unnnghh...[hh]▸▸▸▸▸ there it goes again...[hh]
resources.assets	8328	MonoBehaviour	steps[4].dialogLine.dialogText	Mmmmnnhh...▸▸▸▸▸ you don't think...▸▸▸▸▸ you don't think I'm addicted to...▸▸▸▸▸▸▸▸▸▸ s-▸▸sex,▸▸▸▸▸ do you?
resources.assets	8329	MonoBehaviour	steps[0].dialogLine.dialogText	Soo[oo]oo...▸▸▸▸▸▸▸▸▸▸▸▸▸ sorry to ask,▸▸▸▸▸ but I have to know!▸▸▸▸▸[hh]▸▸▸▸▸ Who's the prettiest girl you've met on this island?
resources.assets	8329	MonoBehaviour	steps[1].dialogOptions[0].dialogOptionText	This EXTRA cute and SUPER popular girl named Polly!
resources.assets	8329	MonoBehaviour	steps[1].dialogOptions[0].steps[0].dialogLine.dialogText	[aaaahh]▸▸▸▸▸Real▸▸▸ly?▸▸▸▸▸▸▸ You think?[hh]▸▸▸▸▸▸▸ Oh, you're gonna make my face turn red saying things like that!
resources.assets	8329	MonoBehaviour	steps[1].dialogOptions[1].dialogOptionText	Hmmm... I'm not sure... there's some tight competition...
resources.assets	8329	MonoBehaviour	steps[1].dialogOptions[1].steps[0].dialogLine.dialogText	Oo[oo]oo!▸▸▸▸▸▸▸▸ What's a girl gotta go to win THAT competition, hmm?▸▸▸▸▸▸▸▸ I like a good challenge!▸▸▸▸▸▸▸▸▸▸▸▸▸
resources.assets	8329	MonoBehaviour	steps[1].dialogOptions[2].dialogOptionText	I can't choose. ALL women are beautiful in my eyes!
resources.assets	8329	MonoBehaviour	steps[1].dialogOptions[2].steps[0].dialogLine.dialogText	Well,▸ ye[e]ah...[hh]▸▸▸▸▸ but you must have a favorite, right?▸▸▸▸▸[t]▸▸▸▸▸ Maybe a certain▸▸▸▸▸ TeleYouber girl?
resources.assets	8329	MonoBehaviour	steps[2].dialogLine.dialogText	Oh▸▸▸ lord,▸▸▸ I'm incorrig▸▸▸ible!▸▸▸▸▸[hh] You'll have to forgive me.▸▸▸▸▸ I shouldn't even ask questions like that.
resources.assets	8329	MonoBehaviour	steps[3].dialogLine.dialogText	I guess I can MAYBE get a TEENSY bit jealous of pretty girls sometimes...[s]
resources.assets	8330	MonoBehaviour	steps[0].dialogLine.dialogText	Ughh!▸▸▸[hh] She did NOT just do that![hh]▸▸ I cannot▸▸ BELIEVE this![hh]▸▸▸▸▸ That... that... FLOO▸▸ZY!
resources.assets	8330	MonoBehaviour	steps[1].dialogOptions[0].dialogOptionText	Floozy? You talking about Ashley?
resources.assets	8330	MonoBehaviour	steps[1].dialogOptions[0].steps[0].dialogLine.dialogText	No,▸▸ I'd never say that about Ashley!▸▸[hh]▸▸ I adore Ash▸▸ley!
resources.assets	8330	MonoBehaviour	steps[1].dialogOptions[1].dialogOptionText	What's wrong?
resources.assets	8330	MonoBehaviour	steps[1].dialogOptions[1].steps[0].dialogLine.dialogText	Hmm?▸▸▸ Oh,▸▸ sorry...▸▸▸▸▸ it's...▸▸▸▸▸ it's just TeleYou drama...
resources.assets	8330	MonoBehaviour	steps[1].dialogOptions[2].dialogOptionText	You don't happen to have this floozy's number, do you?
resources.assets	8330	MonoBehaviour	steps[1].dialogOptions[2].steps[0].dialogLine.dialogText	Oh,▸▸ I've got her number alright!
resources.assets	8330	MonoBehaviour	steps[2].dialogLine.dialogText	There's▸▸ this▸▸ other beauty Tele▸▸Youber...▸▸▸▸▸▸▸▸▸▸ Cla▸▸ris▸▸sa.▸▸▸▸▸▸▸▸▸▸ She's kinda my main competitor.
resources.assets	8330	MonoBehaviour	steps[3].dialogLine.dialogText	I just checked her latest video▸▸ and she stole,▸▸▸ not only my idea,▸▸▸▸▸ but my format▸▸▸▸▸ AND▸▸▸▸▸ my▸▸ intro!
resources.assets	8330	MonoBehaviour	steps[4].dialogLine.dialogText	If that's how she wants to play,▸▸▸▸▸ fine!▸▸▸▸▸▸▸▸▸▸ It just so happens,▸▸▸▸▸ I might have some dirt on her...
resources.assets	8330	MonoBehaviour	steps[5].dialogLine.dialogText	Maybe it's time I make a little video▸▸[hh]▸▸ letting her fans know what she's up to behind the scenes...[s]
resources.assets	8331	MonoBehaviour	steps[0].dialogLine.dialogText	[aaah]▸▸Yes, yes, yes!▸▸ YEEESS![s]▸▸▸▸▸▸▸ Oh,▸▸▸▸▸ sorry!▸▸▸▸▸[haha]▸▸[hh]
resources.assets	8331	MonoBehaviour	steps[1].dialogLine.dialogText	I just found out▸▸ my deal with Devyne Cosmetics is official![hh]▸▸▸▸▸ Ughh[h],▸▸▸ fin▸▸al▸▸ly!▸▸▸[hh]▸▸▸ We've been in negotiations for months!
resources.assets	8331	MonoBehaviour	steps[2].dialogOptions[0].dialogOptionText	Wow, that's amazing! Congratulations!
resources.assets	8331	MonoBehaviour	steps[2].dialogOptions[0].steps[0].dialogLine.dialogText	Thank▸▸ you!▸▸▸ Thank you!▸▸▸[hh]▸▸▸ Oh, this is a DREAM come true for me.
resources.assets	8331	MonoBehaviour	steps[2].dialogOptions[1].dialogOptionText	What does that mean?
resources.assets	8331	MonoBehaviour	steps[2].dialogOptions[1].steps[0].dialogLine.dialogText	It means▸▸ I'm the happiest girl in the world is what it means![s]
resources.assets	8331	MonoBehaviour	steps[2].dialogOptions[2].dialogOptionText	I take it that's a good thing?
resources.assets	8331	MonoBehaviour	steps[2].dialogOptions[2].steps[0].dialogLine.dialogText	A▸▸ good▸▸ thing!?▸▸[hh]▸▸ It's a life-changin' opportunity!
resources.assets	8331	MonoBehaviour	steps[3].dialogLine.dialogText	I'm gonna have my very own pal▸▸ette!▸▸[hh]▸▸▸ Pol▸▸ly's▸▸▸▸▸ Pal▸▸ette!▸▸▸▸▸ Oh,▸▸▸▸▸ it's▸▸ gonna have my face on it and everything!
resources.assets	8331	MonoBehaviour	steps[4].dialogLine.dialogText	Oooohh,▸▸ I'm SO excited!▸▸▸[hhh]▸▸▸▸▸ Oh, Devyne is my favorite brand.▸▸▸▸▸▸▸▸ I've been a customer for over ten▸▸ years▸▸ now!
resources.assets	8331	MonoBehaviour	steps[5].dialogLine.dialogText	What can I say?▸▸▸▸▸▸▸[hh]▸▸▸▸▸ When I like a particular brand, I STICK▸▸▸ with it.▸▸▸▸▸ Substitutions▸▸ just won't do!
resources.assets	8334	MonoBehaviour	steps[5].dialogLine.dialogText	[AAAA]Arrrgghh!▸▸▸▸▸▸▸▸▸▸ Who▸▸▸▸▸ DARES▸▸▸ to summon the Nymphojinn from our celestial slumber!?
resources.assets	8334	MonoBehaviour	steps[6].dialogLine.dialogText	Hmmm...▸▸▸▸▸▸▸▸▸▸▸▸▸▸▸ it would appear to be a mortal, Moxie.▸▸▸▸▸ A human male, in fact...
resources.assets	8334	MonoBehaviour	steps[6].dialogLine.yuriDialogText	Hmmm...▸▸▸▸▸▸▸▸▸▸▸▸▸▸▸ it would appear to be a mortal, Moxie.▸▸▸▸▸ A human female, in fact...
resources.assets	8334	MonoBehaviour	steps[7].dialogLine.dialogText	A HUMAN!?▸▸▸▸▸▸▸▸ What business does a human have disturbing us on the eve of our awakening!?
resources.assets	8334	MonoBehaviour	steps[8].dialogLine.dialogText	I believe▸▸▸ he's summoned us here in an attempt▸▸ to...▸▸▸▸▸ date us...▸▸▸▸▸
resources.assets	8334	MonoBehaviour	steps[8].dialogLine.yuriDialogText	I▸▸▸▸▸ believe▸▸▸▸▸ she's summoned us here in an attempt▸▸ to...▸▸▸▸▸ date us...▸▸▸▸▸
resources.assets	8334	MonoBehaviour	steps[9].dialogLine.dialogText	[hahahahahahahahahahahahahahahahaha]▸▸▸▸▸You honestly believe▸▸ that YOU▸▸▸▸▸ have what it takes to date US!?
resources.assets	8334	MonoBehaviour	steps[10].dialogLine.dialogText	No mortal is worthy of pussy THIS good!▸▸▸▸▸ You couldn't even CONCEIVE of the pleasure!
resources.assets	8334	MonoBehaviour	steps[15].dialogLine.dialogText	Aghh!▸▸▸▸▸▸▸▸▸▸ I can't get anywhere near these hoes!▸▸▸▸▸ Their bitch wall is too strong!
resources.assets	8334	MonoBehaviour	steps[16].dialogLine.dialogText	Silence,▸ fairy!
resources.assets	8334	MonoBehaviour	steps[17].dialogLine.dialogText	Fuck you, hooker!
resources.assets	8334	MonoBehaviour	steps[18].dialogLine.dialogText	Your insolence will not go unpunished, love fairy...▸▸▸▸▸ now, be gone with you!
resources.assets	8334	MonoBehaviour	steps[19].dialogLine.dialogText	Sorry▸▸▸▸▸ man!▸▸▸▸▸▸▸▸▸▸▸▸▸▸▸ You're on your own from here!
resources.assets	8334	MonoBehaviour	steps[19].dialogLine.yuriDialogText	Sorry▸▸ girlfriend!▸▸▸▸▸▸▸▸▸▸ You're on your own from here!
resources.assets	8334	MonoBehaviour	steps[20].dialogLine.dialogText	Listen!▸▸▸▸▸▸▸▸▸▸ I know I give you a lot of shit...▸▸▸▸▸ but,▸▸▸▸▸ the truth is...
resources.assets	8334	MonoBehaviour	steps[21].dialogLine.dialogText	I believe in you!▸▸▸▸▸ I know you can do this!▸▸▸▸▸ I've seen what you can do with my own two thighs!
resources.assets	8334	MonoBehaviour	steps[22].dialogLine.dialogText	Think of all the pussy you've crushed to get here!▸▸[hh]▸▸▸▸▸ Do it for them!▸▸[hh]▸▸▸▸▸ Do▸ it▸ for▸ the▸ pu[u]ss▸y[yy]!
resources.assets	8334	MonoBehaviour	steps[25].dialogLine.dialogText	So... this is Sky Garden's chosen hero... the savior sent by the love goddess herself...
resources.assets	8334	MonoBehaviour	steps[26].dialogLine.dialogText	*evil laugh* Nearly ten thousand years... and THIS is the best Venus can do!?
resources.assets	8334	MonoBehaviour	steps[27].dialogLine.dialogText	Do you▸▸▸ have ANY▸▸▸▸▸ idea who you're attempting to woo!? You've NEVER▸▸ faced lust▸▸ like this before!▸▸▸
resources.assets	8334	MonoBehaviour	steps[28].dialogLine.dialogText	My pussy BURNS with a raging desire for a REAL man! Not this... beta male!
resources.assets	8334	MonoBehaviour	steps[28].dialogLine.yuriDialogText	My pussy BURNS with a raging desire for a REAL woman! Not this... beta female!
resources.assets	8334	MonoBehaviour	steps[29].dialogLine.dialogText	We shall make quick work of dismissing▸▸▸▸▸ this impotent fool... and plunge this world into darkness!
resources.assets	8334	MonoBehaviour	steps[30].dialogLine.dialogText	Jewn,▸▸▸▸▸ let's show this PATHETIC▸▸ human male what TRUE rejection feels like!▸▸▸▸▸
resources.assets	8334	MonoBehaviour	steps[30].dialogLine.yuriDialogText	Jewn,▸▸▸▸▸ let's show this PATHETIC▸▸ human female what TRUE rejection feels like!▸▸▸▸▸
resources.assets	8334	MonoBehaviour	steps[31].dialogLine.dialogText	Yes...▸▸▸▸▸ you want us!?▸▸ You like what you see!?▸▸[hahahahahahahahahaha]▸▸▸▸▸ Well,▸▸▸▸▸ let's see how you like▸▸▸▸▸ THIS!▸▸▸▸▸
resources.assets	8334	MonoBehaviour	steps[33].dialogLine.dialogText	MIND CONTROL!!
resources.assets	8334	MonoBehaviour	steps[34].dialogLine.dialogText	MIND CONTROL!!
resources.assets	8334	MonoBehaviour	steps[42].dialogLine.dialogText	Hahahahahahahahahahahahahahaha!
resources.assets	8334	MonoBehaviour	steps[43].dialogLine.dialogText	Hahahahahahahahahahahahahahaha!
resources.assets	8335	MonoBehaviour	steps[13].dialogLine.dialogText	Hahahahahahahahahahahahahahaha!
resources.assets	8335	MonoBehaviour	steps[14].dialogLine.dialogText	Hahahahahahahahahahahahahahaha!
resources.assets	8338	MonoBehaviour	steps[1].dialogLine.dialogText	NOOOO[OOOO]!▸▸▸▸▸▸▸▸▸▸ This can't be happening![hh] My panties...▸▸▸▸▸ they're soaked!
resources.assets	8338	MonoBehaviour	steps[2].dialogLine.dialogText	He'll never make us orgasm!▸▸▸▸▸ It's...▸▸▸▸▸ not possible!
resources.assets	8338	MonoBehaviour	steps[2].dialogLine.yuriDialogText	She'll never make us orgasm!▸▸▸▸▸ It's...▸▸▸▸▸ not possible!
resources.assets	8342	MonoBehaviour	steps[9].branches[0].conditions[2].stringValue	sex_lesson_taught
resources.assets	8345	MonoBehaviour	steps[8].branches[0].conditions[0].stringValue	date_lesson_taught
resources.assets	8347	MonoBehaviour	steps[1].branches[0].conditions[0].stringValue	skip_tutorial
resources.assets	8347	MonoBehaviour	steps[1].branches[1].conditions[0].stringValue	skip_tutorial
resources.assets	8348	MonoBehaviour	steps[0].dialogLine.dialogText	You know, Abia...▸▸▸▸▸▸▸▸ I don't think we ever QUITE finished that strip search...
resources.assets	8348	MonoBehaviour	steps[1].dialogLine.dialogText	Huh?▸▸▸▸▸ W-▸▸▸▸▸wha...▸▸▸▸▸ w-▸▸▸▸▸what do you mean?
resources.assets	8348	MonoBehaviour	steps[2].dialogLine.dialogText	Mmmm...▸▸▸▸▸ I can think of a couple...▸▸▸▸▸ sensitive areas you haven't investigated yet.
resources.assets	8348	MonoBehaviour	steps[3].dialogLine.dialogText	Unnnghh...[hhhh]
resources.assets	8349	MonoBehaviour	steps[0].dialogLine.dialogText	Aye...▸▸▸▸▸ soooo,▸▸▸▸▸▸▸▸ uhh, I guess I sorta like,▸▸ got a confession to make.▸▸▸▸▸ I▸▸ uhh...▸▸▸▸▸▸▸▸▸▸▸▸ I did take your jewelry.
resources.assets	8349	MonoBehaviour	steps[1].dialogLine.dialogText	I'm sorry,▸▸ okay?▸▸▸▸▸ I know it's fucked up I just...▸▸▸▸▸▸▸▸ cash is tight,▸▸ ya know?
resources.assets	8349	MonoBehaviour	steps[2].dialogLine.dialogText	My cousin,▸▸▸▸▸▸▸▸▸▸▸▸▸ she don't really make enough to support her kid▸▸▸▸▸ and like,▸▸▸▸▸ she ain't got nobody else to help her...
resources.assets	8349	MonoBehaviour	steps[3].dialogLine.dialogText	Hmmmm...▸▸▸▸▸ you know what?▸▸▸▸▸ Keep it.
resources.assets	8349	MonoBehaviour	steps[4].dialogLine.dialogText	What?▸▸▸▸▸▸▸▸▸▸ No[o],▸▸▸▸▸ no[o],▸▸▸ it ain't right.▸▸ Here, you gotta take it back, please.
resources.assets	8349	MonoBehaviour	steps[5].dialogLine.dialogText	Really,▸▸▸ it's fine.▸▸▸▸▸▸▸▸▸▸ I've got plenty of jewelry.▸▸▸▸▸▸▸▸▸▸ It seems like you need it more than I do.
resources.assets	8349	MonoBehaviour	steps[6].dialogLine.dialogText	Yo[oo],▸▸▸▸▸▸▸▸▸▸ I don't know what to say...
resources.assets	8349	MonoBehaviour	steps[7].dialogLine.dialogText	Don't worry about it!▸▸▸▸▸▸▸▸▸▸ Besides...▸▸▸▸▸ I think there might be another way you can pay me back...
resources.assets	8350	MonoBehaviour	steps[0].dialogLine.dialogText	No▸▸ra!▸▸▸▸▸[hh]▸▸▸▸▸ Ya think maybe I could get a little hit for free?[hh]▸▸▸▸▸▸▸▸▸▸ Pretty please?[s]
resources.assets	8350	MonoBehaviour	steps[1].dialogLine.dialogText	Candace,▸▸▸▸▸▸▸▸▸▸ you ever think about maybe cutting back a little?▸▸▸▸▸ You go pretty hard...
resources.assets	8350	MonoBehaviour	steps[2].dialogLine.dialogText	But,▸▸[hh]▸▸▸ it makes me feel all good inside![hh]
resources.assets	8350	MonoBehaviour	steps[3].dialogLine.dialogText	Yeah,▸▸ but...▸▸▸▸▸▸▸▸▸▸ there's like other ways to feel good,▸▸ ya know?
resources.assets	8350	MonoBehaviour	steps[4].dialogLine.dialogText	There is!?▸▸[hh]▸▸▸▸▸▸▸▸ What's that?[hh]
resources.assets	8350	MonoBehaviour	steps[5].dialogLine.dialogText	I don't know...▸▸▸▸▸▸▸▸▸▸ maybe we could like,▸▸ figure something out...
resources.assets	8351	MonoBehaviour	steps[0].dialogLine.dialogText	That▸▸ was▸▸ so▸▸ much▸▸ fun![h]▸▸▸▸▸▸▸▸▸▸ What do you think?▸▸▸▸▸ Do we have enough usable footage?
resources.assets	8351	MonoBehaviour	steps[1].dialogLine.dialogText	Oh yeah,▸▸▸▸▸▸▸▸ without a doubt!▸▸▸▸▸▸▸▸▸▸▸▸ I'll send the footage over to your editor by the end of the week.
resources.assets	8351	MonoBehaviour	steps[2].dialogLine.dialogText	Per▸▸▸fect![h]▸▸▸▸▸[hhh]▸▸▸▸ I'll let you know when we schedule the video to go live.
resources.assets	8351	MonoBehaviour	steps[3].dialogLine.dialogText	Sounds good to me!
resources.assets	8351	MonoBehaviour	steps[4].dialogLine.dialogText	...and▸▸▸▸▸ uhhh,▸▸▸▸▸▸▸▸▸▸ hey,▸▸▸▸[hh]▸▸▸▸▸▸ if you're interested,▸▸▸▸▸ maybe there's something else we can collaborate on too...
resources.assets	8351	MonoBehaviour	steps[5].dialogLine.dialogText	Re[e]al▸ly▸▸ no[o]w[w]?▸▸▸▸▸▸▸▸▸▸▸▸▸▸▸▸▸▸▸▸▸▸▸▸▸ What ever do you have in mind?[h]
resources.assets	8352	MonoBehaviour	steps[0].dialogLine.dialogText	A[A]sh,▸▸▸▸▸ we're not like...▸▸ blood relatives,▸▸ right?▸▸[h]
resources.assets	8352	MonoBehaviour	steps[1].dialogLine.dialogText	Nah,▸▸▸▸▸▸▸▸▸▸ we're related by marriage.▸▸▸▸▸▸▸▸▸▸ I thought you already knew that...
resources.assets	8352	MonoBehaviour	steps[2].dialogLine.dialogText	Oh, yeah, I know, I'm just...▸▸▸▸▸[hh]▸▸▸▸▸▸▸ double checking...[h]
resources.assets	8353	MonoBehaviour	steps[0].dialogLine.dialogText	Lil[h]lian...▸▸▸▸▸ do you find me attractive?
resources.assets	8353	MonoBehaviour	steps[1].dialogLine.dialogText	Umm...▸▸▸ I mean,▸▸▸▸▸▸▸▸▸▸ yeah?▸▸▸ Like...▸▸ I'd fuck you.[h]
resources.assets	8353	MonoBehaviour	steps[2].dialogLine.dialogText	Thank you.▸▸▸▸▸▸▸▸▸▸ That is all I needed to know...
resources.assets	8354	MonoBehaviour	steps[0].dialogLine.dialogText	Hey,▸▸▸▸▸ ummmm,▸▸▸ Lai▸▸lani!▸▸▸▸▸ Can you show me your sushi?▸▸ Pleeeease?[hh]
resources.assets	8354	MonoBehaviour	steps[1].dialogLine.dialogText	What!?▸▸▸▸▸ Here?▸▸▸▸▸ Uhhh...▸▸▸▸▸▸▸▸▸▸ well...▸▸▸▸▸▸▸▸▸▸ I guess-▸▸▸▸▸▸▸▸▸▸ n-▸▸▸▸▸no,▸▸▸▸▸ I can't!▸▸▸▸▸ What if we get caught?
resources.assets	8354	MonoBehaviour	steps[2].dialogLine.dialogText	Awwwwww![hh]▸▸▸▸▸
resources.assets	8354	MonoBehaviour	steps[3].dialogLine.dialogText	[hhhh]▸▸▸▸▸Ok▸▸ay...▸▸▸▸▸▸▸▸▸▸ I'll show you, real quick...▸▸▸▸▸ as long as nobody else is looking.▸▸▸▸▸▸▸▸▸▸ [hhhh]▸▸▸▸▸▸▸▸▸▸This is so embarrassing...▸▸▸▸▸
resources.assets	8354	MonoBehaviour	steps[4].dialogLine.dialogText	[aaa]▸[hh]▸▸▸Su▸▸goooiiii!▸▸[hh]▸▸▸ I've always wanted to see a REAL Japanese person make sushi!
resources.assets	8354	MonoBehaviour	steps[5].dialogLine.dialogText	W-▸▸what?▸▸▸▸▸ Oh!▸▸[haha]▸▸▸▸▸ You mean ACTUAL sushi!▸▸[haha]
resources.assets	8354	MonoBehaviour	steps[6].dialogLine.dialogText	Yup yup!▸▸▸▸▸ Mmmhmm!▸▸▸▸▸[haha]▸[hh]▸▸▸▸▸ Uhhhh...▸▸▸▸▸ what did you think I meant?
resources.assets	8354	MonoBehaviour	steps[7].dialogLine.dialogText	[hhhh]▸▸▸▸▸N-▸▸▸▸▸nothing!▸▸[hahahaha]▸▸[hhhh]
resources.assets	8355	MonoBehaviour	steps[0].dialogLine.dialogText	Thank you both very much for such a wonderful time!▸▸▸▸▸▸▸▸▸▸▸▸▸▸▸ Is there anything I can get either of you?
resources.assets	8355	MonoBehaviour	steps[1].dialogLine.dialogText	Is this girl not the cutest thing you've ever seen?▸▸▸▸▸ Honey,▸▸▸▸▸ you're off the clock... relax!▸▸▸▸▸
resources.assets	8355	MonoBehaviour	steps[2].dialogLine.dialogText	[hhaahhaa]▸▸▸▸▸[hhhh]▸▸▸▸▸I just want to ensure that our guests are completely satisfied with their stay.
resources.assets	8355	MonoBehaviour	steps[3].dialogLine.dialogText	Satisfied,▸▸ huh?▸▸▸▸▸▸▸▸▸▸▸▸▸▸▸▸▸▸ In that case...▸▸▸▸▸▸▸▸▸▸ I'm sure we can think of something for you to do...
resources.assets	8356	MonoBehaviour	steps[0].dialogLine.dialogText	I have to admit Jessie,▸▸▸▸▸▸▸ you've...▸▸▸▸▸▸▸ piqued my interest...[t]
resources.assets	8356	MonoBehaviour	steps[1].dialogLine.dialogText	Oh?▸▸▸▸▸▸▸▸▸▸▸▸ Why do you say that?
resources.assets	8356	MonoBehaviour	steps[2].dialogLine.dialogText	I'm not usually interested in women my age,▸▸▸▸▸▸▸▸▸▸▸▸▸▸ buuuuutt...▸▸▸▸▸▸▸▸▸▸▸▸▸ I might have to make an exception...
resources.assets	8356	MonoBehaviour	steps[3].dialogLine.dialogText	Hey,▸▸▸▸▸▸▸▸▸▸ as long as you're willing to throw some of that sugar baby money my way,▸▸▸▸▸▸▸▸▸▸ I'm sure we can work something out...
resources.assets	8356	MonoBehaviour	steps[4].dialogLine.dialogText	Honestly,▸▸▸[hh]▸▸ I could use the work!▸▸▸▸▸[hahaha]
resources.assets	8357	MonoBehaviour	steps[0].dialogLine.dialogText	Oh▸▸ my▸▸ god,▸▸ Lola,▸▸▸▸▸▸▸▸▸▸ you know what this reminds me of?
resources.assets	8357	MonoBehaviour	steps[1].dialogLine.dialogText	Do you remember that one time we got drunk and made out with each other for like, thirty minutes?
resources.assets	8357	MonoBehaviour	steps[2].dialogLine.dialogText	▸▸▸One▸▸ time?▸▸▸▸▸▸▸▸▸▸ Jessie,▸▸▸▸▸ we've made out at least a half a dozen times...
resources.assets	8357	MonoBehaviour	steps[3].dialogLine.dialogText	Really?▸▸▸▸▸ How come I don't remember that?
resources.assets	8357	MonoBehaviour	steps[4].dialogLine.dialogText	You were usually wasted!▸▸ [hahaha]▸▸[aaaa]▸▸▸▸You start getting pretty handsy once you're drunk.
resources.assets	8357	MonoBehaviour	steps[5].dialogLine.dialogText	[hmhmhm]▸▸[hhhh]▸▸I can't help it!▸▸▸▸▸▸▸▸▸▸ You know alcohol makes me horny.▸▸▸▸▸▸▸ How come you didn't stop me?
resources.assets	8357	MonoBehaviour	steps[6].dialogLine.dialogText	Uhhhh...▸▸▸▸▸ well,▸▸▸▸▸ I don't know,▸▸▸▸▸ maybe...▸▸▸▸▸▸▸▸▸▸▸▸▸ maybe I didn't mind it so much...
resources.assets	8358	MonoBehaviour	steps[0].dialogLine.dialogText	We should get together and talk more about your fashion design ideas, Zoey.
resources.assets	8358	MonoBehaviour	steps[1].dialogLine.dialogText	I dress only in the way the makes me feel most...▸▸▸▸▸▸▸▸▸▸ self-aligned.
resources.assets	8358	MonoBehaviour	steps[2].dialogLine.dialogText	I recently started up a little fashion design business, you know.▸▸▸▸▸ I think we could work together!
resources.assets	8358	MonoBehaviour	steps[3].dialogLine.dialogText	I'm picturing a whole alternative lifestyle brand, inspired by your look!▸▸▸▸▸ What do you say?
resources.assets	8358	MonoBehaviour	steps[4].dialogLine.dialogText	I would like to develop our relationship further...▸▸▸▸▸ however,▸▸▸▸▸▸▸▸▸▸ I've little interest in monetary reward.
resources.assets	8358	MonoBehaviour	steps[5].dialogLine.dialogText	Not in it for the money, huh?▸▸▸▸▸▸▸ Well,▸▸▸ perhaps there's something... ▸▸▸▸▸else...▸▸▸▸▸ I can offer?
resources.assets	8359	MonoBehaviour	steps[0].dialogLine.dialogText	Misty!▸▸▸▸▸▸▸▸▸▸▸▸▸ I meant to ask you earlier...▸▸▸▸▸▸▸▸▸▸ what▸▸▸ brings you to Inna De Poona?
resources.assets	8359	MonoBehaviour	steps[1].dialogLine.dialogText	Were you invited to guest star at the strip club?▸▸▸▸▸ Or,▸▸▸▸▸ are you doing a tropical shoot?
resources.assets	8359	MonoBehaviour	steps[2].dialogLine.dialogText	Actually,▸▸▸▸▸ I'm just here on vacation.▸▸▸▸▸▸▸▸▸▸ I needed to...▸▸▸▸▸ get away from it all for a while.
resources.assets	8359	MonoBehaviour	steps[3].dialogLine.dialogText	Truth is...▸▸▸▸▸▸▸▸▸▸ they don't really call me anymore.▸▸▸▸▸[hhhh]▸▸▸▸▸▸▸▸▸▸▸▸▸▸▸ I guess that's▸▸▸▸▸ the industry though...
resources.assets	8359	MonoBehaviour	steps[4].dialogLine.dialogText	Once you hit a certain age,▸▸▸▸▸ nobody wants you anymore...
resources.assets	8359	MonoBehaviour	steps[5].dialogLine.dialogText	What!?▸▸▸▸▸▸▸▸▸▸ How can that▸▸ be?▸▸▸▸▸▸▸▸▸▸▸▸▸▸▸ Look at you![hh] You're stunning! You're beautiful! You're... PERFECT!
resources.assets	8359	MonoBehaviour	steps[6].dialogLine.dialogText	Awww,▸▸ thank you sweetie.▸▸▸▸▸▸▸▸ You know...▸▸▸▸▸ you're pretty cute yourself...▸▸[hhmmhhmmhhmm]
resources.assets	8360	MonoBehaviour	steps[0].dialogLine.dialogText	Okay, yeah, cool, whatever, but, it would have been MUCH better▸[hh]▸ if▸▸ I▸▸ had a▸▸ MOJITO▸▸▸ in▸▸ my▸▸ hand...
resources.assets	8360	MonoBehaviour	steps[1].dialogLine.dialogText	Mmmm...▸▸▸▸▸▸▸▸▸▸▸▸▸ I could get in SO much trouble...▸▸▸▸▸▸▸▸ but,▸▸▸▸▸▸▸▸▸▸▸▸▸ maybe I can forget about that ID you showed me...
resources.assets	8360	MonoBehaviour	steps[2].dialogLine.dialogText	Wait...▸▸▸▸▸▸▸▸ real▸ly?▸▸▸▸▸▸▸▸▸▸▸▸▸▸▸▸▸▸ Okay that's like...▸▸▸ fucking cool?▸▸[hh]▸▸▸▸▸ You're kinda like,▸ awesome.
resources.assets	8360	MonoBehaviour	steps[3].dialogLine.dialogText	[hahahaha]▸▸▸▸▸▸▸▸▸▸[hhhh]▸▸▸▸▸▸▸▸▸▸If you say you're old enough to drink...▸▸▸▸▸ well,▸▸▸▸▸ I guess I'll just have to believe you.
resources.assets	8360	MonoBehaviour	steps[4].dialogLine.dialogText	Yeah?▸▸ Well,▸▸ you kno[o]w...▸▸[hh]▸▸▸ that's not like,▸▸▸▸▸ the▸▸ ON▸▸LY thing I'm old enough to do...[hh]
resources.assets	8361	MonoBehaviour	steps[0].dialogLine.dialogText	If my parents knew I was on out a date like this...▸▸▸▸▸▸▸▸▸▸ well,▸▸▸▸▸ I'm just happy they don't!
resources.assets	8361	MonoBehaviour	steps[1].dialogLine.dialogText	Tch,▸▸[hh]▸▸▸▸▸ fuck▸▸▸▸▸ them!▸▸▸▸▸▸▸[hh]▸▸▸▸▸ We should do something that our parents▸▸▸▸▸ REAL▸LY▸▸ wouldn't like...[h]▸▸
resources.assets	8361	MonoBehaviour	steps[2].dialogLine.dialogText	Well,▸▸▸▸▸▸▸▸▸▸ as long as they never find out... o-▸▸okay!▸▸▸▸▸▸▸ What do you have in mind?
resources.assets	8361	MonoBehaviour	steps[3].dialogLine.dialogText	U[u]mmmm...▸▸▸▸▸ can you think of anything you wanna do that they'd like,▸▸[hh]▸▸▸▸▸ NE▸▸VER▸▸▸▸▸ let▸▸ you▸▸ do?▸▸▸
resources.assets	8361	MonoBehaviour	steps[4].dialogLine.dialogText	[mmmmmm]▸▸▸▸▸[hhhh]▸▸▸▸▸Sometimes,▸▸▸ that's ALL I can think about...
resources.assets	8362	MonoBehaviour	steps[0].dialogLine.dialogText	Suki,▸▸▸▸▸▸▸▸▸▸ this cyber detective show you've been referring to...▸▸▸▸▸ what is it about?
resources.assets	8362	MonoBehaviour	steps[1].dialogLine.dialogText	It's actually a hentai!▸▸▸▸▸▸▸▸ It's about an all girl detective agency set in the future!
resources.assets	8362	MonoBehaviour	steps[2].dialogLine.dialogText	Interesting...
resources.assets	8362	MonoBehaviour	steps[3].dialogLine.dialogText	Mmm▸▸▸hmm!▸▸▸▸▸▸▸▸▸▸ They get the bad guys to give them information by having sex with them!
resources.assets	8362	MonoBehaviour	steps[4].dialogLine.dialogText	I see...
resources.assets	8362	MonoBehaviour	steps[5].dialogLine.dialogText	Would you like to,▸▸ perhaps...▸▸▸▸▸▸▸▸▸▸ recreate one of those episodes with me?
resources.assets	8362	MonoBehaviour	steps[6].dialogLine.dialogText	[aaaa]▸[hh]▸▸Real[h]ly!?▸▸▸ Oh-▸▸Em-▸▸Gee![hh]▸▸▸▸▸ We'll be like▸▸ real life cyber detectives![s]
resources.assets	8363	MonoBehaviour	steps[0].dialogLine.dialogText	Polly,▸▸▸▸▸▸▸ your smile...▸▸▸▸▸ it's quite beautiful...▸▸▸▸▸ and yet...▸▸▸▸▸ it masks a dark truth...
resources.assets	8363	MonoBehaviour	steps[1].dialogLine.dialogText	W-▸▸▸what?[h]
resources.assets	8363	MonoBehaviour	steps[2].dialogLine.dialogText	I sense a lot of pain,▸▸▸▸▸ from your past...▸▸▸▸▸▸▸▸▸▸ pain that's with you still today,▸▸▸▸▸ is it not?
resources.assets	8363	MonoBehaviour	steps[3].dialogLine.dialogText	Y[y]-▸▸▸▸▸y[y]eah...[hh]▸▸▸▸▸▸▸▸▸▸▸▸▸ I don't...▸▸▸▸▸▸▸▸ how do you know about that?
resources.assets	8363	MonoBehaviour	steps[4].dialogLine.dialogText	I have certain...▸▸▸▸▸▸▸ intuitions,▸▸▸▸▸[s]▸▸▸▸▸ about people.
resources.assets	8363	MonoBehaviour	steps[5].dialogLine.dialogText	It...▸▸▸▸▸▸▸ wasn't always easy,▸▸ growin' up.▸▸▸▸▸▸▸▸▸▸ I got bullied a lot.▸▸▸▸▸ People just...▸▸▸▸▸ didn't▸▸ understand▸▸ me.
resources.assets	8363	MonoBehaviour	steps[6].dialogLine.dialogText	I'm very sorry you had to deal with that.▸▸▸▸▸ You have a▸▸ good heart...▸▸▸▸▸ and great nails.
resources.assets	8363	MonoBehaviour	steps[7].dialogLine.dialogText	[heh]▸▸[hh]▸▸▸Awww,▸▸ thanks Zoey,▸▸▸ that means a lot.▸▸▸▸▸▸▸▸ YOU have a good heart...▸▸▸▸▸▸▸▸ and you know what?▸▸ GREAT▸▸ makeup▸▸ too!
resources.assets	8364	MonoBehaviour	steps[0].dialogLine.dialogText	Suki,▸▸ right?▸▸▸▸▸ You seem kinda...▸▸▸ different to me.
resources.assets	8364	MonoBehaviour	steps[1].dialogLine.dialogText	Different?▸▸▸▸▸ How come?▸▸▸▸▸▸▸▸▸▸ Good different or bad different?▸▸▸▸▸ Ohh, it's not bad different,▸▸▸ is it!?
resources.assets	8364	MonoBehaviour	steps[2].dialogLine.dialogText	Nah...▸▸▸▸▸▸▸▸ like you ain't been corrupted by the world yet or somethin'.▸▸▸▸▸ Kinda like... uhhh,▸▸ innocent...
resources.assets	8364	MonoBehaviour	steps[3].dialogLine.dialogText	Co▸▸▸rrup▸▸▸ted!?[hh]▸▸▸▸▸▸ You mean like how Emperor Dondriff corrupted Lady Luffa in season three of Shampoo Samurai?[h]
resources.assets	8364	MonoBehaviour	steps[4].dialogLine.dialogText	[hhhh]▸[ha][ha][ha][ha][ha]▸▸Uhhhh,▸▸▸▸▸ yeah,▸▸▸▸▸ somethin' like that...
resources.assets	8365	MonoBehaviour	steps[0].dialogLine.dialogText	Mrs.▸▸ Bel▸▸rose!▸▸▸▸▸▸▸ Can I have my monthly allowance now?▸▸▸▸▸ Plee[ee]eease?▸▸[hh]
resources.assets	8365	MonoBehaviour	steps[1].dialogLine.dialogText	When I feel you've earned it, Sarah.
resources.assets	8365	MonoBehaviour	steps[2].dialogLine.dialogText	[A]Aww[w]ww![hh] But,▸▸ but,▸▸ I've been good![hh]▸▸▸▸▸ How do I earn it?[h]▸▸▸ Huh,▸▸ huh!?
resources.assets	8365	MonoBehaviour	steps[3].dialogLine.dialogText	Oh, don't worry.▸▸▸▸▸▸▸▸▸▸ I'll think of something...
resources.assets	8366	MonoBehaviour	steps[0].dialogLine.dialogText	Gosh...▸▸▸▸▸▸▸▸▸▸ I wish I had your confidence Candace.▸▸▸▸▸ The way you carry yourself is so...▸▸▸▸▸ natural!▸▸▸▸▸
resources.assets	8366	MonoBehaviour	steps[1].dialogLine.dialogText	You'll▸▸ get▸▸▸ it!▸▸▸▸▸▸▸▸▸▸ You just gotta learn to be comfortable in your own skin!▸▸
resources.assets	8366	MonoBehaviour	steps[2].dialogLine.dialogText	I don't know...▸▸▸▸▸▸▸▸▸▸ I'm so awkward.▸▸▸▸▸▸▸▸▸▸▸▸▸▸▸▸▸▸▸▸ Maybe I'm just not cut out for dancing...
resources.assets	8366	MonoBehaviour	steps[3].dialogLine.dialogText	Don't▸▸ say▸▸ that!▸▸▸▸▸▸▸▸▸▸ We just gotta get ya in tune with your body's natural rhythm!
resources.assets	8366	MonoBehaviour	steps[4].dialogLine.dialogText	I have no rhythm...
resources.assets	8366	MonoBehaviour	steps[5].dialogLine.dialogText	[haha]Well▸ sure▸ you▸ do!▸▸▸▸▸[hh]▸▸▸▸▸ Don't worry,▸▸▸ I'll show ya!▸▸▸▸▸ I got just▸▸ the trick!▸▸▸▸▸[hahahaha]
resources.assets	8367	MonoBehaviour	steps[0].dialogLine.dialogText	Hey!▸▸▸▸▸▸▸[hh]▸▸ Abia!▸▸▸▸▸▸▸[hh]▸▸ I got an idea!▸▸▸▸▸▸▸[hh]▸▸ You should come and work at the club with me!▸▸▸▸▸
resources.assets	8367	MonoBehaviour	steps[1].dialogLine.dialogText	W-▸▸▸▸▸what?▸▸▸▸▸ Me?▸▸▸▸▸ A▸▸▸▸▸ stripper?▸▸▸▸▸ Oh my...▸▸▸▸▸ n-▸▸▸▸▸no,▸▸▸▸▸ I can't...▸▸▸▸▸ I'd be too embarrassed!
resources.assets	8367	MonoBehaviour	steps[2].dialogLine.dialogText	You'd be real good at it![hh]▸▸ You got a real pretty face▸▸ and big ol' boobies,[s]▸▸▸▸▸ just like me!
resources.assets	8367	MonoBehaviour	steps[3].dialogLine.dialogText	N-▸▸no really, I... I couldn't!▸▸▸▸▸ All those people...▸▸ s-▸▸▸▸▸staring at my naked body like that...
resources.assets	8367	MonoBehaviour	steps[4].dialogLine.dialogText	Mmm▸▸hmm!▸▸▸▸▸▸▸▸▸▸[hh] And they throw money at you too!▸▸▸▸▸▸▸ Come▸ on!▸▸▸▸▸▸▸▸▸▸ It'd be fun!▸▸[hh]▸▸▸▸▸▸▸▸▸▸ We can even dance together!
resources.assets	8368	MonoBehaviour	steps[0].dialogLine.dialogText	Can I tell you a secret, Pol[h]ly?
resources.assets	8368	MonoBehaviour	steps[1].dialogLine.dialogText	You better!▸▸▸▸▸ Spill▸▸ the▸▸ tea▸▸ sister!
resources.assets	8368	MonoBehaviour	steps[2].dialogLine.dialogText	I had the most▸▸ BIGGESTEST crush on you when you used to babysit me!▸▸
resources.assets	8368	MonoBehaviour	steps[3].dialogLine.dialogText	You▸▸ did▸▸ NO[O]T[T]![hh]▸▸▸▸▸ Did you really!?
resources.assets	8368	MonoBehaviour	steps[4].dialogLine.dialogText	Mmm▸▸▸hmm!▸▸▸▸▸▸▸▸▸▸▸▸▸[hh] I used to wish you'd come into my room▸▸ and give me a big ol'▸▸ kiss▸▸ on the lips![ss]▸▸▸[hahahaha]▸▸▸▸▸[hhhh]
resources.assets	8368	MonoBehaviour	steps[5].dialogLine.dialogText	Ree[ee]eea▸lly?▸▸▸▸▸▸▸▸▸▸▸▸▸▸▸ We[ee]ll...▸▸▸[hh]▸▸▸ maybe if you behave yourself,▸▸▸ I'll just have to reward you...▸▸▸▸▸▸▸▸▸▸
resources.assets	8369	MonoBehaviour	steps[0].dialogLine.dialogText	By the way...▸▸▸▸▸ dope kicks,▸▸▸▸▸ Nora.▸▸▸▸▸▸▸▸▸▸▸▸▸▸▸ Those are the new editions,▸▸▸▸▸ right?
resources.assets	8369	MonoBehaviour	steps[1].dialogLine.dialogText	Ps[ss]sh!▸▸ I wish I had that kinda fuckin' money.▸▸▸▸▸ Nah,▸▸ these are knockoffs.
resources.assets	8369	MonoBehaviour	steps[2].dialogLine.dialogText	Oh yeah?▸▸▸▸▸▸▸▸▸▸ You want the real deal?▸▸▸▸▸ I can get you a pair.
resources.assets	8369	MonoBehaviour	steps[3].dialogLine.dialogText	Yo[o]...▸▸▸▸▸▸▸▸▸▸ shut the fuck up,▸▸▸▸▸ for real?▸▸▸▸▸▸▸▸▸▸▸▸ Don't be playin' with me like that...
resources.assets	8369	MonoBehaviour	steps[4].dialogLine.dialogText	Yeah,▸▸▸▸▸▸▸▸ I've done some modeling work for them,▸▸▸▸▸ so,▸▸▸▸▸▸▸▸▸▸ I know people over there.▸▸▸▸▸
resources.assets	8369	MonoBehaviour	steps[5].dialogLine.dialogText	No shit?▸▸▸▸▸ Da[aa]mn...▸▸▸▸▸ aye,▸▸▸▸▸ thank you.▸▸▸ I owe you one,▸▸▸▸▸ uhhhh[hh]...▸▸
resources.assets	8369	MonoBehaviour	steps[6].dialogLine.dialogText	Ashley!▸▸▸▸▸▸▸▸▸▸ And,▸▸▸▸▸▸▸▸ don't mention it!▸▸▸▸▸▸▸▸▸▸ What are friends for?▸▸▸▸▸ I scratch your cunt,▸▸▸▸▸ you scratch mine...
resources.assets	8370	MonoBehaviour	steps[0].dialogLine.dialogText	So Brooke,▸▸▸▸▸ I'm curious...▸▸▸▸▸▸▸▸▸▸ just what kind of work HAVE you had done?
resources.assets	8370	MonoBehaviour	steps[1].dialogLine.dialogText	You▸▸ name▸▸ it!▸▸▸▸▸ I've had a face lift, a tummy tuck, a boob job... the▸▸ list▸▸ goes▸▸ on!
resources.assets	8370	MonoBehaviour	steps[2].dialogLine.dialogText	Ever had anything done to the ol' curtains?
resources.assets	8370	MonoBehaviour	steps[3].dialogLine.dialogText	Of▸▸▸ course!▸▸[ss]▸▸▸▸▸▸▸▸ My surgeon calls it the virginity restoration procedure.
resources.assets	8370	MonoBehaviour	steps[4].dialogLine.dialogText	[hahahahahaha]▸▸[hhhh]▸▸For real?▸▸▸▸▸ Aww,▸▸▸▸▸ now this I gotta see!
resources.assets	8370	MonoBehaviour	steps[5].dialogLine.dialogText	I'm sure we can find some way to...▸▸▸▸▸▸▸ arrange▸▸ that...[tt]
resources.assets	8371	MonoBehaviour	steps[0].dialogLine.dialogText	Brooke,[hh]▸▸▸▸▸▸▸▸ you don't miss your hubby out here on the island all by yourself?
resources.assets	8371	MonoBehaviour	steps[1].dialogLine.dialogText	Hun,▸▸▸▸▸ the main reason I came out here was to get AWAY from my husband.
resources.assets	8371	MonoBehaviour	steps[2].dialogLine.dialogText	Besides,▸▸ I didn't come completely alone.▸▸▸▸▸▸▸ I brought my...▸▸▸▸▸▸▸▸ assistant,▸ with me.
resources.assets	8371	MonoBehaviour	steps[3].dialogLine.dialogText	Buuuutt,▸▸▸ if he's▸▸ back at ho[ooo]me,[hh]▸▸▸▸▸▸▸[hh]▸▸▸▸▸▸▸ what do you do if you get...▸▸▸▸▸ you know,▸▸▸▸▸▸▸ all▸ hot▸ and▸ bothered?
resources.assets	8371	MonoBehaviour	steps[4].dialogLine.dialogText	Mmmm,▸▸▸▸▸ wouldn't that be a predicament?▸▸▸▸▸ I'm sure we could...▸▸▸▸▸▸▸ figure▸▸ something out...[t]
resources.assets	8372	MonoBehaviour	steps[0].dialogLine.dialogText	I've been so busy working, I don't even know how long it's been since I've gotten any...
resources.assets	8372	MonoBehaviour	steps[1].dialogLine.dialogText	I'll make sure you can't fail this one.▸▸▸▸▸▸▸▸ Just...▸▸▸▸▸▸ try not to screw it up TOO bad,▸▸▸ ok▸▸ay?▸▸▸
resources.assets	8373	MonoBehaviour	steps[2].dialogLine.dialogText	Hmmmm...▸▸▸▸▸ I could swear there was a little coffee spot somewhere around here.
resources.assets	8373	MonoBehaviour	steps[3].dialogLine.dialogText	Wait...[hh]▸▸▸▸▸▸▸▸▸▸ shit, now that I think about it,▸▸▸▸▸ it might be on the other side of security.
resources.assets	8373	MonoBehaviour	steps[4].dialogLine.dialogText	I'll just slip through the staff entrance real quick...▸▸▸▸▸ in▸▸▸ and▸▸▸ out!▸▸▸▸▸▸▸▸▸▸
resources.assets	8373	MonoBehaviour	steps[8].dialogLine.dialogText	E[e]-▸▸▸▸▸▸▸excuse me, ma'am!▸▸▸▸▸▸▸▸▸▸▸▸▸▸▸ I'm very sorry,▸▸▸▸▸ but▸▸▸▸▸ I don't think you're allowed to go that way!
resources.assets	8373	MonoBehaviour	steps[9].stringValue	Abia has been added to the HunieBee!
resources.assets	8373	MonoBehaviour	steps[11].dialogLine.dialogText	Oh, no,▸▸▸▸▸ it's okay!▸▸▸▸▸ I work for Tropica Airlines.▸▸▸▸▸▸▸▸ I'm just gonna go grab a coffee.
resources.assets	8373	MonoBehaviour	steps[12].dialogLine.dialogText	W-[m]wooooww...[hh]▸▸▸▸▸ uhhhh...▸▸▸▸▸[hh] m-ma'am, uhh, you're gonna have to▸▸▸ s-show me what's in your bra...[hh]
resources.assets	8373	MonoBehaviour	steps[13].dialogLine.dialogText	Uhh-▸▸▸▸▸ Bags!▸▸▸▸▸ Uh,▸▸▸▸▸ I-I have to check your-your bags!▸▸[hh]▸▸ For security purposes only![hh]
resources.assets	8373	MonoBehaviour	steps[14].dialogLine.dialogText	My▸▸▸ bags?▸▸▸▸▸▸▸▸▸▸▸▸▸▸▸ What are you talking about?▸▸▸▸▸ I don't even have any bags...
resources.assets	8373	MonoBehaviour	steps[15].dialogLine.dialogText	I-▸▸▸▸▸ Uhhh,▸▸▸▸▸▸▸▸▸▸ I'm going to have to ask you to▸▸▸▸▸ c-come with me for a...▸▸▸▸▸ mmmnnh...▸▸▸▸▸ b-body inspection...
resources.assets	8373	MonoBehaviour	steps[16].dialogLine.dialogText	Are you kidding me?▸▸▸▸▸ This is absolutely ridiculous...
resources.assets	8373	MonoBehaviour	steps[17].dialogLine.dialogText	S-▸▸▸▸▸sorry, but,▸▸▸ it's... uhhh...[hh] p-policy!▸▸▸▸▸ Yes,▸▸▸▸▸ s-standard policy![hahahaha]▸▸[hh]
resources.assets	8373	MonoBehaviour	steps[18].dialogLine.dialogText	[aaaa]▸▸▸Alright,▸▸ fine,▸▸ whatever...▸▸▸▸▸▸▸ let's just get it over with I guess.
resources.assets	8373	MonoBehaviour	steps[21].dialogLine.dialogText	Ughh...▸▸▸ is this REALLY necessary?
resources.assets	8373	MonoBehaviour	steps[22].dialogLine.dialogText	Hey,▸▸▸▸▸ what are you-?▸▸▸▸▸ Where are you-?
resources.assets	8373	MonoBehaviour	steps[23].dialogLine.dialogText	Ohhhh...▸▸▸▸▸ oh my...
resources.assets	8373	MonoBehaviour	steps[27].dialogLine.dialogText	Well that was...▸▸▸▸▸▸▸ [ehem]▸[ehem]
resources.assets	8373	MonoBehaviour	steps[28].dialogLine.dialogText	Uhhh-▸▸▸▸▸huh...▸▸▸ yeah...▸▸▸▸▸ e-everything, uhhh...▸▸▸▸▸ e-everything checks out...[hh]
resources.assets	8373	MonoBehaviour	steps[29].dialogLine.dialogText	You're free to go on my face...▸▸▸▸▸ uh-▸▸▸▸▸ Way!▸▸▸▸▸ You're free to go on your way![hahahaha]▸▸[hhhh]
resources.assets	8373	MonoBehaviour	steps[34].dialogLine.dialogText	Duuuude...▸▸▸▸▸▸▸▸▸▸▸ you▸▸ can▸▸ DO▸▸ that?▸▸▸▸▸▸▸▸▸▸▸▸▸▸▸▸ Shiiiit,▸▸▸▸▸▸▸▸▸▸ I'm in the wrong line of work...
resources.assets	8373	MonoBehaviour	steps[35].dialogLine.dialogText	Is▸▸ this chick▸▸ gonna be▸▸ okay?▸▸▸▸▸▸▸▸▸▸▸▸▸ She looks like she's about to pop an ovary...
resources.assets	8373	MonoBehaviour	steps[36].dialogLine.dialogText	I▸▸ hate to say it,▸▸▸▸▸ but,▸▸▸▸▸ you might not want to turn her on any more than she already is.
resources.assets	8373	MonoBehaviour	steps[37].dialogLine.dialogText	As much as I'd like to see her make the floor all slippery,▸▸[hh] we need her to save that energy for dates.
resources.assets	8373	MonoBehaviour	steps[38].dialogLine.dialogText	Try to distract her by▸▸ talking▸▸▸ abo[ooo]ut...▸▸▸▸▸▸▸▸▸▸▸▸ I don't know...▸▸▸▸▸ what's a thing that isn't sex?
resources.assets	8373	MonoBehaviour	steps[39].dialogOptions[0].dialogOptionText	Soooo... beautiful weather out here, isn't it?
resources.assets	8373	MonoBehaviour	steps[39].dialogOptions[0].steps[0].dialogLine.dialogText	Yeeahhhh...▸▸▸▸▸ it's▸▸▸▸▸ really...▸▸▸ h-▸▸hot and▸▸▸ wet...[hh]
resources.assets	8373	MonoBehaviour	steps[39].dialogOptions[1].dialogOptionText	Uhhhh... you see any good TV shows lately?
resources.assets	8373	MonoBehaviour	steps[39].dialogOptions[1].steps[0].dialogLine.dialogText	Mmmhmm...▸▸[hh]▸▸▸▸▸ I like the ones that come on real late at night...
resources.assets	8373	MonoBehaviour	steps[39].dialogOptions[2].dialogOptionText	Can you... guess what number I'm thinking of?
resources.assets	8373	MonoBehaviour	steps[39].dialogOptions[2].steps[0].dialogLine.dialogText	S-▸▸▸▸▸▸▸sixty-nine?
resources.assets	8373	MonoBehaviour	steps[40].dialogLine.dialogText	Yeah,▸▸▸▸▸ never mind...▸▸▸▸▸ it's hopeless.
resources.assets	8373	MonoBehaviour	steps[41].dialogLine.dialogText	H-▸▸▸▸▸huh?▸▸▸▸▸▸▸▸▸▸▸▸ Oh, sorry!▸▸▸▸▸ Were you saying something?▸▸▸▸▸ I was a little...[hh] lost in thought...[hh]
resources.assets	8373	MonoBehaviour	steps[42].dialogOptions[0].dialogOptionText	I was just saying how I admire your dedication to security.
resources.assets	8373	MonoBehaviour	steps[42].dialogOptions[0].steps[0].dialogLine.dialogText	Yes!▸▸▸▸▸ This is a great job!▸▸▸▸▸▸▸▸▸▸ I'm still▸▸ getting▸▸ used to the rules though...[heh][heh]
resources.assets	8373	MonoBehaviour	steps[42].dialogOptions[0].steps[1].dialogLine.dialogText	I got in trouble yesterday for performing too many...▸▸▸▸▸ uhh,▸▸ searches...[hh]
resources.assets	8373	MonoBehaviour	steps[42].dialogOptions[1].dialogOptionText	How do you get a job here? I'm asking for a friend.
resources.assets	8373	MonoBehaviour	steps[42].dialogOptions[1].steps[0].dialogLine.dialogText	I'm not sure...▸▸▸▸▸▸▸▸▸▸ I asked if they knew of anyone hiring and they offered me this job!
resources.assets	8373	MonoBehaviour	steps[42].dialogOptions[2].dialogOptionText	Hmm, I don't remember seeing you here when I arrived before...
resources.assets	8373	MonoBehaviour	steps[42].dialogOptions[2].steps[0].dialogLine.dialogText	Oh?▸▸▸▸▸[hh]▸▸▸▸▸ I suppose that isn't terribly surprising.▸▸▸▸▸[hh]▸▸▸▸▸ I'm not scheduled for very many days yet...
resources.assets	8373	MonoBehaviour	steps[43].dialogLine.dialogText	I'm really still quite new here![hh]▸▸▸ It's only been a month since▸▸▸ I...▸▸▸▸▸ well,▸▸▸▸▸ since I left my home country.
resources.assets	8373	MonoBehaviour	steps[44].dialogOptions[0].dialogOptionText	Oh no, is there something terrible happening back home?
resources.assets	8373	MonoBehaviour	steps[44].dialogOptions[0].steps[0].dialogLine.dialogText	No,▸▸▸▸▸ it's nothing like that. It's just...▸▸ the people in my country, they're... very...▸▸▸▸▸ old fashioned.▸▸▸▸▸
resources.assets	8373	MonoBehaviour	steps[44].dialogOptions[1].dialogOptionText	What made you want to leave your home country?
resources.assets	8373	MonoBehaviour	steps[44].dialogOptions[1].steps[0].dialogLine.dialogText	I don't want to trouble you with a long story. I just...▸▸▸▸▸ I don't really...▸▸▸▸▸ fit▸▸ in,▸▸▸▸▸ there.▸▸
resources.assets	8373	MonoBehaviour	steps[44].dialogOptions[2].dialogOptionText	You speak with remarkable fluency for being so new.
resources.assets	8373	MonoBehaviour	steps[44].dialogOptions[2].steps[0].dialogLine.dialogText	Oh,▸▸▸▸▸ thank you!▸▸▸▸▸ It wasn't easy to learn,▸▸▸▸▸ with my family throwing books away and all...[hh]
resources.assets	8373	MonoBehaviour	steps[45].dialogLine.dialogText	But,▸▸▸▸▸ I suppose none of that matters anymore!▸▸▸▸▸ I live here now,▸▸▸▸▸ on this beautiful island!
resources.assets	8373	MonoBehaviour	steps[46].dialogLine.dialogText	Where there are LOTS of beautiful girls...▸▸▸▸▸ wearing▸▸▸▸▸ b-▸▸▸▸▸bikinis...▸▸▸▸▸ and uhh,▸▸▸▸▸ r-rubbing lotion on themselves...
resources.assets	8373	MonoBehaviour	steps[47].dialogLine.dialogText	God▸▸ damn▸ it.▸▸▸▸▸▸▸ Now I'm horny too.▸▸▸▸▸▸▸▸▸▸▸▸▸▸▸[aaahh]▸▸▸▸▸ I guess I'll go crank this one out...
resources.assets	8373	MonoBehaviour	steps[51].dialogLine.dialogText	Soooo,▸▸▸▸▸▸▸▸ officer...▸▸▸▸▸▸▸▸▸▸ since we've basically been to second base,▸▸▸▸▸▸▸▸ do I at least get to know your name?
resources.assets	8373	MonoBehaviour	steps[52].dialogLine.dialogText	Oh,▸▸▸▸▸ r-▸▸right, of course!▸▸ My name is Labia.▸▸▸ Uhh- I mean,▸▸ Abia!▸▸▸ Abia![hh]▸▸▸▸▸ S-▸▸[huh]▸▸sorry!
resources.assets	8374	MonoBehaviour	steps[2].dialogLine.dialogText	Hey,▸▸▸ umm,▸▸▸▸▸ excuse me!▸▸▸▸▸▸▸▸▸▸ Miss?▸▸▸▸▸▸▸▸▸▸ Sorry,▸▸▸ what's your name?
resources.assets	8374	MonoBehaviour	steps[5].dialogLine.dialogText	Who,▸▸▸▸▸▸▸ me[e]?▸▸▸▸▸▸▸▸▸▸▸▸▸▸▸▸▸▸ Uhhh,▸▸▸▸▸ No▸▸▸ra.▸▸▸▸▸▸▸▸▸▸▸▸▸ Can I help you with something?
resources.assets	8374	MonoBehaviour	steps[6].stringValue	Nora has been added to the HunieBee!
resources.assets	8374	MonoBehaviour	steps[7].dialogLine.dialogText	You cleaned my room earlier this morning,▸▸▸ right?
resources.assets	8374	MonoBehaviour	steps[8].dialogLine.dialogText	Uhhh,▸▸▸▸▸ maybe?▸▸▸▸▸▸▸▸ I don't know,▸▸▸▸▸ I cleaned a lotta rooms this morning.
resources.assets	8374	MonoBehaviour	steps[9].dialogLine.dialogText	Okay,▸▸▸▸▸ well,▸▸▸▸▸ some jewelry went missing from my room this morning...
resources.assets	8374	MonoBehaviour	steps[10].dialogLine.dialogText	You wouldn't happen to know anything about that,▸▸▸ would you?
resources.assets	8374	MonoBehaviour	steps[11].dialogLine.dialogText	Nope.▸▸▸▸▸ Sorry.
resources.assets	8374	MonoBehaviour	steps[12].dialogLine.dialogText	Oh...▸▸▸▸▸▸▸▸ alright...▸▸▸▸▸▸▸▸▸▸▸▸▸▸▸▸▸▸▸▸ it's just,▸▸▸▸▸ I could have sworn it was on the nightstand before you came in.
resources.assets	8374	MonoBehaviour	steps[13].dialogLine.dialogText	I don't know what to tell you,▸▸▸▸▸▸▸ but I didn't take your shit if that's what you're suggesting.
resources.assets	8374	MonoBehaviour	steps[14].dialogLine.dialogText	Who else could have taken it?▸▸▸▸▸ You were the only person in the room aside from me.
resources.assets	8374	MonoBehaviour	steps[15].dialogLine.dialogText	Look,▸▸▸▸▸▸▸▸▸▸ I'm sorry your shit went missing,▸▸▸▸ but I don't appreciate bein' accused of shit I didn't do!
resources.assets	8374	MonoBehaviour	steps[20].dialogLine.dialogText	Oh yeah,▸▸▸▸▸▸▸▸ she▸▸ definitely took it.▸▸▸▸▸ Yup,▸▸▸▸▸ that's one of the advantages of having fairy vision.
resources.assets	8374	MonoBehaviour	steps[21].dialogLine.dialogText	I can see people with transparent clothing whenever I want.▸▸▸▸▸▸▸▸ It's clearly in her left pocket.
resources.assets	8374	MonoBehaviour	steps[22].dialogLine.dialogText	We're not here to solve crimes though,▸▸▸▸▸▸▸▸ we're here to sleep with two chicks at the same time.
resources.assets	8374	MonoBehaviour	steps[23].dialogLine.dialogText	So you gotta deescalate this situation and get these two to like each other!
resources.assets	8374	MonoBehaviour	steps[26].dialogOptions[0].dialogOptionText	Are you sure you didn't leave it in your luggage?
resources.assets	8374	MonoBehaviour	steps[26].dialogOptions[1].dialogOptionText	Did you check the drawer? It might be in there.
resources.assets	8374	MonoBehaviour	steps[26].dialogOptions[2].dialogOptionText	Maybe it fell in the trash can next to the nightstand...
resources.assets	8374	MonoBehaviour	steps[27].dialogLine.dialogText	Hmmmm...▸▸▸▸▸▸▸▸▸▸▸▸▸ I seriously doubt it,▸▸▸▸▸▸▸ but,▸▸▸▸▸ I'll go double check,▸▸▸ just in case.
resources.assets	8374	MonoBehaviour	steps[31].dialogLine.dialogText	Je▸▸▸▸sus...▸▸▸ what the fuck is HER problem?
resources.assets	8374	MonoBehaviour	steps[32].dialogOptions[0].dialogOptionText	She's actually really nice once you get to know her.
resources.assets	8374	MonoBehaviour	steps[32].dialogOptions[0].steps[0].dialogLine.dialogText	Psssshh... if you say so...
resources.assets	8374	MonoBehaviour	steps[32].dialogOptions[1].dialogOptionText	Maybe she likes you and just wanted to get your attention.
resources.assets	8374	MonoBehaviour	steps[32].dialogOptions[1].steps[0].dialogLine.dialogText	Ay[y]e[e],▸▸▸▸▸ what kinda dumb ass fuckin' explanation is that?
resources.assets	8374	MonoBehaviour	steps[32].dialogOptions[2].dialogOptionText	Well, I mean... you did take it, didn't you?
resources.assets	8374	MonoBehaviour	steps[32].dialogOptions[2].steps[0].dialogLine.dialogText	N-▸▸▸no[oo]...▸▸▸▸▸▸▸▸▸▸▸▸ I-▸▸I mean...▸▸▸▸▸▸▸▸▸▸▸ I don't know,▸▸▸▸▸ maybe by accident▸▸ or somethin'...
resources.assets	8374	MonoBehaviour	steps[33].dialogLine.dialogText	Wait a sec...▸▸▸▸▸▸▸▸▸▸▸▸ aren't you the guy in room two-sixteen?
resources.assets	8374	MonoBehaviour	steps[33].dialogLine.yuriDialogText	Wait a sec...▸▸▸▸▸▸▸▸▸▸▸▸ aren't you the girl in room two-sixteen?
resources.assets	8374	MonoBehaviour	steps[34].dialogLine.dialogText	Yo[o],▸▸▸▸▸ what the fuck did you spill on your sheets this morning?
resources.assets	8374	MonoBehaviour	steps[35].dialogLine.dialogText	Bus▸▸▸ted!▸▸▸[hahahhaa]
resources.assets	8374	MonoBehaviour	steps[36].dialogOptions[0].dialogOptionText	That's uhhhh... that's toothpaste.
resources.assets	8374	MonoBehaviour	steps[36].dialogOptions[0].steps[0].dialogLine.dialogText	Nah,▸▸▸▸▸▸▸ I'm pretty sure that ain't toothpaste.▸▸[hh]▸▸ It wasn't exactly minty fresh...
resources.assets	8374	MonoBehaviour	steps[36].dialogOptions[1].dialogOptionText	I may have been a little overzealous in my use of hand lotion.
resources.assets	8374	MonoBehaviour	steps[36].dialogOptions[1].steps[0].dialogLine.dialogText	A▸▸ LITTLE?▸▸▸▸▸▸▸▸▸▸ We had to run it through the industrial washer twice.
resources.assets	8374	MonoBehaviour	steps[36].dialogOptions[2].dialogOptionText	Yeeeeaahh... sorry, it's that porn channel, you know?
resources.assets	8374	MonoBehaviour	steps[36].dialogOptions[2].yuriDialogOptionText	Yeeeeaahh... sorry, I'm kind of a squirter...
resources.assets	8374	MonoBehaviour	steps[36].dialogOptions[2].steps[0].dialogLine.dialogText	God▸▸ da▸▸mn...▸▸▸▸[hh]▸▸ the entire sheet was like,▸▸ covered.▸▸▸▸▸▸▸ How many times did you-▸▸▸▸▸▸▸▸ Never mind...
resources.assets	8374	MonoBehaviour	steps[37].dialogLine.dialogText	I▸▸ ain't▸▸ mad...▸▸▸▸▸▸▸▸▸▸▸▸ I'm just tryna figure out how the fuck you managed to do it...
resources.assets	8374	MonoBehaviour	steps[41].dialogLine.dialogText	No luck...▸▸▸▸▸ I double checked everywhere and still couldn't find it.
resources.assets	8374	MonoBehaviour	steps[42].dialogLine.dialogText	[aaaaaa]▸▸▸▸▸Will you at least let me know if you happen to come across it?
resources.assets	8374	MonoBehaviour	steps[43].dialogLine.dialogText	Yeah,▸▸▸▸▸▸▸▸ for sure.▸▸▸▸▸▸▸▸▸▸▸▸▸▸▸ If it turns up somewhere, I'll let you know...
resources.assets	8375	MonoBehaviour	steps[2].dialogLine.dialogText	Ughh,▸▸▸▸▸ where is this chick?▸▸▸▸▸ Late again as usual...
resources.assets	8375	MonoBehaviour	steps[5].dialogLine.dialogText	Hi there Nora![h]
resources.assets	8375	MonoBehaviour	steps[6].stringValue	Candace has been added to the HunieBee!
resources.assets	8375	MonoBehaviour	steps[7].dialogLine.dialogText	Shh[hh]hh...▸▸▸▸▸ keep it down,▸▸ will ya?▸▸▸▸▸▸▸▸ I ain't tryna get caught,▸▸ alright?
resources.assets	8375	MonoBehaviour	steps[8].dialogLine.dialogText	[hh]▸▸Oh,▸▸▸▸▸▸▸▸▸▸ right...[hh]▸▸▸[hh]▸▸▸ so▸▸▸rry.▸▸[hh]
resources.assets	8375	MonoBehaviour	steps[9].dialogLine.dialogText	It's fine,▸▸ it's fine...▸▸▸ anyway,▸▸▸▸▸ I got your stuff.▸▸▸▸▸ You got the money?
resources.assets	8375	MonoBehaviour	steps[10].dialogLine.dialogText	The COCAINE!?▸▸[hh]
resources.assets	8375	MonoBehaviour	steps[11].dialogLine.dialogText	Jesus...▸▸ are you stupid?▸▸▸▸▸ How many times I gotta tell ya to be quiet?
resources.assets	8375	MonoBehaviour	steps[12].dialogLine.dialogText	Shoot...[hh]▸▸▸▸▸▸▸▸▸▸ sorry,▸▸▸▸▸[hh]▸▸▸▸▸ I forgot again.▸▸[hh]
resources.assets	8375	MonoBehaviour	steps[13].dialogLine.dialogText	[aaaa]▸▸▸▸▸Whatever,▸▸▸▸▸ here's your shit...
resources.assets	8375	MonoBehaviour	steps[14].dialogLine.dialogText	Y[Y]A[AAAA]Y[Y]!▸▸▸▸▸▸▸▸▸▸[ha][ha][ha][ha][ha]▸▸▸▸▸[hhhh]
resources.assets	8375	MonoBehaviour	steps[15].dialogLine.dialogText	Ughh,▸▸▸▸▸▸▸▸▸▸ I give up...
resources.assets	8375	MonoBehaviour	steps[16].dialogLine.dialogText	By▸▸ the▸▸ way...▸▸▸▸▸[hh]▸▸▸▸▸ who's that guy over there watchin' us?[s]
resources.assets	8375	MonoBehaviour	steps[16].dialogLine.yuriDialogText	By▸▸ the▸▸ way...▸▸▸▸▸ who's that girl over there watchin' us?[s]
resources.assets	8375	MonoBehaviour	steps[17].dialogLine.dialogText	WHAT!?▸▸▸▸▸ Shit,▸▸▸▸▸ run!
resources.assets	8375	MonoBehaviour	steps[19].dialogLine.dialogText	Nora!▸▸▸▸▸▸▸▸ Where ya goin'?
resources.assets	8375	MonoBehaviour	steps[23].dialogLine.dialogText	Whoo[oo]ooaa...▸▸▸▸▸ WHO▸▸ is▸▸ THIS▸▸ angel?▸▸▸▸▸ She's like...▸▸▸▸▸▸▸ an eleven!▸ No...▸▸▸▸▸ a TWELVE!?▸▸▸▸▸▸▸ Fuck...[k]
resources.assets	8375	MonoBehaviour	steps[24].dialogLine.dialogText	This is the kinda chick that's so hot▸▸ you almost wouldn't mind getting the herp from her,▸▸▸▸▸ ya know?
resources.assets	8375	MonoBehaviour	steps[25].dialogLine.dialogText	Like,▸▸▸▸▸▸▸ this bitch is SO hot,▸▸▸▸▸ I would pay her just to spit in my face.▸▸▸▸▸▸▸▸ I would suck...▸▸▸▸▸ her▸▸ KNEES.[s]
resources.assets	8375	MonoBehaviour	steps[26].dialogLine.dialogText	I would chug a two-liter of her genital juice▸▸▸▸▸ like I was a competitive fucking eater.
resources.assets	8375	MonoBehaviour	steps[27].dialogLine.dialogText	Hi▸▸ there,▸▸▸ hand▸▸some!▸▸▸▸▸[hh]▸▸▸▸▸ You just gonna stand there,▸▸▸ or you gonna come talk to me?
resources.assets	8375	MonoBehaviour	steps[27].dialogLine.yuriDialogText	Hi▸▸ there,▸▸▸ gor▸▸geous!▸▸▸▸▸[hh]▸▸▸▸▸ You just gonna stand there,▸▸▸ or you gonna come talk to me?
resources.assets	8375	MonoBehaviour	steps[28].dialogOptions[0].dialogOptionText	I'd introduce myself, but I forgot my name as soon as I laid eyes on you...
resources.assets	8375	MonoBehaviour	steps[28].dialogOptions[0].steps[0].dialogLine.dialogText	[hahaha]▸[hhhh]▸▸▸That's okay,▸▸▸▸▸ I forget words all the time...[hh]▸▸▸▸▸ especially them big fancy ones.[s]
resources.assets	8375	MonoBehaviour	steps[28].dialogOptions[1].dialogOptionText	Can I just start out by saying that you look absolutely ravishing?
resources.assets	8375	MonoBehaviour	steps[28].dialogOptions[1].steps[0].dialogLine.dialogText	Uhhh...▸▸▸▸▸▸▸▸▸▸ rav...[h]▸▸▸▸▸▸▸▸ rav▸▸i▸▸shin'?▸▸▸▸▸▸▸▸▸▸ I don't think I ever heard that word before...
resources.assets	8375	MonoBehaviour	steps[28].dialogOptions[2].dialogOptionText	Sorry, I was talking to my invisible friend.
resources.assets	8375	MonoBehaviour	steps[28].dialogOptions[2].steps[0].dialogLine.dialogText	No▸▸ kiddin'!?▸▸[hh]▸▸ You got one of those too?▸▸▸▸▸ My invisible friend's name is Sparkles.▸▸[hh]▸▸ She's a doggy!
resources.assets	8375	MonoBehaviour	steps[29].dialogLine.dialogText	She's▸▸▸▸▸ DUMB▸▸▸▸▸ too!?▸▸▸▸▸▸▸▸▸▸▸▸▸▸▸ Bro,▸▸▸▸▸▸▸▸▸▸ I can't...▸▸▸▸▸▸▸▸▸▸ I think I'm in love...
resources.assets	8375	MonoBehaviour	steps[29].dialogLine.yuriDialogText	She's▸▸▸▸▸ DUMB▸▸▸▸▸ too!?▸▸▸▸▸▸▸▸▸▸▸▸▸▸▸ Sis,▸▸▸▸▸▸▸▸▸▸ I can't...▸▸▸▸▸▸▸▸▸▸ I think I'm in love...
resources.assets	8375	MonoBehaviour	steps[30].dialogLine.dialogText	My▸▸ name's▸▸ Can▸▸dace!▸▸▸▸▸▸▸▸▸▸ I'm a dancer,▸▸▸▸▸ at the strip club!▸▸[hh]▸▸▸▸▸ You should come and visit me!
resources.assets	8375	MonoBehaviour	steps[31].dialogOptions[0].dialogOptionText	Sure, sounds fun! I'll be there.
resources.assets	8375	MonoBehaviour	steps[31].dialogOptions[0].steps[0].dialogLine.dialogText	Yay!▸▸▸▸▸[hahahaha]▸▸[hhhh]▸▸▸▸▸▸▸▸ Awww,▸▸▸▸▸ but,▸▸▸▸▸ wait...▸▸▸▸▸ I don't think I'm workin' tonight...▸▸▸▸▸ shoot![h]
resources.assets	8375	MonoBehaviour	steps[31].dialogOptions[1].dialogOptionText	I try to stay away from places like that.
resources.assets	8375	MonoBehaviour	steps[31].dialogOptions[1].steps[0].dialogLine.dialogText	Awwww[wwwwhh]...[hh]▸▸ that's▸▸ no▸▸ fun!▸▸▸▸▸[hh]▸▸▸▸▸▸▸ I sure would love it if you changed your mind.[h]
resources.assets	8375	MonoBehaviour	steps[31].dialogOptions[2].dialogOptionText	How much do you charge for a lap dance?
resources.assets	8375	MonoBehaviour	steps[31].dialogOptions[2].steps[0].dialogLine.dialogText	Mmmm...▸▸▸[hh]▸▸ depends on the night.▸▸[h]▸▸ I think tomorrow▸▸▸▸▸ it's two for one songs!
resources.assets	8375	MonoBehaviour	steps[32].dialogLine.dialogText	I don't know how much more of this chick I can take.▸▸▸▸▸▸▸▸ My ovaries are starting to ache...
resources.assets	8375	MonoBehaviour	steps[33].dialogLine.dialogText	If ya want,▸▸▸[hh]▸▸ I'll blow ya behind that building for twenty bucks!
resources.assets	8375	MonoBehaviour	steps[33].dialogLine.yuriDialogText	If▸▸ ya▸▸ want,▸▸▸[hh]▸▸ I'll finger ya behind that building for twenty bucks!
resources.assets	8375	MonoBehaviour	steps[34].dialogLine.dialogText	WELP,▸▸▸▸▸ so much▸▸ for these pan▸▸ties!▸▸▸▸▸▸▸▸▸▸▸▸▸▸▸ I'm gonna go change.▸▸▸▸▸▸▸▸▸▸▸▸▸▸▸ Nobody have sex while I'm gone!
resources.assets	8375	MonoBehaviour	steps[38].dialogOptions[0].dialogOptionText	Can I at least buy you dinner first?
resources.assets	8375	MonoBehaviour	steps[38].dialogOptions[0].steps[0].dialogLine.dialogText	Din▸▸▸▸▸ner?▸▸▸▸▸[hh]▸▸▸▸▸ Why would you wanna buy me dinner first, sil[h]ly?
resources.assets	8375	MonoBehaviour	steps[38].dialogOptions[1].dialogOptionText	Shit... I don't have any cash on me.
resources.assets	8375	MonoBehaviour	steps[38].dialogOptions[1].steps[0].dialogLine.dialogText	Awww[www]...▸▸▸▸▸ poop!▸▸[hh]▸▸▸▸▸▸ Oh well...▸▸▸▸▸▸▸▸▸ maybe some other time then?
resources.assets	8375	MonoBehaviour	steps[38].dialogOptions[2].dialogOptionText	I feel like you could be charging a lot more for that...
resources.assets	8375	MonoBehaviour	steps[38].dialogOptions[2].steps[0].dialogLine.dialogText	Ya▸▸ think▸▸ so?▸▸▸▸▸▸▸▸▸▸ Hmmm...▸▸▸▸▸ I guess I could ask for twenty-five...
resources.assets	8375	MonoBehaviour	steps[42].dialogLine.dialogText	Ah shit,▸▸ okay,▸▸ it's just you.▸▸▸ Sorry to run off like that, but yo,▸▸ you scared the shit outta me...
resources.assets	8375	MonoBehaviour	steps[43].dialogLine.dialogText	Hi again Nora![h]
resources.assets	8375	MonoBehaviour	steps[44].dialogLine.dialogText	Yeah...▸▸▸▸▸▸▸▸ hi▸▸ Candace.▸▸▸▸▸▸▸▸▸▸▸▸▸▸▸ Same time next week?
resources.assets	8375	MonoBehaviour	steps[45].dialogLine.dialogText	Mmm▸▸▸▸▸[h]hmm!▸▸▸▸▸▸▸▸▸▸[hahahaha]
resources.assets	8376	MonoBehaviour	steps[2].dialogLine.dialogText	Hey!▸▸▸▸▸ I'm glad you're here,▸▸▸▸▸▸▸▸ this is perfect.▸▸▸▸▸▸▸▸▸▸▸▸▸ You know that famous TeleYouber chick I mentioned?
resources.assets	8376	MonoBehaviour	steps[3].dialogLine.dialogText	Well,▸▸▸▸▸ I'm meeting her here any minute now to plan our collab video.
resources.assets	8376	MonoBehaviour	steps[4].dialogLine.dialogText	It just so happens we're gonna need a camera guy,▸▸▸▸▸▸▸▸▸▸ sooo...▸▸▸▸▸▸ make yourself useful, will ya?
resources.assets	8376	MonoBehaviour	steps[4].dialogLine.yuriDialogText	It just so happens we're gonna need a camera girl,▸▸▸▸▸▸▸▸▸▸ sooo...▸▸▸▸▸▸ make yourself useful, will ya?
resources.assets	8376	MonoBehaviour	steps[5].dialogLine.dialogText	Think of it as an opportunity to pay me back for everything I do for you.
resources.assets	8376	MonoBehaviour	steps[6].dialogLine.dialogText	Or▸▸▸▸▸ everything I let you do to me,▸▸▸▸▸ to be exact...▸▸[hahahaha]▸▸[hhhh]▸▸
resources.assets	8376	MonoBehaviour	steps[9].dialogLine.dialogText	Oh▸▸ my▸▸ gosh!▸▸▸▸▸ Ash▸▸ley!?▸▸▸[hh]▸▸▸▸▸ I can't believe we finally get to meet in person!
resources.assets	8376	MonoBehaviour	steps[10].dialogLine.dialogText	Well▸▸ if it isn't▸▸ Polly▸▸ Bendleson▸▸▸ herself!▸▸▸▸▸▸▸▸▸▸ It's great to meetcha girlfriend!
resources.assets	8376	MonoBehaviour	steps[11].dialogLine.dialogText	This▸▸ is▸▸ so▸▸ exci▸▸ting!▸▸▸[hh]▸▸▸ I've wanted to collab with you ever since I first saw your QuickiePic page.[hh]
resources.assets	8376	MonoBehaviour	steps[12].dialogLine.dialogText	Believe me,▸▸▸▸▸ the feeling is mutual!▸▸▸▸▸▸▸▸▸▸ It's a huge opportunity for us both.
resources.assets	8376	MonoBehaviour	steps[13].dialogLine.dialogText	By the way,▸▸▸▸▸ I'd like you to meet my friend here.▸▸▸▸▸▸▸▸▸▸ He's my new camera guy.
resources.assets	8376	MonoBehaviour	steps[13].dialogLine.yuriDialogText	By the way,▸▸▸▸▸ I'd like you to meet my friend here.▸▸▸▸▸▸▸▸▸▸ She's my new camera girl.
resources.assets	8376	MonoBehaviour	steps[16].dialogLine.dialogText	[O]Oh▸▸ my,▸▸[hh]▸▸▸▸▸▸▸▸ what a handsome young man!▸▸▸▸▸▸▸[haha]▸[hh]▸▸▸▸▸ I'm Polly,▸▸▸▸▸▸▸▸▸▸ delighted to make your acquaintance.
resources.assets	8376	MonoBehaviour	steps[16].dialogLine.yuriDialogText	[O]Oh▸▸▸ my,▸▸[hh]▸▸▸▸▸▸▸▸▸▸ what a pretty young woman!▸▸▸▸▸▸▸▸▸[haha]▸[hh]▸▸▸▸▸▸▸▸ I'm Polly,▸▸▸▸▸▸▸▸▸▸ delighted to make your acquaintance.
resources.assets	8376	MonoBehaviour	steps[17].dialogOptions[0].dialogOptionText	Not half as delighted as I am to make yours.
resources.assets	8376	MonoBehaviour	steps[17].dialogOptions[0].steps[0].dialogLine.dialogText	[aaaahh]▸▸...and here I thought all the charming gentlemen were gone.
resources.assets	8376	MonoBehaviour	steps[17].dialogOptions[0].steps[0].dialogLine.yuriDialogText	[aaaahh]...and here I thought all the charming ladies were gone.
resources.assets	8376	MonoBehaviour	steps[17].dialogOptions[1].dialogOptionText	I can understand why. I am extremely delightful.
resources.assets	8376	MonoBehaviour	steps[17].dialogOptions[1].steps[0].dialogLine.dialogText	[hahahaha]▸▸[hh]▸▸▸You most certainly are!
resources.assets	8376	MonoBehaviour	steps[17].dialogOptions[2].dialogOptionText	Videography is but only one of my many, many talents.
resources.assets	8376	MonoBehaviour	steps[17].dialogOptions[2].steps[0].dialogLine.dialogText	Oh, is that so?▸▸▸▸▸▸▸▸▸▸ Well,▸▸ I'm very much lookin' forward to discovering your▸▸▸▸ other talents!
resources.assets	8376	MonoBehaviour	steps[18].dialogLine.dialogText	Ahhh▸▸▸▸▸▸▸▸ shit,▸▸▸▸▸▸▸▸▸▸▸▸▸ you know what?▸▸▸▸▸ I▸▸▸ forgot▸▸ my▸▸ tripod.▸▸▸▸▸▸▸▸▸▸▸▸▸▸▸ Hold on,▸▸▸▸▸ I'll be right back.▸▸▸▸▸ Two minutes, tops!
resources.assets	8376	MonoBehaviour	steps[21].dialogLine.dialogText	Oh, take your time girl!▸▸▸▸[hh]▸▸▸▸ It's a chance for me to get to know your cute friend better!▸▸▸▸▸▸▸▸▸▸▸▸▸
resources.assets	8376	MonoBehaviour	steps[24].dialogLine.dialogText	Huh,▸▸▸▸▸▸▸▸▸▸▸▸▸ that's▸▸ weird...▸▸▸▸▸▸▸▸ how come the HunieBee isn't registering this chick?
resources.assets	8376	MonoBehaviour	steps[25].stringValue	Polly has been added to the HunieBee!
resources.assets	8376	MonoBehaviour	steps[26].dialogLine.dialogText	No, wait,▸▸▸▸▸ there it goes!▸▸▸▸▸▸▸ Huh,▸▸▸▸▸▸▸▸▸▸ that's never happened before...▸▸▸▸▸ must be a bug or something...
resources.assets	8376	MonoBehaviour	steps[27].dialogLine.dialogText	Any▸▸way,▸▸▸▸▸ I'm getting a traditional vibe from this broad.▸▸▸▸▸▸▸▸▸▸ She's probably looking for a classy guy.
resources.assets	8376	MonoBehaviour	steps[27].dialogLine.yuriDialogText	Any▸▸way,▸▸▸▸▸ I'm getting a traditional vibe from this broad.▸▸▸▸▸▸▸▸▸▸ She's probably looking for a classy gal.
resources.assets	8376	MonoBehaviour	steps[28].dialogLine.dialogText	So try to wait...▸▸▸▸▸▸▸▸▸▸ at least ten fucking seconds before you whip your dick out.▸▸▸▸▸▸▸▸▸▸ Can you do that?
resources.assets	8376	MonoBehaviour	steps[28].dialogLine.yuriDialogText	So try to wait...▸▸▸▸▸▸▸▸▸▸ at least ten fucking seconds before you whip your tits out.▸▸▸▸▸▸▸▸▸▸ Can you do that?
resources.assets	8376	MonoBehaviour	steps[29].dialogOptions[0].dialogOptionText	So, Ashley tells me you're a TeleYouber?
resources.assets	8376	MonoBehaviour	steps[29].dialogOptions[0].steps[0].dialogLine.dialogText	Yes▸▸▸▸▸ sir!▸▸▸▸▸▸▸▸▸▸▸▸▸ It'll be almost four years now since I started makin' videos.
resources.assets	8376	MonoBehaviour	steps[29].dialogOptions[0].steps[0].dialogLine.yuriDialogText	Yes▸▸▸▸▸ ma'am!▸▸▸▸▸▸▸▸▸▸▸▸ It'll be almost four years now since I started makin' videos.
resources.assets	8376	MonoBehaviour	steps[29].dialogOptions[1].dialogOptionText	I really dig this wild outfit you're wearing.
resources.assets	8376	MonoBehaviour	steps[29].dialogOptions[1].steps[0].dialogLine.dialogText	Oh, you like it?▸▸▸ I came up with it myself.▸[hh]▸▸▸ I'm just a LI[III]TTLE bit obsessed with retro fashion!▸▸▸[haha]▸▸[hh]
resources.assets	8376	MonoBehaviour	steps[29].dialogOptions[2].dialogOptionText	How do you get your hair to stay up like that?
resources.assets	8376	MonoBehaviour	steps[29].dialogOptions[2].steps[0].dialogLine.dialogText	[hahaha]▸▸▸[hh]▸▸▸▸▸You could say I'm a bit of an expert when it comes to hair and makeup.
resources.assets	8376	MonoBehaviour	steps[30].dialogLine.dialogText	I run a beauty channel called Polly's Paradise!▸▸▸▸▸▸▸ You ever hear of it?
resources.assets	8376	MonoBehaviour	steps[31].dialogOptions[0].dialogOptionText	No, but Ashley says you're like super famous.
resources.assets	8376	MonoBehaviour	steps[31].dialogOptions[0].steps[0].dialogLine.dialogText	Well, I don't like to brag...[hh]▸▸▸▸▸ uhh, but I DO have over eight million subscribers!
resources.assets	8376	MonoBehaviour	steps[31].dialogOptions[1].dialogOptionText	Now that you mention it... I think I've seen your videos before.
resources.assets	8376	MonoBehaviour	steps[31].dialogOptions[1].steps[0].dialogLine.dialogText	You should subscri[iii]be!▸▸[hh]▸▸▸▸▸▸▸▸ You don't want to miss the new video with Ashley and I!
resources.assets	8376	MonoBehaviour	steps[31].dialogOptions[2].dialogOptionText	I usually just go on there to watch people play video games.
resources.assets	8376	MonoBehaviour	steps[31].dialogOptions[2].steps[0].dialogLine.dialogText	How▸▸ fu[u]n[n]!▸▸[hh]▸▸▸▸▸[hh] I could never figure out how those things work.▸▸▸▸▸ I need somebody to teach me...
resources.assets	8376	MonoBehaviour	steps[35].dialogLine.dialogText	Alright,▸▸▸▸▸ got the tripod!▸▸▸▸▸▸▸▸▸▸ Ready to go scouting for a good location?
resources.assets	8376	MonoBehaviour	steps[36].dialogLine.dialogText	I[I]▸▸▸ sure▸▸▸ a[a]m[m]!▸▸[hh]▸▸▸▸▸▸▸▸ Will your▸▸▸ cute friend be joinin' us?
resources.assets	8376	MonoBehaviour	steps[37].dialogLine.dialogText	Yup!▸▸▸▸▸▸▸▸▸▸▸▸▸ We wouldn't want to be out there without a decent camera guy,▸▸ would we?
resources.assets	8376	MonoBehaviour	steps[37].dialogLine.yuriDialogText	Yup!▸▸▸▸▸▸▸▸▸▸▸▸▸ We wouldn't want to be out there without a decent camera girl,▸▸ would we?
resources.assets	8377	MonoBehaviour	steps[2].dialogLine.dialogText	Oh, hey!▸▸▸▸▸▸▸ Came to see me off, huh?▸▸▸▸▸ How▸▸▸▸▸ sweet...▸▸▸▸▸▸▸▸▸▸ you're a▸▸▸▸▸ real▸▸▸▸▸ Romeo.
resources.assets	8377	MonoBehaviour	steps[3].dialogLine.dialogText	Wish I could have stayed longer,▸▸ but,▸▸▸▸▸ duty calls!▸▸▸▸▸▸▸▸▸▸▸▸▸▸ See ya when I see ya!
resources.assets	8377	MonoBehaviour	steps[5].dialogLine.dialogText	[hahahahahahahahaha]▸▸▸▸▸[hhhh]▸▸▸▸▸Naaaahh!▸▸▸▸▸ I'm just fuckin' with ya.▸▸▸▸▸▸▸▸▸▸ I'm actually waiting for my little cousin to arrive.
resources.assets	8377	MonoBehaviour	steps[6].dialogLine.dialogText	When my aunt heard I was gonna be out of town for a while▸▸▸▸▸ she▸▸▸▸▸▸▸▸ begged me to take her off her hands.▸▸▸▸▸▸▸▸▸▸
resources.assets	8377	MonoBehaviour	steps[7].dialogLine.dialogText	I figured,▸▸▸▸▸ sure,▸▸▸▸▸ why not?▸▸▸▸▸▸▸▸▸▸ I'm sure my aunt could use the break.▸▸▸▸▸ My cousin can beeee...[hh]▸▸▸▸▸▸▸▸▸▸[hh]▸▸▸▸▸▸▸▸▸▸ a handful...
resources.assets	8377	MonoBehaviour	steps[8].dialogLine.dialogText	Speak of the devil...▸▸▸▸▸ there she is!▸▸▸▸▸▸▸▸▸▸ Hey Lil,▸▸▸▸▸ over here!
resources.assets	8377	MonoBehaviour	steps[11].dialogLine.dialogText	Good▸▸ to▸▸ see▸▸ you▸▸ cuz!▸▸▸▸▸▸▸▸▸▸ How was the flight?
resources.assets	8377	MonoBehaviour	steps[12].dialogLine.dialogText	U[u]mmmm...▸▸▸ like,▸▸▸ literally the worst experience▸▸[hh]▸▸▸ of my entire fucking life?
resources.assets	8377	MonoBehaviour	steps[13].stringValue	Lillian has been added to the HunieBee!
resources.assets	8377	MonoBehaviour	steps[14].dialogLine.dialogText	You say that about everything.▸▸▸▸▸▸▸▸▸▸ Lighten up a little!▸▸▸▸▸ You're in a tropical paradise!
resources.assets	8377	MonoBehaviour	steps[15].dialogLine.dialogText	Whatever...[hh]▸▸ I didn't ask to come here.▸ My mom forced me to come▸▸ because she fucking▸▸▸ H[H]ATES▸▸ me.▸▸▸
resources.assets	8377	MonoBehaviour	steps[16].dialogLine.dialogText	[hahahaha]▸▸Lillian,▸▸▸▸▸▸▸▸ your mom does not hate you.
resources.assets	8377	MonoBehaviour	steps[17].dialogLine.dialogText	I wish the plane▸▸▸ would have crashed.▸▸[hh]▸▸ Maybe then she'd FI[II]NALLY be happy...
resources.assets	8377	MonoBehaviour	steps[18].dialogLine.dialogText	Alright, drama queen,▸▸▸ calm down,  calm down.▸▸▸▸▸ It'll be fun,▸▸▸▸▸ you'll see.
resources.assets	8377	MonoBehaviour	steps[19].dialogLine.dialogText	Before we do anything though,▸▸▸▸▸ is there a bathroom around here?▸▸▸▸▸▸▸▸▸▸ I gotta pee.
resources.assets	8377	MonoBehaviour	steps[20].dialogLine.dialogText	Hey, sweet cheeks,▸▸▸▸▸▸▸▸ entertain my cousin for a minute, will ya?▸▸▸▸▸▸▸▸▸▸ I'll be right back.
resources.assets	8377	MonoBehaviour	steps[25].dialogLine.dialogText	Oh▸ great,▸▸▸▸▸▸▸▸▸▸ now we're stuck babysitting Count Snatchula...
resources.assets	8377	MonoBehaviour	steps[26].dialogLine.dialogText	Didn't the goth thing go out of style like▸▸▸▸▸ six▸▸▸▸▸ million▸▸▸▸▸ years ago?
resources.assets	8377	MonoBehaviour	steps[27].dialogLine.dialogText	I don't know man...▸▸▸▸▸▸▸ the dark priestess here is lookin' a little fresh,▸▸ if you know what I mean...
resources.assets	8377	MonoBehaviour	steps[27].dialogLine.yuriDialogText	I don't know▸▸ girl...▸▸▸▸▸ the dark priestess here is lookin' a little fresh, if you know what I mean...
resources.assets	8377	MonoBehaviour	steps[28].dialogLine.dialogText	You might wanna try to find out how old she is...
resources.assets	8377	MonoBehaviour	steps[29].dialogOptions[0].dialogOptionText	Soooo... are you in college?
resources.assets	8377	MonoBehaviour	steps[29].dialogOptions[0].steps[0].dialogLine.dialogText	[aahh]▸▸[hh]▸▸▸▸▸▸▸▸Like I'm gonna waste my life▸▸ sitting in a room learning about shit I'll never use.▸▸[hh]
resources.assets	8377	MonoBehaviour	steps[29].dialogOptions[1].dialogOptionText	Cool tattoos! Did you need your parents permission to get them?
resources.assets	8377	MonoBehaviour	steps[29].dialogOptions[1].steps[0].dialogLine.dialogText	[aah]▸[hh]▸▸▸As▸▸▸ if...▸▸▸▸▸ they never let me do ANY▸▸THING.[h]
resources.assets	8377	MonoBehaviour	steps[29].dialogOptions[2].dialogOptionText	So Ashley's the older one, huh? By how much?
resources.assets	8377	MonoBehaviour	steps[29].dialogOptions[2].steps[0].dialogLine.dialogText	[aahh]▸▸[hh]▸▸▸▸▸How▸▸ am I supposed to know?
resources.assets	8377	MonoBehaviour	steps[30].dialogLine.dialogText	You don't need to babysit me, o▸▸kay?▸▸▸[hh]▸▸▸▸▸ I'm not a fucking kid!▸▸ I'm eigh▸▸teen!
resources.assets	8377	MonoBehaviour	steps[31].dialogLine.dialogText	Pheeeeww!▸▸[hh]▸▸▸ We're all clear for takeoff!
resources.assets	8377	MonoBehaviour	steps[32].dialogLine.dialogText	Ughh... this is gonna be▸▸ soooo▸▸▸ booooring.[hh]▸▸[hh]▸▸▸▸▸ What is there to even do▸▸ at this place?[h]
resources.assets	8377	MonoBehaviour	steps[33].dialogOptions[0].dialogOptionText	You're on vacation! Kick back and relax!
resources.assets	8377	MonoBehaviour	steps[33].dialogOptions[0].steps[0].dialogLine.dialogText	With▸▸out▸▸ my computer tablet?▸▸ Uhh,▸▸ yeah,▸▸ I think I'd rather be▸ dead,▸▸ thanks?[s]
resources.assets	8377	MonoBehaviour	steps[33].dialogOptions[1].dialogOptionText	You could go swimming, or sailing, or shopping... there's tons to do!
resources.assets	8377	MonoBehaviour	steps[33].dialogOptions[1].steps[0].dialogLine.dialogText	Ooo[oo]orr[rr]...▸▸ I could just kill my▸▸self!▸▸▸[hh]▸▸ It's not like▸▸ anybody would care.
resources.assets	8377	MonoBehaviour	steps[33].dialogOptions[2].dialogOptionText	You could always just order porn from your hotel room.
resources.assets	8377	MonoBehaviour	steps[33].dialogOptions[2].steps[0].dialogLine.dialogText	Uhhh,▸▸▸▸▸ what?▸▸▸▸▸[eh]▸▸[hh] Who▸▸ the▸▸ fuck▸▸ would▸▸ PAY▸▸▸ for▸▸ porn?▸▸▸▸▸[hh]▸▸▸ Yeah,▸▸ no thanks...[s]
resources.assets	8377	MonoBehaviour	steps[34].dialogLine.dialogText	May▸▸▸be▸▸▸▸▸[hh]▸▸ I'll just get WASTED▸▸▸▸▸ and let a bunch of guys▸▸ have their way with me!▸▸
resources.assets	8377	MonoBehaviour	steps[34].dialogLine.yuriDialogText	Maybe I'll just get WASTED▸▸▸▸▸[hh]▸▸▸ and let a bunch of girls have their way with me!▸▸
resources.assets	8377	MonoBehaviour	steps[35].dialogLine.dialogText	Do you think my parents would like▸▸ THAT!?▸▸[hehe]▸▸[hh]
resources.assets	8377	MonoBehaviour	steps[36].dialogLine.dialogText	...aaaannd▸▸ we▸▸ have▸▸ lift▸▸off!▸▸▸▸▸▸▸▸ Looks like I underestimated this little vagina vampire!
resources.assets	8377	MonoBehaviour	steps[37].dialogOptions[0].dialogOptionText	Yeah, that'll show them!
resources.assets	8377	MonoBehaviour	steps[37].dialogOptions[0].steps[0].dialogLine.dialogText	Smooth...
resources.assets	8377	MonoBehaviour	steps[37].dialogOptions[1].dialogOptionText	I hear parents hate threesomes most of all.
resources.assets	8377	MonoBehaviour	steps[37].dialogOptions[1].steps[0].dialogLine.dialogText	Nice...
resources.assets	8377	MonoBehaviour	steps[37].dialogOptions[2].dialogOptionText	That doesn't seem like a very wise idea...
resources.assets	8377	MonoBehaviour	steps[37].dialogOptions[2].steps[0].dialogLine.dialogText	What are you, stupid!?▸▸▸▸▸ That's a GREAT idea!
resources.assets	8377	MonoBehaviour	steps[38].dialogLine.dialogText	[aahh]▸▸▸Looks like Ash is finally done.▸▸▸[hh]▸▸▸ That only took▸▸ my▸▸ EN▸▸TIRE▸▸ life.▸▸▸
resources.assets	8377	MonoBehaviour	steps[39].dialogLine.dialogText	I▸▸ call▸▸ next▸▸ dibs!▸▸▸▸▸▸▸▸▸▸ I've been holding it for like thirty minutes.
resources.assets	8377	MonoBehaviour	steps[43].dialogLine.dialogText	Okay,▸▸▸▸▸ I'm back.▸▸▸▸▸▸▸▸▸▸ Sorry for the wait.▸▸▸▸▸▸▸▸▸▸ Hope she wasn't too much of a hassle for ya!
resources.assets	8377	MonoBehaviour	steps[44].dialogLine.dialogText	Ughh... can▸▸ we▸▸ go▸▸ now?▸▸▸▸▸[hh]▸▸▸ I'm hungry.
resources.assets	8377	MonoBehaviour	steps[45].dialogLine.dialogText	In a minute,▸▸ Lil.▸▸▸▸▸▸▸▸▸▸ They haven't even started returning people's luggage yet.
resources.assets	8377	MonoBehaviour	steps[46].dialogLine.dialogText	[aaahh]...please kill me.
resources.assets	8378	MonoBehaviour	steps[2].dialogLine.dialogText	Ughh,▸▸▸ they don't even have▸▸ a Starbrand here?▸▸[hh]▸▸ Where am I supposed to get a chai▸▸ tea?[h]
resources.assets	8378	MonoBehaviour	steps[5].dialogLine.dialogText	There is a place a few stores back that way.▸▸▸▸▸▸▸▸▸▸ They sell most of the same drinks as Starbrand.
resources.assets	8378	MonoBehaviour	steps[6].stringValue	Zoey has been added to the HunieBee!
resources.assets	8378	MonoBehaviour	steps[7].dialogLine.dialogText	Oh....▸▸▸ umm,▸▸▸▸▸ thanks,▸▸▸▸▸ I[I]▸▸▸ guess?▸▸▸▸▸[hh]▸▸▸ I'll go...▸▸ check it out.[h]
resources.assets	8378	MonoBehaviour	steps[12].dialogLine.dialogText	Whoa!▸▸▸▸▸▸▸▸▸▸▸▸ Get a load of THIS chick...[k]
resources.assets	8378	MonoBehaviour	steps[13].dialogLine.dialogText	I thought you banged the alien girl last time!▸▸[hahaha]▸▸[hh]▸▸▸ I▸▸ kid,▸▸▸▸▸ I▸▸ kid...▸▸
resources.assets	8378	MonoBehaviour	steps[14].dialogLine.dialogText	I know why you're here...
resources.assets	8378	MonoBehaviour	steps[15].dialogLine.dialogText	Uhhhh...▸▸▸▸▸▸▸▸▸▸ did she just say what I think she said?
resources.assets	8378	MonoBehaviour	steps[16].dialogLine.dialogText	You're here to awaken them,▸▸▸▸▸ right?▸▸▸▸▸▸▸▸▸▸ The cosmic ones?
resources.assets	8378	MonoBehaviour	steps[17].dialogLine.dialogText	What... the... fuck?▸▸[kk]
resources.assets	8378	MonoBehaviour	steps[18].dialogOptions[0].dialogOptionText	How do you know about the Nymphojinn?
resources.assets	8378	MonoBehaviour	steps[18].dialogOptions[0].steps[0].dialogLine.dialogText	I'm...▸▸▸▸▸▸▸▸ not▸▸ sure.▸▸▸▸▸▸▸▸▸▸▸▸▸ I▸▸ don't fully understand what's going on...
resources.assets	8378	MonoBehaviour	steps[18].dialogOptions[1].dialogOptionText	I have no idea what you're talking about...
resources.assets	8378	MonoBehaviour	steps[18].dialogOptions[1].steps[0].dialogLine.dialogText	No...▸▸▸▸▸▸▸▸▸▸ that can't be right.▸▸▸▸▸▸▸▸▸▸ You're the one,▸▸▸▸▸ I'm sure of it.
resources.assets	8378	MonoBehaviour	steps[18].dialogOptions[2].dialogOptionText	You're not from the CIA or something are you?
resources.assets	8378	MonoBehaviour	steps[18].dialogOptions[2].steps[0].dialogLine.dialogText	No,▸▸▸▸▸▸▸▸▸▸ I believe my information comes from a much▸▸▸▸▸ higher▸▸▸ place...▸▸
resources.assets	8378	MonoBehaviour	steps[19].dialogLine.dialogText	You see...▸▸▸▸▸▸▸▸ I've had dreams...▸▸▸▸▸▸▸▸ I've seen things...▸▸▸▸▸▸▸▸ things I▸▸▸▸▸ can't explain...
resources.assets	8378	MonoBehaviour	steps[20].dialogLine.dialogText	I believe...▸▸▸▸▸▸▸▸▸▸▸▸▸▸▸ that I may have some kind of connection with the spirit world.
resources.assets	8378	MonoBehaviour	steps[21].dialogLine.dialogText	Ohh[ohoh],▸▸▸▸▸ I get it!▸▸▸▸▸ She's a crazy person!
resources.assets	8378	MonoBehaviour	steps[22].dialogLine.dialogText	I▸▸▸▸▸ don't▸▸▸▸▸ know why...▸▸▸▸▸▸▸▸▸▸ but I knew I had to come here to Inna De Poona and seek you out.
resources.assets	8378	MonoBehaviour	steps[23].dialogOptions[0].dialogOptionText	Me? Why me?
resources.assets	8378	MonoBehaviour	steps[23].dialogOptions[0].steps[0].dialogLine.dialogText	You▸▸▸▸▸▸▸▸▸▸ HAVE▸▸ been chosen,▸▸▸▸▸▸▸▸▸▸ have you not?▸▸▸▸▸▸▸▸▸▸▸▸▸▸▸ Yes,▸▸▸▸▸▸▸▸▸▸▸▸▸▸▸ you're the figure from my dreams...
resources.assets	8378	MonoBehaviour	steps[23].dialogOptions[1].dialogOptionText	How do you know you don't have the wrong guy?
resources.assets	8378	MonoBehaviour	steps[23].dialogOptions[1].yuriDialogOptionText	How do you know you don't have the wrong girl?
resources.assets	8378	MonoBehaviour	steps[23].dialogOptions[1].steps[0].dialogLine.dialogText	I've been observing you since you arrived.▸▸▸▸▸▸▸▸▸▸ You display very...▸▸▸▸▸ particular behaviors...
resources.assets	8378	MonoBehaviour	steps[23].dialogOptions[2].dialogOptionText	This is all sounding a little crazy...
resources.assets	8378	MonoBehaviour	steps[23].dialogOptions[2].steps[0].dialogLine.dialogText	Is it?▸▸▸▸▸▸▸▸▸▸ Is it any crazier than...▸▸▸▸▸ an invisible being?
resources.assets	8378	MonoBehaviour	steps[24].dialogLine.dialogText	You're talking to one of them now,▸▸ aren't you?▸▸▸▸▸▸▸▸▸▸ The butterfly people?
resources.assets	8378	MonoBehaviour	steps[25].dialogLine.dialogText	O▸▸▸▸▸kay...▸▸▸▸▸ now I'm officially creeped out...
resources.assets	8378	MonoBehaviour	steps[26].dialogLine.dialogText	I've▸▸▸▸▸ seen what happens if you should fail your task...▸▸▸▸▸▸▸▸▸▸ and so,▸▸▸▸▸ I wish to help,▸▸▸▸▸ in any way I can.
resources.assets	8378	MonoBehaviour	steps[27].dialogOptions[0].dialogOptionText	Have you ever been on a double date before?
resources.assets	8378	MonoBehaviour	steps[27].dialogOptions[0].steps[0].dialogLine.dialogText	I▸▸▸▸▸ don't▸▸▸▸▸ socialize▸▸▸▸▸ often...▸▸▸▸▸▸▸▸▸▸▸▸▸▸▸ but I will agree to participate in the necessary rituals.
resources.assets	8378	MonoBehaviour	steps[27].dialogOptions[1].dialogOptionText	How do you feel about threesomes?
resources.assets	8378	MonoBehaviour	steps[27].dialogOptions[1].steps[0].dialogLine.dialogText	If▸▸ that is what's required,▸▸▸▸▸▸▸▸▸▸▸▸▸ then that is what I'll do.
resources.assets	8378	MonoBehaviour	steps[27].dialogOptions[2].dialogOptionText	I hope you REALLY like snatch...
resources.assets	8378	MonoBehaviour	steps[27].dialogOptions[2].steps[0].dialogLine.dialogText	My sexuality isn't restricted by a single dimension such as...▸▸▸▸▸▸▸▸▸▸ genitalia.
resources.assets	8378	MonoBehaviour	steps[28].dialogLine.dialogText	If I sense compatibility between myself and another,▸▸▸▸▸▸▸▸▸▸ I will do my best to attract her.
resources.assets	8378	MonoBehaviour	steps[29].dialogLine.dialogText	I don't know who this bitch is or how she knows any of this shit...▸▸▸▸▸ but I ain't askin' questions!
resources.assets	8378	MonoBehaviour	steps[30].dialogLine.dialogText	We need all the help we can get!▸▸▸▸▸▸▸▸▸▸ Besides,▸▸▸▸▸ she's▸▸ pretty▸▸ cute once you get past the crazy thing!
resources.assets	8378	MonoBehaviour	steps[34].dialogLine.dialogText	That▸▸ only▸▸ took,▸▸▸▸▸ FOR▸▸▸▸EV▸▸▸ER.▸▸▸▸▸[hh]▸▸▸▸▸ Of▸▸ COURSE they had to get my order wrong the first time...
resources.assets	8378	MonoBehaviour	steps[35].dialogLine.dialogText	Yes...▸▸▸▸▸▸▸▸▸▸ I feel a strong connection with this one.▸▸▸▸▸▸▸▸▸▸ May I ask your name?
resources.assets	8378	MonoBehaviour	steps[36].dialogLine.dialogText	Who,▸▸ me?▸▸[hh]▸▸▸▸▸ Ummm...▸▸▸▸▸ Li▸l▸lian?
resources.assets	8378	MonoBehaviour	steps[37].dialogLine.dialogText	That's a beautiful name,▸▸▸▸▸ for a beautiful soul.▸▸▸▸▸▸▸▸▸▸ I was born Denise...▸▸▸▸▸▸▸▸ but,▸▸▸▸▸▸▸▸▸▸ I go by Zoey now...
resources.assets	8378	MonoBehaviour	steps[38].dialogLine.dialogText	Oookaaaa[aa]yy[yyyyyy]...
resources.assets	8379	MonoBehaviour	steps[2].dialogLine.dialogText	It's▸▸▸▸▸ such a peaceful day,▸▸▸▸▸▸▸▸▸▸ isn't it?▸▸▸▸▸▸▸▸▸▸▸▸▸▸▸ I don't think anything could disturb this tranquility...
resources.assets	8379	MonoBehaviour	steps[5].dialogLine.dialogText	Konichiwa![hh]▸▸▸ [h]Ogenki▸▸desu▸ka?
resources.assets	8379	MonoBehaviour	steps[6].stringValue	Sarah has been added to the HunieBee!
resources.assets	8379	MonoBehaviour	steps[7].dialogLine.dialogText	...e-▸▸▸▸▸excuse me?
resources.assets	8379	MonoBehaviour	steps[8].dialogLine.dialogText	Gah!▸▸ Sor▸ry!▸▸[hh]▸▸ I think I got it wrong...▸▸ but I'm practicing!▸▸▸ I promise!
resources.assets	8379	MonoBehaviour	steps[9].dialogLine.dialogText	Wait...▸▸▸▸▸▸▸▸ I've seen you around recently.▸▸▸▸▸▸▸▸▸▸ You're the new assistant to Mrs. Belrose, right?
resources.assets	8379	MonoBehaviour	steps[10].dialogLine.dialogText	Mmmhmm, mmmhmm, mmmhmm!▸▸▸[hh]▸▸▸ I'm Suki!▸▸▸▸▸ Well,▸▸▸ that's my Japanese name anyway!
resources.assets	8379	MonoBehaviour	steps[11].dialogLine.dialogText	It's a pleasure to meet you, Suki.▸▸▸▸▸ I'm Lailani.▸▸▸▸▸▸▸▸▸▸ I work at the hotel,▸▸▸▸▸▸▸▸▸▸ occasionally the massage spa too.
resources.assets	8379	MonoBehaviour	steps[12].dialogLine.dialogText	[aaaaaa]▸▸▸▸▸Real[h]ly!?▸▸▸ I work with a REAL Japanese girl!?▸▸▸▸▸ Ahhhh!▸▸▸▸▸ Su▸▸goiii[iii]!▸▸▸▸▸[hh]
resources.assets	8379	MonoBehaviour	steps[13].dialogLine.dialogText	Oh,▸▸▸ n-▸▸▸no,▸▸▸▸▸ I'm not-
resources.assets	8379	MonoBehaviour	steps[14].dialogLine.dialogText	You're tan too,▸▸▸▸▸▸▸ just like me!▸▸▸▸▸▸▸ Oh-▸▸▸Em-▸▸▸Gee!▸▸▸[hh]▸▸▸ Do you also like gyaru fashion!?[hh]
resources.assets	8379	MonoBehaviour	steps[15].dialogLine.dialogText	N-▸▸▸▸▸no,▸▸▸▸▸ uhh,▸▸▸▸▸ no,▸▸ I'm actually Polyn-
resources.assets	8379	MonoBehaviour	steps[16].dialogLine.dialogText	Have you been to Shibuya!?▸▸▸▸▸ Or Hara▸▸▸juku!?▸▸▸▸▸ Or▸▸▸▸▸ Aki▸▸▸▸▸habara!?▸▸▸▸▸[aaaa] What's it like!?[hh]▸▸▸▸▸ Will you take me there sometime!?
resources.assets	8379	MonoBehaviour	steps[17].dialogLine.dialogText	Uhhh...▸▸▸▸▸▸▸▸▸▸ well▸▸▸▸▸ I'd love to,▸▸▸▸▸ but,▸▸▸▸▸ I don't-▸▸▸▸▸ I mean▸▸▸▸▸ I'm not-
resources.assets	8379	MonoBehaviour	steps[18].dialogLine.dialogText	[AA]Ahhhh[hh]! I can't believe I'm actually BEST FRIENDS with a tan Japanese girl!
resources.assets	8379	MonoBehaviour	steps[19].dialogLine.dialogText	Ehhh heh heh heh...[hh]
resources.assets	8379	MonoBehaviour	steps[24].dialogLine.dialogText	What's that smell?▸▸▸▸▸▸▸ You smell that?▸▸▸▸▸▸▸ It smells like...▸▸▸▸▸▸▸▸ like▸▸ a▸▸ fucking▸▸ WE[EE]EB![A]
resources.assets	8379	MonoBehaviour	steps[25].dialogLine.dialogText	Ughh,▸▸▸▸▸ I have to put up with enough of this shit back home.▸▸▸▸▸▸▸▸▸▸ You think anime is popular down here?
resources.assets	8379	MonoBehaviour	steps[26].dialogLine.dialogText	You should see▸▸ Sky▸▸▸ Gar▸▸den!▸▸▸▸▸▸▸▸▸▸▸▸ Where do you think the designs for these love fairy uniforms came from?
resources.assets	8379	MonoBehaviour	steps[27].dialogLine.dialogText	Rescue hotel girl before this dweeb makes her watch an entire season of some magical-▸▸▸chan-▸▸▸girl▸▸ shit.
resources.assets	8379	MonoBehaviour	steps[30].dialogOptions[0].dialogOptionText	Hey! Check out this sweet karate move! Hyagh!
resources.assets	8379	MonoBehaviour	steps[30].dialogOptions[0].steps[0].dialogLine.dialogText	Whooooaa![hh]▸▸▸▸▸ That's▸▸ amaz▸▸ing!▸▸▸▸▸▸▸▸▸▸▸ You know▸▸▸ kara▸▸▸te!?▸▸▸▸▸▸▸▸ Where'd you learn that?▸▸[hh]
resources.assets	8379	MonoBehaviour	steps[30].dialogOptions[1].dialogOptionText	I once had SEX with a Japanese girl. Beat THAT!
resources.assets	8379	MonoBehaviour	steps[30].dialogOptions[1].steps[0].dialogLine.dialogText	You▸▸▸▸▸ DID!?[h]▸▸▸▸▸ No fair!▸▸▸▸▸ I wanna have sex with a Japanese girl!▸▸▸▸▸ Where'd you find her!?
resources.assets	8379	MonoBehaviour	steps[30].dialogOptions[2].dialogOptionText	I'd just like everybody to know that I have a MASSIVE anime figurine collection.
resources.assets	8379	MonoBehaviour	steps[30].dialogOptions[2].steps[0].dialogLine.dialogText	You▸▸▸ collect anime figurines TOO!?▸▸▸▸▸ I only have a few.▸▸▸▸▸ How'd you get so many!?
resources.assets	8379	MonoBehaviour	steps[31].dialogLine.dialogText	[aaaaa]▸▸[aaa]▸▸▸▸▸Wait!▸▸▸▸▸ You went to Japan,▸▸▸▸▸ didn't you!?▸▸▸▸▸ Ahhhh!▸▸▸▸▸ What was your favorite part?[h]
resources.assets	8379	MonoBehaviour	steps[32].dialogOptions[0].dialogOptionText	The rich heritage and time honored customs.
resources.assets	8379	MonoBehaviour	steps[32].dialogOptions[0].steps[0].dialogLine.dialogText	Oh, oh!▸▸▸▸▸ Like▸▸ anime?▸▸▸▸▸ And manga?▸▸▸ And video games!?▸▸▸▸▸ Oh, and hentai too!▸▸
resources.assets	8379	MonoBehaviour	steps[32].dialogOptions[1].dialogOptionText	The bustling cities and incredible infrastructure.
resources.assets	8379	MonoBehaviour	steps[32].dialogOptions[1].steps[0].dialogLine.dialogText	Did you ride the bullet train!? I heard it goes SUPER fast!▸▸▸▸▸ Like,▸▸ SHHHHEEEWWOO[OOOOO]OO![hh]
resources.assets	8379	MonoBehaviour	steps[32].dialogOptions[2].dialogOptionText	Those vending machines with the panties in them.
resources.assets	8379	MonoBehaviour	steps[32].dialogOptions[2].steps[0].dialogLine.dialogText	Oh-▸▸▸Em-▸▸▸GEE!▸▸▸▸▸ They actually HAVE those!?[s]
resources.assets	8379	MonoBehaviour	steps[33].dialogLine.dialogText	[aaaaaaahhh]▸▸[hh]▸▸▸▸▸▸▸I'm so-▸▸▸so-▸▸▸so-▸▸▸▸▸▸SO▸▸▸▸▸ jeal▸▸▸ous!▸▸▸▸▸▸▸▸▸▸ But,▸▸▸ but,▸▸ but, I might be going there soon![hh]
resources.assets	8379	MonoBehaviour	steps[34].dialogLine.dialogText	Mrs. Belrose says she'll take me there if I behave myself and do a real good job![hh]
resources.assets	8379	MonoBehaviour	steps[35].dialogOptions[0].dialogOptionText	Wow, that's awfully nice of her!
resources.assets	8379	MonoBehaviour	steps[35].dialogOptions[0].steps[0].dialogLine.dialogText	Mmm▸▸hmm!▸▸▸▸▸▸▸ Mrs. Belrose is the best!▸▸▸▸▸▸▸ She buys me whatever▸▸ I▸▸ want!▸▸[hh]
resources.assets	8379	MonoBehaviour	steps[35].dialogOptions[1].dialogOptionText	Well I guess you better do a good job then, huh?
resources.assets	8379	MonoBehaviour	steps[35].dialogOptions[1].steps[0].dialogLine.dialogText	Yup yup!▸▸▸▸▸ I'm try▸▸ing!▸▸▸▸▸▸▸ I always do whatever she tells me to!
resources.assets	8379	MonoBehaviour	steps[35].dialogOptions[2].dialogOptionText	Belrose... that last name sounds so familiar... 
resources.assets	8379	MonoBehaviour	steps[35].dialogOptions[2].steps[0].dialogLine.dialogText	Mrs. Belrose owns the whole resort!▸▸▸▸▸ She's super rich▸ and super nice!▸▸
resources.assets	8379	MonoBehaviour	steps[36].dialogLine.dialogText	Lai▸▸▸la[aaaa]ni!▸▸▸▸▸▸▸▸▸▸ When I visit Japan,▸▸▸▸▸ you'll show me all the best spots,▸▸▸▸▸ right?▸▸▸▸▸ Right!?
resources.assets	8379	MonoBehaviour	steps[37].dialogLine.dialogText	Uhhh,▸▸▸▸▸ Suki,▸▸▸▸▸ I don't live in Japa-
resources.assets	8379	MonoBehaviour	steps[38].dialogLine.dialogText	[A]Ahhhh! It's gonna be▸▸ SUPER▸▸ DUPER fun!
resources.assets	8379	MonoBehaviour	steps[39].dialogLine.dialogText	Ehhh heh heh heh...[hh]
resources.assets	8380	MonoBehaviour	steps[2].dialogLine.dialogText	Good day ma'am!▸▸▸▸▸ Welcome to Love Lei Hotel.▸▸▸▸▸ My name is Lailani.
resources.assets	8380	MonoBehaviour	steps[5].dialogLine.dialogText	Oh my▸▸ god!▸▸▸▸▸▸▸ Aren't you just the cutest thing?
resources.assets	8380	MonoBehaviour	steps[6].stringValue	Jessie has been added to the HunieBee!
resources.assets	8380	MonoBehaviour	steps[7].dialogLine.dialogText	With the little flower in your hair and everything. Stop,▸▸▸▸▸ I love it!▸▸▸▸▸
resources.assets	8380	MonoBehaviour	steps[8].dialogLine.dialogText	[hahaha][hhhh]▸▸Me?▸▸▸▸▸[hhhh]▸▸▸▸▸ Nooo...▸▸▸▸▸▸▸▸▸▸ it's just part of the uniform.▸▸▸▸▸[hhhh]▸▸▸▸▸ I appreciate the compliment though!
resources.assets	8380	MonoBehaviour	steps[9].dialogLine.dialogText	How may I be of service to you today?
resources.assets	8380	MonoBehaviour	steps[10].dialogLine.dialogText	Just checking in, sweetheart.▸▸▸▸▸ The last name is Maye.
resources.assets	8380	MonoBehaviour	steps[11].dialogLine.dialogText	Excellent!▸▸▸▸▸ Thank you Mrs. Maye.▸▸▸▸▸▸▸▸▸▸ Give me just one moment to pull up your reservation.
resources.assets	8380	MonoBehaviour	steps[12].dialogLine.dialogText	Technically it's just "Miss",▸▸ but,▸▸▸▸▸ please,▸▸▸▸▸ call me Jessie.
resources.assets	8380	MonoBehaviour	steps[13].dialogLine.dialogText	Yes,▸▸ of course.▸▸▸▸▸ My apologies, Miss Jessie.
resources.assets	8380	MonoBehaviour	steps[14].dialogLine.dialogText	Stop it...▸▸▸▸▸ "Miss Jessie"?▸▸▸▸▸▸▸▸▸▸ How fucking adorable is that?▸▸▸[hh]▸▸▸ Ughh,▸▸▸ I can't stand it.
resources.assets	8380	MonoBehaviour	steps[15].dialogLine.dialogText	[hhaahhaa]▸▸▸▸▸[hhhh]▸▸▸▸▸Okay,▸▸▸▸▸ you're all checked in!▸▸▸▸▸▸▸▸▸▸ Excuse me briefly while I retrieve your key card.
resources.assets	8380	MonoBehaviour	steps[20].dialogLine.dialogText	Awww,▸▸ no▸▸▸ way!▸▸▸▸▸ The porn MILF is here too!?
resources.assets	8380	MonoBehaviour	steps[21].dialogLine.dialogText	Who knew all this CLASSIC cooch would be here just ripe for the stickin'?
resources.assets	8380	MonoBehaviour	steps[21].dialogLine.yuriDialogText	Who knew all this CLASSIC cooch would be here just ripe for the eating?
resources.assets	8380	MonoBehaviour	steps[22].dialogLine.dialogText	Is it▸▸ just▸▸ me▸▸ or...▸▸▸▸▸▸▸▸▸▸ is she even more naked than usual?
resources.assets	8380	MonoBehaviour	steps[23].dialogLine.dialogText	It's hard to tell 'cause most of the time I'm watching videos of her like,▸▸▸▸▸▸▸▸ a hundred percent naked.
resources.assets	8380	MonoBehaviour	steps[24].dialogLine.dialogText	Speaking of which...▸▸▸▸▸ I've seen some stuff where she's with like,▸▸▸▸▸ seven▸▸ or▸▸ eight▸▸ dudes.▸▸▸
resources.assets	8380	MonoBehaviour	steps[24].dialogLine.yuriDialogText	Speaking▸▸ of▸▸ which...▸▸▸▸▸ I've seen some stuff where she's with like,▸▸▸▸▸ seven▸▸ or▸▸ eight▸▸ other chicks.
resources.assets	8380	MonoBehaviour	steps[25].dialogLine.dialogText	So[o],▸▸▸▸▸▸▸▸▸▸ a threesome ought to be like a day off for her!
resources.assets	8380	MonoBehaviour	steps[26].dialogOptions[0].dialogOptionText	Hey beautiful! Remember me?
resources.assets	8380	MonoBehaviour	steps[26].dialogOptions[1].dialogOptionText	Jessie!? I thought that was you! I'd recognize that chest anywhere.
resources.assets	8380	MonoBehaviour	steps[26].dialogOptions[2].dialogOptionText	Look, I know I'm handsome, but you can't follow me around like this.
resources.assets	8380	MonoBehaviour	steps[26].dialogOptions[2].yuriDialogOptionText	Look, I know I'm pretty, but you can't follow me around like this.
resources.assets	8380	MonoBehaviour	steps[27].dialogLine.dialogText	[aaaa]▸▸▸▸▸▸▸▸Oh▸▸ my▸▸ god!▸▸▸▸▸▸▸▸▸▸[hh]▸▸▸▸▸▸▸▸ Are you serious!?▸▸▸[hh]▸▸▸ Hi!▸▸▸▸▸ It's so good to see you!▸▸▸▸▸▸▸▸▸▸▸▸ What are you doing here?
resources.assets	8380	MonoBehaviour	steps[28].dialogOptions[0].dialogOptionText	I'm just here to soak up the sun and get some good old rest and relaxation.
resources.assets	8380	MonoBehaviour	steps[28].dialogOptions[0].steps[0].dialogLine.dialogText	Ughh,▸▸▸▸▸ tell me about it!▸▸▸▸▸▸▸ It's so good to be able to get away from it all for a while,▸▸▸ isn't it?
resources.assets	8380	MonoBehaviour	steps[28].dialogOptions[1].dialogOptionText	It's kind of a long story... but like, I'm sorta here to save the world.
resources.assets	8380	MonoBehaviour	steps[28].dialogOptions[1].steps[0].dialogLine.dialogText	[hahahaha]▸▸▸▸▸[hhhh]▸▸▸▸▸No,▸▸ come on,▸▸▸▸▸ seriously!▸▸▸▸▸▸▸▸▸▸▸▸▸ What brings you to a place like this?
resources.assets	8380	MonoBehaviour	steps[28].dialogOptions[2].dialogOptionText	Truthfully? I was traveling the world in the hopes that I might find you again...
resources.assets	8380	MonoBehaviour	steps[28].dialogOptions[2].steps[0].dialogLine.dialogText	[hahahaha]▸▸[hhhh]▸▸You're so full of shit.▸▸▸▸▸▸▸ I guess nothing's changed, huh?
resources.assets	8380	MonoBehaviour	steps[29].dialogLine.dialogText	I'm meeting up with one of my girlfriends out here for some desperately needed girl time.
resources.assets	8380	MonoBehaviour	steps[30].dialogLine.dialogText	But hey,▸▸▸▸▸ since you're here...▸▸▸▸▸ maybe we can spend some quality time together too.▸▸▸[mmhhmm]
resources.assets	8380	MonoBehaviour	steps[34].dialogLine.dialogText	Okay Miss Jessie, you're all set! Here's your key-▸▸ Oh,▸▸▸▸▸ hello again!▸▸▸▸▸▸▸▸▸▸▸▸▸▸▸▸▸▸▸▸ Do you two know each other?
resources.assets	8380	MonoBehaviour	steps[35].dialogOptions[0].dialogOptionText	You could say that. We sorta used to date. I also dated her dau- Uhhh... dog.
resources.assets	8380	MonoBehaviour	steps[35].dialogOptions[0].steps[0].dialogLine.dialogText	[hahahaha]▸▸▸▸▸[hhhh]▸▸▸I see you haven't lost your...▸▸▸▸▸ special...▸▸▸▸▸ sense of humor.
resources.assets	8380	MonoBehaviour	steps[35].dialogOptions[1].dialogOptionText	Yeah, this is one of my old side pieces. Jackie, right? Or was it Jenny?
resources.assets	8380	MonoBehaviour	steps[35].dialogOptions[1].steps[0].dialogLine.dialogText	Please...▸▸▸▸▸ like you could ever forget me.▸▸▸▸▸ If anybody's the side piece here,▸▸▸▸▸ it's you.
resources.assets	8380	MonoBehaviour	steps[35].dialogOptions[2].dialogOptionText	I've never met this woman before in my life. She just came up and started hitting on me.
resources.assets	8380	MonoBehaviour	steps[35].dialogOptions[2].steps[0].dialogLine.dialogText	[hahahaha]▸▸[hhhh]▸▸Hey, what can I say?▸▸▸▸▸▸▸▸▸▸ I'm a woman who knows what she wants.
resources.assets	8380	MonoBehaviour	steps[36].dialogLine.dialogText	You be careful around this guy,▸▸▸▸▸ Lailani...
resources.assets	8380	MonoBehaviour	steps[36].dialogLine.yuriDialogText	You be careful around this girl,▸▸▸▸▸ Lailani...
resources.assets	8380	MonoBehaviour	steps[37].dialogLine.dialogText	If I know anything about him,▸▸▸▸▸ it's that he's up to no good...
resources.assets	8380	MonoBehaviour	steps[37].dialogLine.yuriDialogText	If I know anything about her,▸▸▸▸▸ it's that she's up to no good...
resources.assets	8381	MonoBehaviour	steps[2].dialogLine.dialogText	Ughh...▸▸▸▸▸ where did that server go?▸▸▸▸▸ I feel like I ordered that Mai Tai ages ago...
resources.assets	8381	MonoBehaviour	steps[5].dialogLine.dialogText	Pardon the interruption,▸▸▸▸▸ but I couldn't help overhearing you.▸▸▸▸▸▸▸▸▸▸▸▸ How long have you been waiting?
resources.assets	8381	MonoBehaviour	steps[6].stringValue	Brooke has been added to the HunieBee!
resources.assets	8381	MonoBehaviour	steps[7].dialogLine.dialogText	I'd say it's been at least,▸▸ what,▸▸ twenty minutes?
resources.assets	8381	MonoBehaviour	steps[8].dialogLine.dialogText	[aaaahh]▸▸▸▸▸▸▸▸I apologize for the inconvenience.▸▸▸▸▸▸▸▸▸▸▸▸▸ We recently hired new waitstaff▸▸▸ and,▸▸▸▸▸▸▸▸▸▸▸▸▸ well,▸▸▸▸▸▸▸▸▸▸▸▸▸▸▸▸▸▸▸▸ they're still learning...
resources.assets	8381	MonoBehaviour	steps[9].dialogLine.dialogText	I'll tell you what...▸▸▸▸▸ don't worry about paying for your next few drinks.▸▸▸▸▸ It's on the house.
resources.assets	8381	MonoBehaviour	steps[10].dialogLine.dialogText	Hey,▸▸▸▸▸▸▸▸▸▸ that works for me!▸▸▸▸▸▸▸▸▸▸ I'm not one to complain about free drinks.▸▸▸▸▸[hhmmhhmm]
resources.assets	8381	MonoBehaviour	steps[11].dialogLine.dialogText	I'm Jessie.▸▸▸▸▸▸▸▸ Do you▸▸▸▸▸ own the resort?
resources.assets	8381	MonoBehaviour	steps[12].dialogLine.dialogText	Name's▸▸▸▸▸ Bro[o]oke.▸▸▸[kk]▸▸▸▸▸▸▸▸▸▸ Technically my husband owns it,▸▸▸▸▸ but, he's back home in the city with the kids.
resources.assets	8381	MonoBehaviour	steps[13].dialogLine.dialogText	So[o],▸▸▸ I came out here to...▸▸▸▸▸▸▸ keep an eye on things...
resources.assets	8381	MonoBehaviour	steps[18].dialogLine.dialogText	Boi-oi-oi-oing!▸▸▸▸▸[hh]▸▸ Is there anything better than a MILF?▸▸▸ Uhh,▸▸▸ yeah!▸▸▸ Two MILFs!▸▸▸
resources.assets	8381	MonoBehaviour	steps[19].dialogLine.dialogText	My▸▸ god...▸▸▸▸▸▸▸▸ between the two of 'em,▸▸▸ there's enough titty milk to end world hunger.
resources.assets	8381	MonoBehaviour	steps[20].dialogLine.dialogText	Now I know what you're thinking...▸▸ "b-[a]b-[a]but▸▸▸▸▸ Kyu...▸▸▸▸▸ she's▸▸▸ married!".▸▸▸▸▸ Pfft!▸▸▸▸▸ SO[OO]!?▸▸▸
resources.assets	8381	MonoBehaviour	steps[21].dialogLine.dialogText	You already railed the blonde one's daughter so don't tell me you're developing a conscience now.
resources.assets	8381	MonoBehaviour	steps[24].dialogOptions[0].dialogOptionText	Aren't you going to introduce me to your new friend, Jessie?
resources.assets	8381	MonoBehaviour	steps[24].dialogOptions[1].dialogOptionText	Uhhh... can I have some free drinks too?
resources.assets	8381	MonoBehaviour	steps[24].dialogOptions[2].dialogOptionText	Am I the only one with a sudden craving for milk?
resources.assets	8381	MonoBehaviour	steps[25].dialogLine.dialogText	Oh, right!▸▸▸▸▸ Where are my manners?▸▸▸▸▸ Brooke, this is...▸▸▸▸▸▸▸▸ a good friend of mine.
resources.assets	8381	MonoBehaviour	steps[26].dialogLine.dialogText	Why▸▸▸ hel▸lo▸▸▸▸▸ there,▸▸▸ pleased to meet you.▸▸▸▸▸ Are you enjoying your stay here at Love Lei?
resources.assets	8381	MonoBehaviour	steps[27].dialogOptions[0].dialogOptionText	Yes, this is a lovely resort you have here.
resources.assets	8381	MonoBehaviour	steps[27].dialogOptions[0].steps[0].dialogLine.dialogText	Won▸▸der▸▸ful!▸▸▸▸▸▸▸▸▸▸ I'm so glad to hear that.
resources.assets	8381	MonoBehaviour	steps[27].dialogOptions[1].dialogOptionText	Ehh, you know... s'okay.
resources.assets	8381	MonoBehaviour	steps[27].dialogOptions[1].steps[0].dialogLine.dialogText	Ughh...▸▸▸▸▸ ignore him,▸▸▸▸▸▸▸▸▸▸ we're having a wonderful time.
resources.assets	8381	MonoBehaviour	steps[27].dialogOptions[1].steps[0].dialogLine.yuriDialogText	Ughh...▸▸▸▸▸ ignore her,▸▸▸▸▸▸▸▸▸▸ we're having a wonderful time.
resources.assets	8381	MonoBehaviour	steps[27].dialogOptions[2].dialogOptionText	I am now that you're here...
resources.assets	8381	MonoBehaviour	steps[27].dialogOptions[2].steps[0].dialogLine.dialogText	Well▸▸ now...▸▸▸▸▸▸▸▸ is that the case?[ss]
resources.assets	8381	MonoBehaviour	steps[29].dialogLine.dialogText	Soo[oo]oo[hh]...▸▸▸▸▸▸▸ what's the situation here?▸▸▸▸▸▸▸▸▸▸ Are you two fucking each other?
resources.assets	8381	MonoBehaviour	steps[30].dialogLine.dialogText	[hahaha]▸▸[hhhh]▸▸Is it that obvious?
resources.assets	8381	MonoBehaviour	steps[31].dialogLine.dialogText	I know a sugar baby when I see one.▸▸▸▸▸▸▸ He's a cute one too.▸▸▸▸▸▸▸▸▸ Good▸▸ for▸▸ you!
resources.assets	8381	MonoBehaviour	steps[31].dialogLine.yuriDialogText	I know a sugar baby when I see one.▸▸▸▸▸▸▸ She's a cute one too.▸▸▸▸▸▸▸▸▸ Good for▸▸ you!
resources.assets	8381	MonoBehaviour	steps[32].dialogLine.dialogText	[mmhhmm]▸▸[hhhh]▸▸What can I say?▸▸▸▸▸▸▸▸▸▸ I know how to pick 'em.▸▸▸▸▸ Isn't that right, sugar baby?
resources.assets	8381	MonoBehaviour	steps[33].dialogOptions[0].dialogOptionText	No, it's not like that! I'm not a sugar baby.
resources.assets	8381	MonoBehaviour	steps[33].dialogOptions[0].steps[0].dialogLine.dialogText	Aww[w]ww[hh],▸▸▸▸▸ isn't▸▸ that▸▸ cute?▸▸▸[tt]▸▸▸▸▸▸▸▸▸▸ Don't worry,▸▸▸▸▸ there's nothing to be embarrassed about.
resources.assets	8381	MonoBehaviour	steps[33].dialogOptions[1].dialogOptionText	Yes, mommy. Thank you again for taking me on vacation with you.
resources.assets	8381	MonoBehaviour	steps[33].dialogOptions[1].steps[0].dialogLine.dialogText	[and]...and so well behaved too!▸▸▸▸▸▸▸▸▸▸ Lucky you!
resources.assets	8381	MonoBehaviour	steps[33].dialogOptions[2].dialogOptionText	...you're behind on this month's payment.
resources.assets	8381	MonoBehaviour	steps[33].dialogOptions[2].steps[0].dialogLine.dialogText	Ooo!▸▸[hh]▸▸▸▸▸ A▸▸ feisty▸▸ one▸▸ too!▸▸▸▸▸▸▸▸▸▸▸▸▸▸▸▸ I▸▸ like▸▸ that...
resources.assets	8381	MonoBehaviour	steps[34].dialogLine.dialogText	Just▸ between▸ us...▸▸▸▸▸▸▸▸▸▸ I'm no stranger to this little arrangement you have here.
resources.assets	8381	MonoBehaviour	steps[35].dialogLine.dialogText	As a matter of fact,▸▸▸▸▸▸▸ I even brought one of my little toys with me to the island.
resources.assets	8381	MonoBehaviour	steps[36].dialogLine.dialogText	[hahaha]▸[hh]▸Oh my god,▸▸ that's so bad...▸▸▸▸▸ I love it.
resources.assets	8382	MonoBehaviour	steps[0].dialogLine.dialogText	Jessie!▸▸▸▸▸ There you are!▸▸▸▸▸▸▸▸▸▸ Hey girl!▸▸▸▸▸ I was starting to wonder if we'd ever find each other!
resources.assets	8382	MonoBehaviour	steps[1].dialogLine.dialogText	[aahh]▸▸My▸▸ sweet▸▸ Lola!▸▸▸▸▸▸▸▸▸▸ How you doing girlfriend?▸▸ I missed you!▸▸▸
resources.assets	8382	MonoBehaviour	steps[2].dialogLine.dialogText	Aww,▸▸▸▸▸ missed you too babe!▸▸▸▸▸▸▸▸▸▸ Sorry I've been so busy the past few months,▸▸▸▸▸ things have just been CRAZY lately.
resources.assets	8382	MonoBehaviour	steps[3].dialogLine.dialogText	But hey!▸▸▸▸▸ I promised you that raincheck and did your girl deliver or what?
resources.assets	8382	MonoBehaviour	steps[4].dialogLine.dialogText	I gotta admit it,▸ this vacation was one of your more brilliant ideas.▸▸▸▸▸▸▸▸▸▸ I REALLY needed it...
resources.assets	8382	MonoBehaviour	steps[5].dialogLine.dialogText	Awwww...▸▸▸▸▸▸▸▸ are things between you and Tiffany still a little rocky?
resources.assets	8382	MonoBehaviour	steps[6].dialogLine.dialogText	[aaaa]▸▸▸▸▸Mmmhmm...▸▸▸▸▸▸▸▸▸▸ and on top of that,▸▸▸▸▸ now she has me blocked on social media too...
resources.assets	8382	MonoBehaviour	steps[7].dialogLine.dialogText	Aww,▸▸▸▸▸ don't worry angel face!▸▸▸▸▸ She'll come around! You'll see!
resources.assets	8382	MonoBehaviour	steps[8].dialogLine.dialogText	For now...▸▸▸▸▸ just enjoy yourself girl!▸▸▸▸▸ We're on vacation!
resources.assets	8383	MonoBehaviour	steps[0].dialogLine.dialogText	Sorry,▸▸▸▸▸ I don't mean to be rude,  but I simply HAVE to ask...▸▸▸▸▸ what in the WORLD are you wearing?
resources.assets	8383	MonoBehaviour	steps[1].dialogLine.dialogText	I'm wearing...▸▸▸▸▸ clothes.▸▸▸▸▸▸▸▸▸▸ Most find the naked human body to be,▸▸▸ for some reason,▸▸▸▸▸ objectionable.
resources.assets	8383	MonoBehaviour	steps[2].dialogLine.dialogText	No, no,▸▸▸ I mean,▸▸▸▸▸ how did you come up with this WILD style of yours?
resources.assets	8383	MonoBehaviour	steps[3].dialogLine.dialogText	Do you find my appearance...▸▸▸▸▸▸▸▸▸▸ disagreeable?
resources.assets	8383	MonoBehaviour	steps[4].dialogLine.dialogText	Just the opposite, actually! The outfit, the hair, the shoes...▸▸▸▸▸ I LOVE this look!
resources.assets	8383	MonoBehaviour	steps[5].dialogLine.dialogText	You have GOT to tell me where you get your clothing and accessories from!
resources.assets	8384	MonoBehaviour	steps[0].dialogLine.dialogText	Uhh,▸▸▸ excuse me!▸▸▸▸▸ H-▸▸hi,▸▸▸▸▸ umm, uhh,▸▸ sorry to bother you, but...▸▸ you're Misty Katz,▸▸▸▸▸ right!?
resources.assets	8384	MonoBehaviour	steps[1].dialogLine.dialogText	Guil▸▸ty!▸▸▸▸▸[hahahaha]▸▸[hhhh]
resources.assets	8384	MonoBehaviour	steps[2].dialogLine.dialogText	REALLY!?▸▸▸▸▸ No!▸▸▸▸▸▸▸▸▸▸ I can't-▸▸▸▸▸ Oh my-▸▸▸▸▸ Wow!▸▸ I can't believe I'm meeting▸▸ THE Misty Katz!▸▸[hh]
resources.assets	8384	MonoBehaviour	steps[3].dialogLine.dialogText	I'm Abia!▸▸▸▸▸▸▸▸▸▸ I'm your biggest fan!▸▸▸▸▸▸▸▸▸▸ I've seen all your films at least a dozen times![hh]
resources.assets	8384	MonoBehaviour	steps[4].dialogLine.dialogText	Awww!▸▸▸▸▸▸▸▸▸ Thank you sweetie.▸▸▸▸▸▸▸▸▸▸▸▸▸ I'm always happy to meet a fan of my work.▸▸▸▸▸▸▸▸ What's your favorite film?
resources.assets	8384	MonoBehaviour	steps[5].dialogLine.dialogText	My favorite?▸▸▸▸▸ Uhhh,[uhh]▸▸▸▸▸ well[heh],▸▸▸▸▸ lately I've been watching the one with you and Brandi Lux▸▸▸ a lot...
resources.assets	8384	MonoBehaviour	steps[6].dialogLine.dialogText	The way she...[hh]▸▸ well,▸▸▸ you know... goes down... there... on you. It's just...▸▸▸▸▸ it looks▸▸▸▸▸ so dreamy...[heh][heh]
resources.assets	8384	MonoBehaviour	steps[7].dialogLine.dialogText	[aahhaa]▸▸▸I remember that one...▸▸▸[hh]▸▸▸ that was a fun shoot.▸▸▸▸▸ Brandi really knows how to work with her tongue.
resources.assets	8384	MonoBehaviour	steps[8].dialogLine.dialogText	Yeeeeaahh...▸▸▸▸▸[hh]▸▸▸▸▸▸▸▸▸▸▸▸▸▸▸▸▸▸▸▸ Gahh!▸▸▸▸▸ Uhh,▸▸▸▸▸ sorry,▸▸▸▸▸ I got a little...▸▸▸▸▸ lost in thought.▸▸▸▸▸ I'm just-▸▸▸▸▸just so nervous!▸▸[ha][ha]▸▸[hhhh]
resources.assets	8384	MonoBehaviour	steps[9].dialogLine.dialogText	There's nothing to be nervous about sweetie.▸▸▸ I don't bite...▸▸▸ well,▸▸▸▸▸ not unless you ask me to.▸▸[hhmmhhmm]
resources.assets	8385	MonoBehaviour	steps[0].dialogLine.dialogText	Ummm...▸▸ okaaaayy?▸▸▸ That's...[hh]▸▸▸ kinda like bullshit though? Like,[hh] I just wanna order a mojito...
resources.assets	8385	MonoBehaviour	steps[1].dialogLine.dialogText	I'm▸▸▸▸▸ very sorry miss...▸▸▸▸▸▸▸▸▸▸ but,▸▸▸▸▸ unfortunately we're not allowed to serve alcohol to anyone under twenty-one.
resources.assets	8385	MonoBehaviour	steps[2].dialogLine.dialogText	I▸▸▸ already told you...▸▸ I'm▸▸ twenty-two!▸▸▸[hh]▸▸▸ It's right here on my ID,▸▸ duh...▸▸
resources.assets	8385	MonoBehaviour	steps[3].dialogLine.dialogText	Uhhh,▸▸▸▸▸ right,▸▸▸▸▸▸▸▸▸▸ about the ID you gave me...▸▸▸▸▸▸▸▸▸▸ I'm afraid we can't accept it...
resources.assets	8385	MonoBehaviour	steps[4].dialogLine.dialogText	Ooo▸▸kaa[aa]aayy[yy]... but like,▸▸ why not?
resources.assets	8385	MonoBehaviour	steps[5].dialogLine.dialogText	I don't mean to accuse you of anything...▸▸▸▸▸▸▸▸▸▸ but,▸▸▸▸▸ the picture doesn't look anything like you...
resources.assets	8385	MonoBehaviour	steps[6].dialogLine.dialogText	Ughh,▸▸ just forget it.▸▸[hh]▸▸▸ I guess I'll just sit here and▸▸▸▸▸ DIE▸▸ of▸▸ thirst![h]
resources.assets	8385	MonoBehaviour	steps[7].dialogLine.dialogText	'Cause,▸▸[hh]▸▸ CLEAR▸▸▸LY...▸▸▸▸▸ that's▸▸ what everybody wants![h]
resources.assets	8386	MonoBehaviour	steps[0].dialogLine.dialogText	I see...▸▸▸▸▸▸▸▸▸▸▸▸ so,▸▸▸▸▸▸▸ you have issues with your parents as well?▸▸▸▸▸▸▸▸▸▸ I'm sorry to hear that...
resources.assets	8386	MonoBehaviour	steps[1].dialogLine.dialogText	Umm,▸▸▸▸▸▸▸ yeeea[a]hh[h]!▸▸▸▸▸ My parents pretty much fucking HATE me▸▸▸[hh]▸▸▸ and wish▸▸ I was never▸▸ bo[o]rn?
resources.assets	8386	MonoBehaviour	steps[2].dialogLine.dialogText	They won't let me do▸▸ ANY▸▸THING!▸▸[hh]▸▸ It's like,▸▸ [U]UMM,▸▸▸ HEL▸▸LO!?▸▸▸▸▸ I'm EIGH▸▸TEEN!▸▸▸[h]
resources.assets	8386	MonoBehaviour	steps[3].dialogLine.dialogText	That sounds horrible...
resources.assets	8386	MonoBehaviour	steps[4].dialogLine.dialogText	One time they took my phone away for a fucking [W]WEEK!▸▸▸[un]▸[huh]▸▸▸▸▸▸▸ I'm NOT▸▸▸ even kidding...▸▸
resources.assets	8386	MonoBehaviour	steps[5].dialogLine.dialogText	All I did▸▸ was▸▸ crash the stupid car▸▸ into▸▸ a stupid tree...▸▸ tch![hh]▸▸▸▸▸▸▸▸[hh] What about you?
resources.assets	8386	MonoBehaviour	steps[6].dialogLine.dialogText	Ummm...▸▸▸▸▸▸▸▸▸▸ well,▸▸▸▸▸ I▸▸▸▸▸ once▸▸▸▸▸ left the house without the proper covering on my arms and legs...
resources.assets	8386	MonoBehaviour	steps[7].dialogLine.dialogText	I'd▸▸▸▸▸ rather not talk about what happened...▸▸▸▸▸ but,▸▸▸▸▸ it's in the past!▸▸▸▸▸ I'm okay now![hh]
resources.assets	8386	MonoBehaviour	steps[8].dialogLine.dialogText	Uhhhhhhhh... well, my parents... uhhhh... never mind...
resources.assets	8387	MonoBehaviour	steps[0].dialogLine.dialogText	Who are you cosplaying as!?▸▸▸▸▸▸▸ Is that Nioshi from Cyber Detective Nioshi!?
resources.assets	8387	MonoBehaviour	steps[1].dialogLine.dialogText	Cos▸▸▸▸▸play...▸▸▸▸▸▸▸▸▸▸▸▸▸▸▸ what a curious ritual,▸▸▸▸▸▸▸▸▸▸ dressing up as though you're a fictional character...
resources.assets	8387	MonoBehaviour	steps[2].dialogLine.dialogText	I wonder,▸▸ sometimes...▸▸▸▸▸▸▸▸▸▸▸▸▸ perhaps we,▸▸▸▸▸▸▸▸▸▸▸▸▸ ourselves,▸▸▸▸▸▸▸▸▸▸▸▸▸ are the fictional characters...
resources.assets	8387	MonoBehaviour	steps[3].dialogLine.dialogText	[aaaa]▸You real[h]ly think so!?▸▸ Like,▸▸▸ like,▸▸ like maybe I'm a super▸▸ cute▸▸ anime▸▸ girl?[hh]
resources.assets	8387	MonoBehaviour	steps[4].dialogLine.dialogText	One can never know the truth of reality.▸▸▸▸▸▸▸▸▸▸ It seems all possibilities must be considered...
resources.assets	8387	MonoBehaviour	steps[5].dialogLine.dialogText	Oooohh...▸▸▸▸▸▸▸ o▸▸kay...[h]
resources.assets	8387	MonoBehaviour	steps[6].dialogLine.dialogText	Wanna be friends!?[s]
resources.assets	8387	MonoBehaviour	steps[7].dialogLine.dialogText	Hmmm...▸▸▸▸▸▸▸▸▸▸▸▸▸▸▸▸▸▸ I'm sorry,▸▸▸▸▸▸▸▸▸▸▸▸▸ but I'm not feeling a very strong connection...
resources.assets	8387	MonoBehaviour	steps[8].dialogLine.dialogText	Pleeeeeeeeeeeeeeeeeeeease!?[hh]
resources.assets	8387	MonoBehaviour	steps[9].dialogLine.dialogText	Okay!▸▸▸▸▸▸▸▸▸▸ Okay...▸▸▸▸▸ if you...▸▸▸▸▸ promise▸▸ to stop doing that,▸▸▸▸▸▸▸▸ please...
resources.assets	8387	MonoBehaviour	steps[10].dialogLine.dialogText	Oh yeah!▸▸▸▸▸ Cyber assistant Suki,▸▸▸ reporting for duty!
resources.assets	8388	MonoBehaviour	steps[0].dialogLine.dialogText	Millions▸▸ of▸▸ viewers?▸▸▸▸▸▸▸▸▸▸▸▸ Fascinating...▸▸▸▸▸▸▸▸▸▸ and▸▸ what do you discuss during your video broadcasts?
resources.assets	8388	MonoBehaviour	steps[1].dialogLine.dialogText	Oh, it's a beauty channel!▸▸▸▸▸▸▸▸ I mainly do makeup tutorials.▸▸▸▸▸▸▸▸▸▸ What can I say?▸▸▸▸▸ Girls▸▸ love▸▸ makeup!
resources.assets	8388	MonoBehaviour	steps[2].dialogLine.dialogText	Yes,▸▸▸▸▸▸▸▸▸▸▸▸▸▸▸ I've found that to be true.▸▸▸▸▸▸▸▸▸▸ Makeup is an interest that I share as well.
resources.assets	8388	MonoBehaviour	steps[3].dialogLine.dialogText	I[I]▸▸▸▸ SEE▸▸▸▸ that...▸▸[hh]▸▸▸▸▸▸▸▸▸▸▸▸ I could umm,▸▸▸▸▸▸▸▸▸▸▸▸ probably give you some tips,▸▸▸▸▸ if you want...[t]
resources.assets	8388	MonoBehaviour	steps[4].dialogLine.dialogText	Oh?▸▸▸▸▸▸▸▸▸▸▸▸ Is there...▸▸▸▸▸▸▸▸▸▸ something wrong with the way I've applied my makeup?
resources.assets	8388	MonoBehaviour	steps[5].dialogLine.dialogText	No,▸▸ no!▸▸▸▸▸▸▸ You look...[hh]▸▸▸▸▸ greeeeaat.▸▸▸ It's just...▸▸▸▸▸ white eyeshadow▸▸▸▸ and lipstick...▸▸▸▸▸ it's,▸▸▸▸▸▸▸▸▸▸ an interesting statement...[t]
resources.assets	8388	MonoBehaviour	steps[6].dialogLine.dialogText	Should I have gone instead with,▸▸ perhaps...▸▸▸▸▸▸▸▸▸▸▸▸▸ orange and green?
resources.assets	8388	MonoBehaviour	steps[7].dialogLine.dialogText	Ummm,▸▸▸▸▸ that's...▸▸▸▸▸▸▸▸▸▸▸▸ an▸▸ option.▸▸▸▸▸[hh]▸▸▸▸▸ Maybe it's best just to...▸▸▸▸▸▸▸▸ stick with the white for now...[hh]
resources.assets	8389	MonoBehaviour	steps[0].dialogLine.dialogText	Ko▸▸nichi▸▸▸wa!▸▸▸▸▸▸▸▸ I'm Suki!▸▸▸▸▸▸▸ What's your name?
resources.assets	8389	MonoBehaviour	steps[1].dialogLine.dialogText	Uhhhh...▸▸▸▸▸ Nora.▸▸▸▸▸▸▸▸▸▸▸▸▸▸▸ Is there...▸▸▸▸▸ somethin' I can help you with?
resources.assets	8389	MonoBehaviour	steps[2].dialogLine.dialogText	N[n]nnope!▸▸▸▸▸ Just sayin' hi!▸▸▸▸▸ So,▸▸ HI!
resources.assets	8389	MonoBehaviour	steps[3].dialogLine.dialogText	Hi[ii]...[hh]
resources.assets	8389	MonoBehaviour	steps[4].dialogLine.dialogText	I like that▸▸▸ dot▸▸▸ under your eye!▸▸▸▸▸▸▸▸▸▸▸▸▸ What is that?▸▸▸ Does it hurt?▸▸▸ Can I touch it?
resources.assets	8389	MonoBehaviour	steps[5].dialogLine.dialogText	My▸▸▸▸▸ mole?▸▸▸▸▸▸▸▸▸▸▸▸▸▸▸ Nah,▸▸ it don't hurt...▸▸▸▸▸▸▸▸▸▸ but, I'd kinda prefer it if you like,▸▸ didn't touch it...
resources.assets	8389	MonoBehaviour	steps[6].dialogLine.dialogText	Mmm▸▸▸▸kay![h]
resources.assets	8389	MonoBehaviour	steps[7].dialogLine.dialogText	You're▸▸▸ pretty!▸▸▸▸▸ And, you seem super nice!▸▸▸▸▸ Aaaannd▸▸▸ I like your earrings!▸▸▸▸▸▸▸ Can we be friends?
resources.assets	8389	MonoBehaviour	steps[8].dialogLine.dialogText	Uhhh,▸▸ yeah,▸▸ sure,▸▸ alright...▸▸▸[h]▸▸[h]▸ why not?
resources.assets	8390	MonoBehaviour	steps[0].dialogLine.dialogText	Sarah▸▸▸ Stev▸▸ens!▸▸▸▸▸▸▸▸▸ I sent you a text▸▸▸ hours▸▸▸ ago.▸▸▸▸▸▸▸▸▸▸▸▸▸ Where have you been?
resources.assets	8390	MonoBehaviour	steps[1].dialogLine.dialogText	Hi▸▸ Mrs.▸ Belrose!▸▸▸▸▸▸[hh] Sorry!▸▸▸▸▸▸▸▸ I forgot that I put my phone on silent...[hh]
resources.assets	8390	MonoBehaviour	steps[2].dialogLine.dialogText	Well,▸▸ dear...▸▸▸▸▸▸▸ I'm not paying you to run around the island ignoring my texts, am I?
resources.assets	8390	MonoBehaviour	steps[3].dialogLine.dialogText	Noooo...[hh]▸▸▸▸▸ soooorryy...
resources.assets	8390	MonoBehaviour	steps[4].dialogLine.dialogText	[aaaahh]▸▸▸▸▸▸▸▸▸Honestly...▸▸▸▸▸▸▸▸▸▸ sometimes I question why I continue to tolerate your behavior...
resources.assets	8390	MonoBehaviour	steps[5].dialogLine.dialogText	You said▸▸ it's 'cause I'm adorable, and I got chubby cheeks,▸▸ and I do whatever you say![hh]
resources.assets	8390	MonoBehaviour	steps[6].dialogLine.dialogText	Well, you got me there...
resources.assets	8391	MonoBehaviour	steps[0].dialogLine.dialogText	Ready for your first dancin' lesson Lai▸▸la[aa]ni?
resources.assets	8391	MonoBehaviour	steps[1].dialogLine.dialogText	Uhhh...▸▸▸▸▸ I hope so!
resources.assets	8391	MonoBehaviour	steps[2].dialogLine.dialogText	We'll start with my favorite...[hh]▸▸▸▸▸ twerkin'!▸▸▸▸▸ It's fun!▸▸[hh]▸▸ You just arch your back, and jiggle your buns!▸▸[s]
resources.assets	8391	MonoBehaviour	steps[3].dialogLine.dialogText	[h]M-▸▸my buns!?▸▸▸▸▸▸▸▸▸▸ [h]Mmm,▸▸▸▸▸▸▸▸▸▸ umm,▸▸▸▸▸ I was hoping we could start with something a little less...▸▸▸▸▸ suggestive?
resources.assets	8391	MonoBehaviour	steps[4].dialogLine.dialogText	[OOO]Ohhhh...▸▸▸▸▸▸▸ you mean like,▸▸▸▸[hh]▸ chair▸▸ dancin'?▸▸
resources.assets	8391	MonoBehaviour	steps[5].dialogLine.dialogText	I was thinking▸▸ maybe something like...▸▸▸▸▸ hula?
resources.assets	8391	MonoBehaviour	steps[6].dialogLine.dialogText	Oh![haha] [ha]Okay,▸▸▸ sure!▸▸▸▸▸▸▸▸ Hula's▸▸ ea▸▸sy!▸▸▸▸▸▸▸▸ It's all in the hips![s]
resources.assets	8392	MonoBehaviour	steps[0].dialogLine.dialogText	Hi▸ there Abia!
resources.assets	8392	MonoBehaviour	steps[1].dialogLine.dialogText	Oh!▸▸▸▸▸▸▸▸▸▸ Umm,▸▸▸▸▸ ahhh...▸▸ h-▸▸hi Candace![hh]
resources.assets	8392	MonoBehaviour	steps[2].dialogLine.dialogText	I ain't see'd you come by club for a few days...[ss]▸▸▸▸▸▸▸▸▸▸ are you alright?▸▸[hh]▸▸▸ You ain't sick are ya?
resources.assets	8392	MonoBehaviour	steps[3].dialogLine.dialogText	N-▸▸▸▸▸no,▸▸▸▸▸ it's nothing like that!▸▸▸▸▸ I just...▸▸▸▸▸ have to save my money,▸▸▸▸▸ so I can▸▸▸▸▸ pay my rent this month.[hh]
resources.assets	8392	MonoBehaviour	steps[4].dialogLine.dialogText	Whenever I go to the▸▸[hh]▸▸ s-strip club I have a t-tendency to uhh...▸▸▸▸▸ uhh, spend my entire paycheck...[hh]
resources.assets	8392	MonoBehaviour	steps[5].dialogLine.dialogText	[hahahahaha]▸▸[hhhh]▸▸That's why you're my favoritest customer in the whole world!
resources.assets	8392	MonoBehaviour	steps[6].dialogLine.dialogText	Come see me soon,▸▸▸▸▸▸▸▸ [h]mmkay?▸▸▸▸▸▸▸▸▸▸▸▸▸▸▸ I'll do that thing you like where I bite your ear!▸▸[hahahaha]▸▸▸[hhhh]
resources.assets	8392	MonoBehaviour	steps[7].dialogLine.dialogText	Unnnghh...[hhhh]
resources.assets	8393	MonoBehaviour	steps[0].dialogLine.dialogText	Wait▸▸▸▸▸ a▸▸▸▸▸ sec▸▸▸▸▸ond...[h]▸▸▸▸▸▸▸▸▸▸ Candace!?▸▸▸▸▸▸▸▸▸▸ Little Candy from down the street? Is that you!?
resources.assets	8393	MonoBehaviour	steps[1].dialogLine.dialogText	Huh?▸▸▸▸▸▸▸▸▸▸ Uhhh...▸▸▸▸▸ am I supposta know you?
resources.assets	8393	MonoBehaviour	steps[2].dialogLine.dialogText	It's▸▸ Pol▸▸ly!▸▸▸▸▸ Remember?▸▸▸[hh]▸▸▸ I used to▸▸ babysit you when you were little!
resources.assets	8393	MonoBehaviour	steps[3].dialogLine.dialogText	Pol▸▸▸ly!?▸▸▸▸▸ [ha]No kiddin'!?[hh]▸▸▸▸▸ That's real[h]ly you?▸▸▸▸▸ Wow,▸▸▸▸[hh]▸▸▸▸ you look real[h]ly REAL[h]LY different now!
resources.assets	8393	MonoBehaviour	steps[4].dialogLine.dialogText	Look▸▸ who's▸▸ talk▸▸in'!▸▸▸▸[hh]▸▸▸▸ You▸▸▸ certainly▸▸▸ bloss▸▸▸omed!▸▸▸▸[hh]▸▸▸▸ I'm in love with this pink aesthetic you got goin' on!
resources.assets	8393	MonoBehaviour	steps[5].dialogLine.dialogText	I can't believe I'm runnin' into you like this![ss]▸▸▸▸▸▸▸▸▸▸ What are you doin' with yourself these days?
resources.assets	8393	MonoBehaviour	steps[6].dialogLine.dialogText	I'm a stripper!
resources.assets	8393	MonoBehaviour	steps[7].dialogLine.dialogText	A stripper!?▸▸▸▸▸ Good heavens...[hh]▸▸ my little Candy grew up so fast![h]
resources.assets	8393	MonoBehaviour	steps[8].dialogLine.dialogText	Mmm▸▸hmm!▸▸▸▸▸▸▸▸▸▸[hahahahaha]▸▸▸▸▸[hhhh]
resources.assets	8394	MonoBehaviour	steps[0].dialogLine.dialogText	Hee[eeee]ee[yy]yy...▸▸▸▸▸▸▸▸▸▸▸▸▸▸▸ sick▸▸▸▸▸ arm▸▸▸▸▸ tattoo[oooo]!▸▸▸▸▸▸▸▸▸▸▸▸▸▸▸▸▸▸▸▸▸▸▸▸▸▸▸▸ "N[nnnnoooooo]ora..."▸▸▸▸▸▸▸▸▸▸▸▸▸▸▸ Is that your girlfriend's name or something?
resources.assets	8394	MonoBehaviour	steps[1].dialogLine.dialogText	Hmm?▸▸▸▸▸▸▸▸▸▸ Oh,▸▸ thanks.▸▸[s]▸▸▸▸▸▸▸▸▸▸ Nah,▸▸ that's me.▸▸▸▸▸▸▸ I got that back when I was like nineteen...
resources.assets	8394	MonoBehaviour	steps[2].dialogLine.dialogText	Awww,▸▸▸▸▸▸ sh[ii]it![t]▸▸▸▸▸▸▸ Nice▸▸ chest▸▸ piece.▸▸▸▸▸▸▸▸▸▸ I been meanin' to get somethin' done on my chest.
resources.assets	8394	MonoBehaviour	steps[3].dialogLine.dialogText	I was just about to say the same about your nose stud.▸▸▸▸▸▸▸▸▸▸ I really gotta get one of those...
resources.assets	8394	MonoBehaviour	steps[4].dialogLine.dialogText	Is that your only piercing?
resources.assets	8394	MonoBehaviour	steps[5].dialogLine.dialogText	Nah,▸▸▸▸▸▸▸▸▸▸▸▸ I got another one...
resources.assets	8394	MonoBehaviour	steps[6].dialogLine.dialogText	Nice.▸▸▸▸▸ Where at?
resources.assets	8394	MonoBehaviour	steps[7].dialogLine.dialogText	Uhh[hhhh]hh...[hh]
resources.assets	8394	MonoBehaviour	steps[8].dialogLine.dialogText	Your cunt?
resources.assets	8394	MonoBehaviour	steps[9].dialogLine.dialogText	Yup.[h]
resources.assets	8395	MonoBehaviour	steps[0].dialogLine.dialogText	No way...▸▸▸▸▸ get the fuck outta here!▸▸ You're forty!?▸▸▸▸▸▸▸▸▸▸▸▸▸ You don't look a day over thirty!
resources.assets	8395	MonoBehaviour	steps[1].dialogLine.dialogText	You▸▸ flatter me!▸▸▸▸▸▸▸▸▸▸▸▸ I do my best▸▸ to...▸▸▸▸▸▸▸ keep up my appearance.
resources.assets	8395	MonoBehaviour	steps[2].dialogLine.dialogText	Seriously,▸▸▸▸▸▸▸▸ you could be a model!▸▸▸▸▸▸▸▸ Take it from me,▸▸▸▸▸ you definitely have the look.
resources.assets	8395	MonoBehaviour	steps[3].dialogLine.dialogText	Well,▸▸ I can't take ALL the credit.▸▸▸▸▸▸▸▸ My plastic surgeon is a real miracle worker.
resources.assets	8395	MonoBehaviour	steps[4].dialogLine.dialogText	Ahhhh[hhhh],▸▸▸▸▸▸▸▸▸▸ you've had a little work done?
resources.assets	8395	MonoBehaviour	steps[5].dialogLine.dialogText	A▸▸ LITTLE work done?▸▸▸▸▸▸▸[hh]▸▸▸▸▸[aaaa]▸▸▸ Yes,▸▸▸ I suppose you could say that...
resources.assets	8396	MonoBehaviour	steps[0].dialogLine.dialogText	Oh,▸▸▸▸ you're married?▸▸▸▸▸[hh]▸▸▸▸▸ Oh,▸▸▸ lucky▸▸▸ you!▸▸▸▸▸[hh]▸▸▸▸▸▸▸▸▸▸ I'm still searching for my special someone...[hh]
resources.assets	8396	MonoBehaviour	steps[1].dialogLine.dialogText	Hun,▸▸▸▸▸▸▸ take it from someone who's been married three times...▸▸▸▸▸▸▸▸▸▸ it's▸▸▸ not all it's cracked up to be.
resources.assets	8396	MonoBehaviour	steps[2].dialogLine.dialogText	Awww[ww],▸▸▸▸▸▸▸▸▸▸ what happened with your previous marriages?
resources.assets	8396	MonoBehaviour	steps[3].dialogLine.dialogText	I found somebody with more...▸▸▸▸▸▸▸▸▸▸▸▸ well,▸▸▸▸▸▸▸▸▸▸ let's just say,▸▸▸▸▸▸▸▸▸▸ more▸ to▸ offer.
resources.assets	8396	MonoBehaviour	steps[4].dialogLine.dialogText	What's your rush?▸▸▸▸▸ You're young,▸▸ beautiful,▸▸ and successful!▸▸▸▸▸ I'd trade places with you in an instant!
resources.assets	8396	MonoBehaviour	steps[5].dialogLine.dialogText	I[I]▸ don't▸▸▸ know[whhah]...▸▸▸▸▸▸▸▸▸▸ I just LOVE the idea of being a▸▸▸▸▸ cute little housewife for my future hubby![h]
resources.assets	8396	MonoBehaviour	steps[5].dialogLine.yuriDialogText	I[I] don't▸▸ know[whhah]...▸▸▸▸▸▸▸▸▸▸ I just▸▸▸▸▸ LOVE the idea of being a▸▸▸▸▸ cute little housewife for my future wifey![h]
resources.assets	8396	MonoBehaviour	steps[6].dialogLine.dialogText	[aaaahh]▸▸▸▸▸To be so naive and idealistic again...
resources.assets	8397	MonoBehaviour	steps[0].dialogLine.dialogText	I've been so busy working, I don't even know how long it's been since I've gotten any...
resources.assets	8398	MonoBehaviour	steps[0].dialogLine.dialogText	Impressive,▸▸▸▸▸ for a human...▸▸▸▸▸ but this isn't over yet!
resources.assets	8399	MonoBehaviour	steps[0].dialogLine.dialogText	[hahahahahaha]▸▸▸▸▸We're just getting started!
resources.assets	8400	MonoBehaviour	steps[0].dialogLine.dialogText	We're not through with you yet, mortal!
resources.assets	8401	MonoBehaviour	steps[0].dialogLine.dialogText	Argh!▸▸▸▸▸ This guy is getting on my nerves!
resources.assets	8401	MonoBehaviour	steps[0].dialogLine.yuriDialogText	Argh!▸▸▸▸▸ This bitch is getting on my nerves!
resources.assets	8402	MonoBehaviour	steps[0].dialogLine.dialogText	It's time to show you what we've REALLY got!
resources.assets	8403	MonoBehaviour	steps[0].dialogLine.dialogText	ENOUGH!▸▸▸▸▸▸▸▸▸▸ Playtime is over!▸▸▸▸▸ We'll end this OURSELVES!
resources.assets	8404	MonoBehaviour	steps[0].dialogLine.dialogText	Now THAT...▸▸▸▸▸ was a VERY thorough investigation...▸▸▸▸▸▸▸▸▸▸
resources.assets	8404	MonoBehaviour	steps[1].dialogLine.dialogText	Unh-huh...▸▸▸▸▸ j-▸▸just d-▸▸▸▸▸doing my job...[hahaha]▸▸[hhhh]
resources.assets	8405	MonoBehaviour	steps[0].dialogLine.dialogText	Okay!▸▸▸▸▸ Now we're DEFINITELY even!
resources.assets	8405	MonoBehaviour	steps[1].dialogLine.dialogText	Ay[y]e[e],▸▸▸▸▸ bein' in debt to you ain't so bad,▸▸▸▸ shiiiit...▸▸▸▸▸[hh] I might just have to take somethin' else!
resources.assets	8406	MonoBehaviour	steps[0].dialogLine.dialogText	[ha]Oop▸▸▸sie!▸▸▸[hh]▸▸▸ I think we made a big mess in the water...[h]
resources.assets	8406	MonoBehaviour	steps[1].dialogLine.dialogText	Yeah...▸▸▸▸▸ I'm definitely gonna have to add some extra chlorine in there...
resources.assets	8407	MonoBehaviour	steps[0].dialogLine.dialogText	Good▸▸ness▸▸▸ grac▸▸ious...[hh]▸▸▸▸▸▸▸▸ now that's a video I will NOT be posting to my channel.
resources.assets	8407	MonoBehaviour	steps[1].dialogLine.dialogText	Awww!▸▸▸▸▸ Come on!▸▸▸▸▸▸▸▸▸▸ That's a guaranteed viral hit right there!▸▸▸▸▸[hahahaha]▸▸[hhhh]
resources.assets	8408	MonoBehaviour	steps[0].dialogLine.dialogText	Ash,▸▸ you're▸▸ NOT gonna tell my parents about that,▸[hh]▸▸▸ are▸▸ you?[h]
resources.assets	8408	MonoBehaviour	steps[1].dialogLine.dialogText	Are you kidding me?▸▸▸▸▸▸▸ Lil,▸▸▸▸▸ nobody can EVER find out about this shit...
resources.assets	8409	MonoBehaviour	steps[0].dialogLine.dialogText	Okay,▸▸ you're not gonna like...▸▸▸▸▸ say▸ anything▸ really▸ weird▸▸ again,▸▸▸ are▸ you?
resources.assets	8409	MonoBehaviour	steps[1].dialogLine.dialogText	If you wish,▸▸▸▸▸ I'll▸▸▸ reserve my initial comment▸▸ and say instead:▸▸▸▸▸▸▸▸▸▸▸▸▸ thank you...▸▸▸▸▸▸▸▸▸▸▸▸▸▸▸▸▸▸▸▸ for the sex.
resources.assets	8410	MonoBehaviour	steps[0].dialogLine.dialogText	[A]Ahhhh[h]! I can't believe I had sex with a REAL Japanese girl!▸▸▸▸▸ I'm like a hentai character!▸▸▸▸▸[haha]▸[hh]
resources.assets	8410	MonoBehaviour	steps[1].dialogLine.dialogText	Ehhh heh heh heh...[hh]
resources.assets	8411	MonoBehaviour	steps[0].dialogLine.dialogText	Wow...▸▸[hh]▸▸▸▸▸▸▸▸ Miss Jessie,▸▸[hh]▸▸▸▸▸ you're▸▸▸▸▸ REALLY▸▸ good▸▸▸ at that...
resources.assets	8411	MonoBehaviour	steps[1].dialogLine.dialogText	[aahhaa]▸▸[hhhh]▸▸Well,▸▸ sweetie,▸▸▸▸▸ I AM a professional...
resources.assets	8412	MonoBehaviour	steps[0].dialogLine.dialogText	Jes▸▸sie...▸▸▸▸▸▸▸▸▸▸▸▸▸ I think you may have changed my mind about older women...
resources.assets	8412	MonoBehaviour	steps[1].dialogLine.dialogText	[hahaha]▸▸[hhhh]▸▸▸▸▸Glad I could help.▸▸▸▸▸ You'd be surprised how often I hear that!
resources.assets	8413	MonoBehaviour	steps[0].dialogLine.dialogText	Wow▸▸ Lola!▸▸▸▸▸▸▸▸▸▸ I don't think I've EVER seen that side of you!▸▸▸▸▸ Where has SHE been hiding?
resources.assets	8413	MonoBehaviour	steps[1].dialogLine.dialogText	Yeeeeaahh...▸▸▸ that's sorta been on my mind for a long time...
resources.assets	8414	MonoBehaviour	steps[0].dialogLine.dialogText	That isn't how I pictured a business meeting...▸▸▸▸▸▸▸▸▸▸ perhaps I'm an entrepreneur after all...
resources.assets	8414	MonoBehaviour	steps[1].dialogLine.dialogText	[hahaha]▸▸▸▸▸▸▸▸[aaaa]▸▸▸▸▸▸▸▸I never really understood that rule of not mixing business and pleasure...
resources.assets	8415	MonoBehaviour	steps[0].dialogLine.dialogText	I can't▸▸▸▸▸ believe...▸▸▸▸▸ I just did that▸▸▸▸▸ with▸▸▸▸▸▸▸▸▸▸ Misty▸▸▸▸▸ Katz...▸▸▸▸▸▸▸▸▸▸[hhuuhhhh]▸▸▸▸▸▸▸▸▸▸ I'm never washing my mouth again!
resources.assets	8415	MonoBehaviour	steps[1].dialogLine.dialogText	[hahahaha]▸▸▸▸▸[hhhh]▸▸▸▸▸You were great,▸▸ sweetheart.▸▸▸▸▸ You're a natural!
resources.assets	8416	MonoBehaviour	steps[0].dialogLine.dialogText	Fuuuuck,▸▸▸▸▸ o▸▸kay...▸▸[hh]▸▸▸ you know how I said you were awesome?▸▸▸ Well, like...▸▸▸▸▸▸ you are▸▸▸▸▸▸▸▸ fucking▸▸▸▸▸▸▸▸▸▸ A[A]W[W]E[E]▸▸SOME!▸▸[hh]
resources.assets	8416	MonoBehaviour	steps[1].dialogLine.dialogText	[hahahaha]▸▸▸▸▸▸▸▸▸▸[hhhh]▸▸▸▸▸▸▸▸▸▸I'm just happy that everyone is satisfied with their visit to the massage spa!
resources.assets	8417	MonoBehaviour	steps[0].dialogLine.dialogText	[mhmhmhmhmhh]▸▸▸[hh]▸▸▸▸▸My▸▸ parents▸▸[hh]▸▸ would literally▸▸▸ K[KK]ILL me if they knew▸▸▸[hh]▸▸ I had a threesome with people that I like,▸▸▸▸▸ just▸▸ met!▸▸▸[h]▸▸▸
resources.assets	8417	MonoBehaviour	steps[1].dialogLine.dialogText	Y-▸▸▸▸▸yeah...▸▸▸▸▸ literally...▸▸[hahahaha]▸▸[hhhh]
resources.assets	8418	MonoBehaviour	steps[0].dialogLine.dialogText	Mission accomplished,▸▸ detective Zoey![h]
resources.assets	8418	MonoBehaviour	steps[1].dialogLine.dialogText	Yes...▸▸▸▸▸▸▸▸▸▸▸▸▸▸▸ I believe we've done exactly what needed to be done.
resources.assets	8419	MonoBehaviour	steps[0].dialogLine.dialogText	Good...▸▸▸▸▸▸▸ LORD al▸▸▸might▸▸▸y.▸▸▸▸▸[hhhh]▸▸▸▸▸▸▸ That might be the most intense orgasm I've ever had...[hh]
resources.assets	8419	MonoBehaviour	steps[1].dialogLine.dialogText	You're quite welcome.▸▸▸▸▸▸▸▸▸▸ I'm very in tune with the needs of my sexual partners.
resources.assets	8420	MonoBehaviour	steps[0].dialogLine.dialogText	You're REAL[h]LY▸▸ good at giving out prizes No▸▸ra!▸▸▸▸▸▸▸▸ I hope I win again next time![h]
resources.assets	8420	MonoBehaviour	steps[1].dialogLine.dialogText	For real though?▸▸▸▸▸ I kinda hope you do too...
resources.assets	8421	MonoBehaviour	steps[0].dialogLine.dialogText	Good▸ girl,▸▸▸ Sa▸▸rah!▸▸▸▸▸▸▸▸▸▸ I'd say you've earned that monthly allowance now.
resources.assets	8421	MonoBehaviour	steps[1].dialogLine.dialogText	Thank▸▸ you▸▸ Mrs. Bel▸▸rose![hh]▸▸▸▸▸ I'm gonna go buy a new wig, and tanning lotion, and-and-aaaannd...▸▸▸▸▸ MA[AAA]NGA![h]
resources.assets	8422	MonoBehaviour	steps[0].dialogLine.dialogText	Hey...▸▸▸▸▸ wait!▸▸▸▸▸▸▸▸▸▸ Yeah!▸▸▸▸▸▸▸▸▸▸ I think I get it now!▸▸▸▸▸ It's all in the hips!
resources.assets	8422	MonoBehaviour	steps[1].dialogLine.dialogText	[hahahaha]▸▸[hhhh]▸▸▸▸▸Mmm▸▸hmm!▸▸▸▸▸[hh] Just pretend you're scissorin' with another girl!
resources.assets	8423	MonoBehaviour	steps[0].dialogLine.dialogText	That was...▸▸▸ AMAZING!▸▸▸▸▸▸▸▸▸▸ I don't think I've ever felt so...▸▸▸▸▸▸▸▸▸▸ so ALIVE!▸▸▸▸▸
resources.assets	8423	MonoBehaviour	steps[1].dialogLine.dialogText	[hahahaha]▸[hhhh]▸▸Good▸ job▸ Abia!▸▸▸▸▸▸▸▸▸▸ See!?▸▸▸▸▸▸▸▸▸▸ It's real[h]ly real[h]ly fun!
resources.assets	8424	MonoBehaviour	steps[0].dialogLine.dialogText	So[oo]...▸▸▸▸▸[hhhh]▸▸▸▸▸▸▸▸▸▸ was it anything like you imagined all those years ago?
resources.assets	8424	MonoBehaviour	steps[1].dialogLine.dialogText	[hahahaha]▸▸[hhhh]▸▸You kissed the wrong lips, sil[h]ly!▸▸[hh]▸▸▸ But that's okay!▸▸▸▸▸ I still liked it!
resources.assets	8425	MonoBehaviour	steps[0].dialogLine.dialogText	Well now I can't decide what I want more...▸▸▸▸▸ a nose ring,▸▸▸▸▸ or a clit ring?
resources.assets	8425	MonoBehaviour	steps[1].dialogLine.dialogText	You want my advice?▸▸▸▸▸▸▸ The clit ring▸▸▸ makes sex feel ten▸▸▸ fucking times better.
resources.assets	8426	MonoBehaviour	steps[0].dialogLine.dialogText	Definitely still have feeling in them!
resources.assets	8426	MonoBehaviour	steps[1].dialogLine.dialogText	You weren't kidding about that twat either...▸▸▸▸▸ you're tighter than me!
resources.assets	8427	MonoBehaviour	steps[0].dialogLine.dialogText	Well▸▸ now...▸▸▸▸▸▸▸▸ I haven't had my pipes cleaned like THAT in quite a while!
resources.assets	8427	MonoBehaviour	steps[1].dialogLine.dialogText	[hahaha]▸[hhh]▸What can I say?▸▸▸ I▸ DO▸ love▸ to▸ clean!
resources.assets	8428	MonoBehaviour	steps[0].dialogLine.dialogText	Oh,▸▸ shit...▸▸▸▸▸▸▸▸▸▸ was I way too loud?▸▸▸▸▸▸▸▸▸▸▸▸ Fuck,▸▸ I was trying to keep it down...
resources.assets	8428	MonoBehaviour	steps[1].dialogLine.dialogText	Great▸▸ work![k]▸▸▸▸▸▸▸▸▸▸ I couldn't have boned her better myself.▸▸▸▸▸ Well,▸▸▸▸▸ maybe a little better...
resources.assets	8429	MonoBehaviour	steps[0].dialogLine.dialogText	Since we've already been to second base...▸▸▸▸▸ how about we take it all the way home?
resources.assets	8429	MonoBehaviour	steps[1].dialogLine.dialogText	Unnnghh...[hhhh]▸▸[hh]
resources.assets	8430	MonoBehaviour	steps[0].dialogLine.dialogText	I just thought of the PERFECT way for you to pay me back for that jewelry...
resources.assets	8430	MonoBehaviour	steps[1].dialogLine.dialogText	Of course,▸▸▸▸▸ you name it.▸▸▸▸▸[hh]▸▸ Anything you want...[t]
resources.assets	8431	MonoBehaviour	steps[0].dialogLine.dialogText	Ah,▸▸▸▸▸ shoot!▸▸[hh]▸▸▸▸▸▸[hh] I went and got my jammies all wet!
resources.assets	8431	MonoBehaviour	steps[1].dialogLine.dialogText	Ay[y]e[y],▸▸▸[hh]▸▸▸ that ain't the only thing that's wet around here...
resources.assets	8432	MonoBehaviour	steps[0].dialogLine.dialogText	Hey Polly,▸▸▸▸▸▸▸▸ let's turn that camera back on.▸▸▸▸▸ I've got a...▸▸▸▸▸▸▸▸▸▸ video▸▸▸▸▸▸▸▸▸▸▸▸▸▸▸ idea...
resources.assets	8432	MonoBehaviour	steps[1].dialogLine.dialogText	[aaaahh]▸▸▸▸▸Ash▸▸▸▸▸ley!▸▸▸▸▸▸▸▸▸▸ Are you thinkin' what I think you're thinkin'?▸▸▸▸▸▸▸ You▸▸ naughty▸▸ girl!
resources.assets	8433	MonoBehaviour	steps[0].dialogLine.dialogText	Alright,▸▸▸▸▸ time to take a hike Lil.▸▸▸▸▸ My friend and I have some...▸▸▸▸▸▸▸▸▸▸ grown up▸▸▸▸▸ stuff to do.
resources.assets	8433	MonoBehaviour	steps[1].dialogLine.dialogText	I'm▸▸ NOT a kid,▸▸▸ and I'm▸▸ NOT leaving!▸▸[hh]▸▸ I wanna fuck him too,▸▸[hh]▸▸ so how about▸ YOU leave?
resources.assets	8433	MonoBehaviour	steps[1].dialogLine.yuriDialogText	I'm▸▸ NOT a kid,▸▸[hh] and I'm▸▸ NOT▸▸▸ leav▸▸ing!▸▸▸[hh]▸▸▸▸▸ I wanna fuck her too,▸▸▸[hh]▸ so▸▸ how▸▸ about▸▸ YOU leave?
resources.assets	8434	MonoBehaviour	steps[0].dialogLine.dialogText	I▸▸ wish to engage in sexual intercourse with you both.▸▸▸▸▸▸▸▸▸▸ Will that be okay?
resources.assets	8434	MonoBehaviour	steps[1].dialogLine.dialogText	▸▸▸Du[uu]h[h]!▸▸▸▸▸[ah]▸▸▸▸▸ Why do you say it like that though?▸▸▸ Just like...▸▸ ask if you're down to fuck!
resources.assets	8435	MonoBehaviour	steps[0].dialogLine.dialogText	Hey,▸▸▸ ummmm,▸▸▸ Lai▸lani!▸▸▸▸▸ Can you show me your sushi?▸▸▸▸▸ Pleeeease?[hh]
resources.assets	8435	MonoBehaviour	steps[1].dialogLine.dialogText	Ummm...[hh]▸▸▸▸▸▸▸▸▸▸ oh my...▸▸▸[hh]▸▸▸▸▸▸▸▸▸▸▸▸ you're not talking about food this time, are you?
resources.assets	8436	MonoBehaviour	steps[0].dialogLine.dialogText	I don't know how much longer I can stand your cuteness, Lailani!▸▸▸▸▸▸▸▸▸▸ I just wanna eat you all up!
resources.assets	8436	MonoBehaviour	steps[1].dialogLine.dialogText	Eat me!?▸▸▸▸▸ Oh my...
resources.assets	8437	MonoBehaviour	steps[0].dialogLine.dialogText	I know how expensive this room can be.▸▸▸▸▸▸▸▸▸▸▸▸ No sense in letting it go to waste...
resources.assets	8437	MonoBehaviour	steps[1].dialogLine.dialogText	I have a feeling we'll find a way to put this bed to good use...
resources.assets	8438	MonoBehaviour	steps[0].dialogLine.dialogText	Oh▸▸▸ no,▸▸▸▸▸▸▸▸▸▸ I'm getting a little tipsy!▸▸▸▸▸ Watch out Lola,▸▸▸▸▸ we might start making out again![hahahaha]▸▸[hhhh]
resources.assets	8438	MonoBehaviour	steps[1].dialogLine.dialogText	...why stop there?
resources.assets	8439	MonoBehaviour	steps[0].dialogLine.dialogText	Are you ready for our first...▸▸▸▸▸ business meeting?
resources.assets	8439	MonoBehaviour	steps[1].dialogLine.dialogText	What kind of meeting do you intend to conduct in a place like this?
resources.assets	8440	MonoBehaviour	steps[0].dialogLine.dialogText	Hey...▸▸▸▸▸▸▸▸ Abia,▸▸▸ was it?▸▸▸▸▸▸▸ You wanna reenact that favorite film of yours?▸▸[hahahaha]
resources.assets	8440	MonoBehaviour	steps[1].dialogLine.dialogText	Gahh!!▸▸▸▸▸ R-▸▸▸▸▸really!?▸▸▸▸▸ Here!?▸▸▸ Now!?▸▸▸▸▸[aa]▸▸[aa]▸▸ Oh my... okay,▸▸▸▸▸ calm down Abia...▸▸▸▸▸▸▸▸ don't start hyperventilating again...
resources.assets	8441	MonoBehaviour	steps[0].dialogLine.dialogText	Uhhhh,▸▸ wait,▸[hh] that's it?▸▸▸▸▸ 'Cause,▸▸▸▸▸ lii[iiiiii]iike I was kinda hoping for a happy ending?
resources.assets	8441	MonoBehaviour	steps[1].dialogLine.dialogText	[hahahaha]▸▸[hhhh]▸▸▸▸▸▸▸▸▸▸Ummm,▸▸▸▸▸ go ahead and lie down.▸▸▸▸▸ I have...▸▸▸▸▸ a special technique you might like...
resources.assets	8442	MonoBehaviour	steps[0].dialogLine.dialogText	You got any ideas on how we can get back at our STU[UU]PID parents yet?[t]
resources.assets	8442	MonoBehaviour	steps[1].dialogLine.dialogText	Mmmhmm...▸▸▸▸▸▸▸▸ y-▸▸yeah...▸▸▸▸▸ I have one idea in mind...▸▸ it's a v-▸▸very naughty idea...[hh]
resources.assets	8443	MonoBehaviour	steps[0].dialogLine.dialogText	Oh▸▸ no▸▸ detective▸▸ Zoey!▸▸▸▸▸ This bad man won't tell us where the bomb is!
resources.assets	8443	MonoBehaviour	steps[0].dialogLine.yuriDialogText	Oh▸▸ no▸▸ detective▸▸ Zoey!▸▸▸▸▸ This bad lady won't tell us where the bomb is!
resources.assets	8443	MonoBehaviour	steps[1].dialogLine.dialogText	Well...▸▸▸▸▸ then...▸▸▸▸▸▸▸▸▸▸ I suppose we have no choice but to...▸▸▸▸▸ in▸▸terrogate him?
resources.assets	8443	MonoBehaviour	steps[1].dialogLine.yuriDialogText	Well...▸▸▸▸▸ then...▸▸▸▸▸▸▸▸▸▸ I suppose we have no choice but to...▸▸▸▸▸ in▸▸terrogate her?
resources.assets	8444	MonoBehaviour	steps[0].dialogLine.dialogText	So[o],▸▸▸▸▸ Zo▸▸ey...▸▸▸▸▸▸▸▸▸▸▸▸▸ since you're so good at readin' people...▸▸▸▸▸▸▸▸▸▸ what am I thinkin' now?
resources.assets	8444	MonoBehaviour	steps[1].dialogLine.dialogText	I believe you're thinking...▸▸▸▸▸ the same thing I'm thinking...
resources.assets	8445	MonoBehaviour	steps[0].dialogLine.dialogText	Haha!▸[hh]▸▸▸ I beat you Nora!▸▸▸▸▸ Na-na-na-▸▸na-▸▸na-▸▸▸naaa!▸▸▸▸▸▸▸▸▸▸ Now you gotta give me something!
resources.assets	8445	MonoBehaviour	steps[1].dialogLine.dialogText	Oooohh, you want a prize?▸▸▸▸▸ Okay,▸▸▸▸▸ I got a prize for ya!
resources.assets	8446	MonoBehaviour	steps[0].dialogLine.dialogText	Come along Sarah.▸▸▸▸▸▸▸ We're going to the ladies room.
resources.assets	8446	MonoBehaviour	steps[1].dialogLine.dialogText	Mmm,▸▸ o▸▸kay![hh]▸▸▸▸▸ What are we gonna do in there?[h]
resources.assets	8447	MonoBehaviour	steps[0].dialogLine.dialogText	You ready for a SPECIAL▸▸▸▸▸ lesson, Lailani?
resources.assets	8447	MonoBehaviour	steps[1].dialogLine.dialogText	Uhhh...[hh]▸▸▸▸▸ I hope so...[hh]
resources.assets	8448	MonoBehaviour	steps[0].dialogLine.dialogText	Come on up on stage with me Abia!▸▸▸▸▸▸▸▸▸▸ Let's show our handsome friend here▸▸▸▸▸ whatcha got!
resources.assets	8448	MonoBehaviour	steps[0].dialogLine.yuriDialogText	Come on up on stage with me Abia!▸▸▸▸▸▸▸▸▸▸ Let's show our pretty friend here whatcha got!
resources.assets	8448	MonoBehaviour	steps[1].dialogLine.dialogText	Gahh!▸▸▸ M-[h]▸▸me!?▸▸▸▸▸ On stage!?▸▸▸▸▸ Unnnghh...
resources.assets	8449	MonoBehaviour	steps[0].dialogLine.dialogText	Do you still think about that big ol' kiss on the lips,▸▸ Can▸▸dy?
resources.assets	8449	MonoBehaviour	steps[1].dialogLine.dialogText	[h]Mmm▸▸hmm...[hh]▸▸▸▸▸ I'm thinkin' about it right now...[hh]
resources.assets	8450	MonoBehaviour	steps[0].dialogLine.dialogText	Soooo[oooo]...▸▸▸▸▸▸▸▸▸▸ what's the deal here guys?▸▸▸▸▸ We fuckin'?
resources.assets	8450	MonoBehaviour	steps[1].dialogLine.dialogText	Psssshh...▸▸▸▸▸▸▸ aye,▸▸ I'm down...
resources.assets	8451	MonoBehaviour	steps[0].dialogLine.dialogText	I've always wanted to know...▸▸▸▸▸▸▸▸▸▸ with fake tits,▸▸▸▸▸▸▸▸▸▸▸▸▸▸▸ do you still have any feeling in them?
resources.assets	8451	MonoBehaviour	steps[1].dialogLine.dialogText	Only one way to find out...[t]
resources.assets	8452	MonoBehaviour	steps[0].dialogLine.dialogText	Oo[oo]ps!▸▸▸▸▸ I've got myself all hot and bothered now...▸▸▸▸▸ and with no husband around!▸▸▸▸▸ What▸▸ WILL▸▸ I▸▸ do?
resources.assets	8452	MonoBehaviour	steps[1].dialogLine.dialogText	O[o]h▸▸ no[oo]!▸▸[hh]▸▸▸▸▸▸▸▸▸▸ Per▸▸haps,[ss]▸▸▸▸▸ someone else can...▸▸▸▸▸▸▸ fill in for him?▸▸▸▸▸▸▸▸▸▸▸▸ Just this once...[s]
resources.assets	8453	MonoBehaviour	steps[0].dialogLine.dialogText	Well,▸▸▸▸▸▸▸ are we just gonna sit and catch up, or are you gonna take that thing out?
resources.assets	8453	MonoBehaviour	steps[0].dialogLine.yuriDialogText	Well,▸▸▸▸▸▸▸ are we just gonna sit and catch up, or are you gonna take that top off?
resources.assets	8454	MonoBehaviour	steps[1].logicAction.stringValue	status_roll_baggage
resources.assets	8454	MonoBehaviour	steps[4].branches[0].conditions[0].stringValue	baggage_lesson_taught
resources.assets	8457	MonoBehaviour	steps[6].dialogLine.dialogText	[aaaaaa]▸▸▸▸▸Whew!▸▸▸▸▸ Thanks man,▸▸▸▸▸ I REALLY needed that.
resources.assets	8457	MonoBehaviour	steps[6].dialogLine.yuriDialogText	[aaaaaa]▸▸▸▸▸Whew!▸▸▸▸▸ Thanks babe,▸▸▸▸▸ I REALLY needed that.
resources.assets	8457	MonoBehaviour	steps[7].dialogOptions[0].dialogOptionText	Always happy to help a girl in need.
resources.assets	8457	MonoBehaviour	steps[7].dialogOptions[0].yuriDialogOptionText	Always happy to help a fellow girl in need.
resources.assets	8457	MonoBehaviour	steps[7].dialogOptions[0].steps[0].dialogLine.dialogText	[hahahaha]▸▸[aaaa]▸▸Yeah, yeah... I bet you are, you animal.
resources.assets	8457	MonoBehaviour	steps[7].dialogOptions[0].steps[1].dialogLine.dialogText	[aaaaaa]▸▸[hhhh]▸▸▸▸▸▸▸Listen,▸▸▸▸▸▸▸▸▸▸▸▸▸▸▸ I'd love to stick around and watch your dick shrink, but,▸▸▸▸▸ I gotta split.▸▸▸▸▸
resources.assets	8457	MonoBehaviour	steps[7].dialogOptions[0].steps[1].dialogLine.yuriDialogText	[aaaaaa]▸▸[hhhh]▸▸▸▸▸▸▸Listen,▸▸▸▸▸▸▸▸▸▸▸▸▸▸▸ I'd love to stick around and chat, but,▸▸▸▸▸ I gotta split.▸▸▸▸▸
resources.assets	8457	MonoBehaviour	steps[7].dialogOptions[1].dialogOptionText	Oh, you're still here? I thought I was done with you...
resources.assets	8457	MonoBehaviour	steps[7].dialogOptions[1].steps[0].dialogLine.dialogText	Oh▸▸▸ fuck▸▸▸ off,▸▸▸▸▸ you piece of shit.▸▸[hahahaha]▸▸▸▸▸[hhhh]
resources.assets	8457	MonoBehaviour	steps[7].dialogOptions[1].steps[0].dialogLine.yuriDialogText	Oh▸▸ fuck▸▸ off you stupid bitch.▸▸[hahahaha]▸▸▸▸▸[hhhh]
resources.assets	8457	MonoBehaviour	steps[7].dialogOptions[1].steps[1].dialogLine.dialogText	You're lucky I don't have time to come over there and beat your ass.
resources.assets	8457	MonoBehaviour	steps[7].dialogOptions[2].dialogOptionText	What, no cuddling?
resources.assets	8457	MonoBehaviour	steps[7].dialogOptions[2].steps[0].dialogLine.dialogText	Sorry▸▸ dude,▸▸▸▸▸▸▸▸▸▸ not tonight.▸▸▸▸▸▸▸▸▸▸▸▸▸▸▸ I gotta get back home and start packing.
resources.assets	8457	MonoBehaviour	steps[7].dialogOptions[2].steps[0].dialogLine.yuriDialogText	Sorry▸▸ babe,▸▸▸▸▸▸▸▸▸▸ not tonight.▸▸▸▸▸▸▸▸▸▸▸▸▸▸▸ I gotta get back home and start packing.
resources.assets	8457	MonoBehaviour	steps[8].dialogLine.dialogText	I have a crazy early flight tomorrow.▸▸▸▸▸ My boss is sending me out to some island for an exotic shoot.
resources.assets	8457	MonoBehaviour	steps[9].dialogLine.dialogText	Then I'm supposed to meet up with this TeleYouber chick for a cross-promo we've been planning.
resources.assets	8457	MonoBehaviour	steps[10].dialogLine.dialogText	[aaaaaa]▸▸▸▸▸It's not easy being a world class fashion model, you know?▸▸▸▸▸▸▸▸▸▸▸▸▸▸▸▸▸▸▸▸[ahemahem]
resources.assets	8457	MonoBehaviour	steps[11].dialogOptions[0].dialogOptionText	You think that's hard? Try being a world class pleaser of women.
resources.assets	8457	MonoBehaviour	steps[11].dialogOptions[0].steps[0].dialogLine.dialogText	Can't argue with you there.▸▸▸▸▸▸▸▸ You do know your way around a vaj.
resources.assets	8457	MonoBehaviour	steps[11].dialogOptions[0].steps[1].dialogLine.dialogText	...and▸▸▸▸▸ uhhh,▸▸▸▸▸▸▸▸▸▸ well,▸▸▸▸▸▸▸▸▸▸▸▸ a couple of other places...▸▸▸▸▸[ahemahem]
resources.assets	8457	MonoBehaviour	steps[11].dialogOptions[1].dialogOptionText	Bon voyage! Try not to miss me too much.
resources.assets	8457	MonoBehaviour	steps[11].dialogOptions[1].steps[0].dialogLine.dialogText	[ahem]▸▸▸▸▸Please...▸▸▸▸▸ I can barely remember your name half the time.
resources.assets	8457	MonoBehaviour	steps[11].dialogOptions[2].dialogOptionText	Leave the panties... I kinda have a thing about collecting panties.
resources.assets	8457	MonoBehaviour	steps[11].dialogOptions[2].steps[0].dialogLine.dialogText	Can't help you there, perv.▸▸▸▸▸▸▸▸▸▸ I borrowed this lingerie from the company.
resources.assets	8457	MonoBehaviour	steps[11].dialogOptions[2].steps[1].dialogLine.dialogText	I'm pretty sure they need it back.▸▸▸▸▸▸▸▸▸▸ They haven't even released this line yet.
resources.assets	8457	MonoBehaviour	steps[12].dialogLine.dialogText	Nooooww...▸▸▸▸▸▸▸▸▸▸▸▸▸ where did you throw my clothes?▸▸▸▸▸▸▸▸▸▸▸▸▸▸▸▸▸▸▸▸▸▸▸▸▸ Ah!▸▸▸▸▸▸▸▸ There they are.
resources.assets	8457	MonoBehaviour	steps[17].dialogLine.dialogText	Well,▸▸▸▸▸▸▸▸▸▸▸▸▸▸▸ aren't you at least gonna walk me back to my car?
resources.assets	8457	MonoBehaviour	steps[18].dialogOptions[0].dialogOptionText	Oh, yes your majesty! 'Twould be my honor. Shall I carry your belongings too?
resources.assets	8457	MonoBehaviour	steps[18].dialogOptions[0].steps[0].dialogLine.dialogText	Oh▸▸▸ god...▸▸▸▸▸▸▸ forget you man.▸▸▸▸▸▸▸ Last time I ask you for anything.
resources.assets	8457	MonoBehaviour	steps[18].dialogOptions[0].steps[0].dialogLine.yuriDialogText	Oh▸▸▸ god...▸▸▸▸▸▸▸ forget you lady.▸▸▸▸▸▸▸ Last time I ask you for anything.
resources.assets	8457	MonoBehaviour	steps[18].dialogOptions[1].dialogOptionText	Yeah, of course. Just let me throw something on real quick.
resources.assets	8457	MonoBehaviour	steps[18].dialogOptions[1].steps[0].dialogLine.dialogText	[hahaha]▸▸[hhhh]▸▸▸▸▸Nah,▸▸▸▸▸ relax▸▸ dude,▸▸▸▸▸▸▸▸ I'm just messin' with ya.▸▸▸▸▸▸▸▸ I didn't even drive here.
resources.assets	8457	MonoBehaviour	steps[18].dialogOptions[1].steps[0].dialogLine.yuriDialogText	[hahaha]▸▸[hhhh]▸▸▸▸▸Nah,▸▸▸▸▸ relax▸▸ babe,▸▸▸▸▸▸▸▸ I'm just messin' with ya.▸▸▸▸▸▸▸▸ I didn't even drive here.
resources.assets	8457	MonoBehaviour	steps[18].dialogOptions[2].dialogOptionText	Only if I can get a kiss goodnight.
resources.assets	8457	MonoBehaviour	steps[18].dialogOptions[2].steps[0].dialogLine.dialogText	Do I need to remind you where my mouth has been?▸▸▸▸▸▸▸ You might wanna take a raincheck on that.
resources.assets	8457	MonoBehaviour	steps[19].dialogLine.dialogText	Later sweet cheeks!▸▸▸▸▸▸▸▸▸▸ Keep that thing nice and hard for me for when I get back!
resources.assets	8457	MonoBehaviour	steps[19].dialogLine.yuriDialogText	Later sweet cheeks!▸▸▸▸▸▸▸▸▸▸ Keep that thing nice and wet for me for when I get back!
resources.assets	8457	MonoBehaviour	steps[24].dialogLine.dialogText	Well, well, well... look at this▸▸ mother fucker!
resources.assets	8457	MonoBehaviour	steps[24].dialogLine.yuriDialogText	Well, well, well... look at this little hoebag!
resources.assets	8457	MonoBehaviour	steps[25].dialogLine.dialogText	I leave you alone for a year or two and you're bangin' models on the reg?
resources.assets	8457	MonoBehaviour	steps[26].dialogLine.dialogText	[aaaaaa]▸▸▸▸▸▸▸▸▸▸I really am a miracle worker...
resources.assets	8457	MonoBehaviour	steps[27].dialogOptions[0].dialogOptionText	Kyu!? Holy shit! Where have you been? I missed you!
resources.assets	8457	MonoBehaviour	steps[27].dialogOptions[0].steps[0].dialogLine.dialogText	What?▸▸ You think you're my only client?▸▸▸ Tch!▸▸▸▸▸ There's a loo[oo]oot of virgins out there!
resources.assets	8457	MonoBehaviour	steps[27].dialogOptions[0].steps[1].dialogLine.dialogText	None of them picked it up quite as fast as you though.[heh]▸▸▸▸▸▸▸ That's▸▸▸ actually▸▸ kinda why I'm here...
resources.assets	8457	MonoBehaviour	steps[27].dialogOptions[1].dialogOptionText	Pssh! That's nothing. She's the fourth girl this week.
resources.assets	8457	MonoBehaviour	steps[27].dialogOptions[1].steps[0].dialogLine.dialogText	This▸▸▸▸▸ WEEK!?[k]▸▸▸▸▸▸▸▸▸▸ Bo[ooo]y,▸▸ it's▸▸ only Tues▸▸day!▸▸▸▸▸▸▸▸▸▸▸▸▸▸▸ Don't you have like▸ a job to go to?
resources.assets	8457	MonoBehaviour	steps[27].dialogOptions[1].steps[0].dialogLine.yuriDialogText	This▸▸▸▸▸ WEEK!?[k]▸▸▸▸▸▸ Girl,▸▸ it's▸▸ only Tues▸▸day!▸▸▸▸▸▸▸▸▸ Don't you have like▸▸ a job to go to?
resources.assets	8457	MonoBehaviour	steps[27].dialogOptions[1].steps[1].dialogLine.dialogText	Daa[aaaaaa]aammn▸▸▸▸▸ son!▸▸▸▸▸▸▸▸▸▸ Looks like I might be right about you after all...
resources.assets	8457	MonoBehaviour	steps[27].dialogOptions[2].dialogOptionText	Can I perchance interest you in some sloppy seconds?
resources.assets	8457	MonoBehaviour	steps[27].dialogOptions[2].steps[0].dialogLine.dialogText	Aww, you KNOW I love me a messy mulligan...▸▸▸▸▸ but, unfortunately, I'm here strictly on business.
resources.assets	8457	MonoBehaviour	steps[28].dialogLine.dialogText	Look,▸▸▸▸▸ I'm gonna cut right to the chase because time isn't exactly on our side here.
resources.assets	8457	MonoBehaviour	steps[29].dialogLine.dialogText	Some▸▸▸ serious▸▸▸ly▸▸▸▸▸ crazy shit is about to pop off and we need your help to stop it.
resources.assets	8457	MonoBehaviour	steps[30].dialogOptions[0].dialogOptionText	I have no idea what you're talking about, but I'll do it!
resources.assets	8457	MonoBehaviour	steps[30].dialogOptions[0].steps[0].dialogLine.dialogText	I'm▸▸ glad▸▸ you▸▸ feel▸▸ that▸▸ way, because I definitely wasn't giving you a choice.
resources.assets	8457	MonoBehaviour	steps[30].dialogOptions[1].dialogOptionText	I have a lot of girls to bang this week... you can't find anybody else?
resources.assets	8457	MonoBehaviour	steps[30].dialogOptions[1].steps[0].dialogLine.dialogText	Bitch,▸▸▸▸▸ you owe me▸▸ BIG time for all that▸▸ succulent▸▸ snatch you've been enjoying!
resources.assets	8457	MonoBehaviour	steps[30].dialogOptions[1].steps[1].dialogLine.dialogText	Don't▸ for▸▸get...▸▸▸▸▸ I made you,▸▸ and I can unmake you!▸▸▸▸▸ So, shut up and listen!
resources.assets	8457	MonoBehaviour	steps[30].dialogOptions[2].dialogOptionText	As long as this somehow involves my genitalia, I'm in.
resources.assets	8457	MonoBehaviour	steps[30].dialogOptions[2].steps[0].dialogLine.dialogText	O[oo]f▸▸▸ course▸▸▸ it involves your genitalia!▸▸▸▸▸▸▸▸▸▸▸▸▸ You think I'd be here if it didn't?
resources.assets	8457	MonoBehaviour	steps[31].dialogLine.dialogText	To make a long story short...▸▸ there're these two like,▸▸▸ evil space hookers, that are about to be awoken...▸▸▸
resources.assets	8457	MonoBehaviour	steps[32].dialogLine.dialogText	...and if they don't get some WICKED good dick,▸▸▸▸▸ they're▸▸ pro[ooo]bably gonna destroy the galaxy...
resources.assets	8457	MonoBehaviour	steps[32].dialogLine.yuriDialogText	...and if they don't get some WICKED good tang,▸▸▸▸▸ they're▸▸ probably gonna destroy the galaxy...
resources.assets	8457	MonoBehaviour	steps[33].dialogLine.dialogText	...and that would really suck 'cause Earth has some of the finest babes in the universe,▸▸▸▸▸ next to Tendricide.
resources.assets	8457	MonoBehaviour	steps[34].dialogLine.dialogText	Ya see,▸▸▸▸▸▸▸▸ part of my job as a love fairy is to find a worthy hero among all the pathetic virgins.
resources.assets	8457	MonoBehaviour	steps[35].dialogLine.dialogText	Un▸▸▸▸fortunate▸▸ly,▸▸▸▸▸ we couldn't find one...▸▸▸▸▸ so[ooo],▸▸ you'll have to do instead!
resources.assets	8457	MonoBehaviour	steps[36].dialogOptions[0].dialogOptionText	Consider it done! I mean, how hard could it be? I've nailed a space chick before.
resources.assets	8457	MonoBehaviour	steps[36].dialogOptions[0].steps[0].dialogLine.dialogText	I strongly advise you not to underestimate just how horny these semen demons can be...
resources.assets	8457	MonoBehaviour	steps[36].dialogOptions[0].steps[0].dialogLine.yuriDialogText	I strongly advise you not to underestimate just how horny these muff monsters can be...
resources.assets	8457	MonoBehaviour	steps[36].dialogOptions[1].dialogOptionText	It's an honor to be chosen for this most sacred duty. I'll do my best!
resources.assets	8457	MonoBehaviour	steps[36].dialogOptions[2].dialogOptionText	I know you're saying important stuff... but that camel toe is making it very difficult to focus.
resources.assets	8457	MonoBehaviour	steps[36].dialogOptions[2].steps[0].dialogLine.dialogText	Pay▸▸ attention!▸▸▸▸▸▸▸▸▸▸ Is my camel toe really more important than the fate of all life on Earth?
resources.assets	8457	MonoBehaviour	steps[36].dialogOptions[2].steps[1].dialogLine.dialogText	Don't answer that...
resources.assets	8457	MonoBehaviour	steps[37].dialogLine.dialogText	I'll▸▸ be honest with ya▸▸ man,▸▸▸▸▸▸▸▸▸▸ the higher ups are concerned about your lack of experience with threesomes.
resources.assets	8457	MonoBehaviour	steps[37].dialogLine.yuriDialogText	I'll▸▸ be honest with ya▸▸ girl,▸▸▸▸▸▸▸▸▸▸ the higher ups are concerned about your lack of experience with threesomes.
resources.assets	8457	MonoBehaviour	steps[38].dialogLine.dialogText	But,▸▸▸ I told 'em you're a quick learner.▸▸▸▸▸ Besides,▸▸▸▸▸▸▸ you DID bag the fucking goddess of love...▸▸
resources.assets	8457	MonoBehaviour	steps[39].dialogLine.dialogText	That's gotta count for SOMETHIN',▸▸ right?
resources.assets	8457	MonoBehaviour	steps[40].dialogLine.dialogText	S[s]o[oooooo],▸▸▸▸▸▸▸▸ put on some god damn underwear and pack your bags!▸▸▸▸▸▸▸▸▸▸ Our flight leaves first thing in the morning!
resources.assets	8457	MonoBehaviour	steps[41].dialogOptions[0].dialogOptionText	You got it! Give me five minutes. I'll be packed and ready to go!
resources.assets	8457	MonoBehaviour	steps[41].dialogOptions[0].steps[0].dialogLine.dialogText	Now▸▸ that's what I like to hear!▸▸▸▸▸▸▸▸▸▸ If only everybody would blindly do what I say without asking questions...
resources.assets	8457	MonoBehaviour	steps[41].dialogOptions[1].dialogOptionText	Uhhhh... am I allowed to ask where exactly we're going?
resources.assets	8457	MonoBehaviour	steps[41].dialogOptions[1].steps[0].dialogLine.dialogText	You let▸▸ me▸▸ worry about that.▸▸▸▸▸▸▸ You just worry about lookin' pretty.
resources.assets	8457	MonoBehaviour	steps[41].dialogOptions[1].steps[1].dialogLine.dialogText	Mama Sugardust will take care of everything...
resources.assets	8457	MonoBehaviour	steps[41].dialogOptions[2].dialogOptionText	Wait, you don't want to sit down and catch up? I haven't seen you in forever!
resources.assets	8457	MonoBehaviour	steps[41].dialogOptions[2].steps[0].dialogLine.dialogText	You've been having a frankly dangerous amount of unprotected sex with strange women...
resources.assets	8457	MonoBehaviour	steps[41].dialogOptions[2].steps[1].dialogLine.dialogText	...and I've been tryin' to teach other people to do the same thing.
resources.assets	8457	MonoBehaviour	steps[41].dialogOptions[2].steps[2].dialogLine.dialogText	There!▸▸▸▸▸▸▸▸▸▸ We're caught up!
resources.assets	8457	MonoBehaviour	steps[42].dialogLine.dialogText	Can you believe it man?▸▸▸▸▸ The▸ old▸ team...▸▸▸ back together again for another sexy adventure!
resources.assets	8457	MonoBehaviour	steps[42].dialogLine.yuriDialogText	Can you believe it girlfriend?▸▸▸▸▸ The old team...▸▸ back together again▸▸ for another▸▸ sexy adventure!▸▸▸
resources.assets	8458	MonoBehaviour	steps[2].dialogLine.dialogText	I can't believe you humans have to get into big machines just to do something as simple as flying...
resources.assets	8458	MonoBehaviour	steps[3].dialogLine.dialogText	I▸▸ hate to say it...▸▸▸▸▸ but if it wasn't for all the Hunie you guys generate,▸▸▸ you'd be pretty useless.▸▸▸
resources.assets	8458	MonoBehaviour	steps[4].dialogOptions[0].dialogOptionText	I'll remind you that it's a human that's about to save the galaxy...
resources.assets	8458	MonoBehaviour	steps[4].dialogOptions[0].steps[0].dialogLine.dialogText	I appreciate the confidence,▸▸ but don't overestimate yourself,▸▸ alright?
resources.assets	8458	MonoBehaviour	steps[4].dialogOptions[0].steps[1].dialogLine.dialogText	What we're asking you to pork here is unlike anything you've ever porked before.
resources.assets	8458	MonoBehaviour	steps[4].dialogOptions[0].steps[2].dialogLine.dialogText	Uhh,▸▸▸▸▸ speaking▸▸ of▸▸ which...[h]▸▸▸▸▸ I should probably fill you in on the plan,▸▸ huh?
resources.assets	8458	MonoBehaviour	steps[4].dialogOptions[1].dialogOptionText	Are you going to tell me where we're going yet?
resources.assets	8458	MonoBehaviour	steps[4].dialogOptions[1].steps[0].dialogLine.dialogText	Al▸▸right,▸▸▸▸▸ al▸▸right,▸▸▸▸▸ cool your nips.▸▸▸[ss]▸▸▸▸▸▸▸▸▸▸ I guess I've made you wait long enough...
resources.assets	8458	MonoBehaviour	steps[4].dialogOptions[2].dialogOptionText	What about porn? We generate a lot of that too.
resources.assets	8458	MonoBehaviour	steps[4].dialogOptions[2].steps[0].dialogLine.dialogText	Hmmm...▸▸▸▸▸ yeah,▸▸▸▸▸ good point.▸▸▸▸▸▸▸ You guys do make some pretty nasty ass shit.
resources.assets	8458	MonoBehaviour	steps[4].dialogOptions[2].steps[1].dialogLine.dialogText	A[aa]▸▸▸ny▸▸▸way!▸▸▸▸▸[hh]▸▸▸ This is probably a good time to fill you in on the plan,▸▸ huh?
resources.assets	8458	MonoBehaviour	steps[5].dialogLine.dialogText	We are headed to the beautiful tropical island of Inna De Poona!
resources.assets	8458	MonoBehaviour	steps[6].dialogLine.dialogText	Why,▸▸▸▸▸▸▸▸ you may ask?▸▸▸▸▸▸▸▸ [AA]Shhh!▸▸▸▸▸▸▸▸ I'm getting to that!▸▸▸▸▸▸▸ You can ask questions when I'm done.
resources.assets	8458	MonoBehaviour	steps[7].dialogLine.dialogText	Ya see,▸▸▸▸▸ the Nymphojinn;▸▸▸▸▸▸▸ those are the space hookers...▸▸ are on the verge of being awoken by their period.
resources.assets	8458	MonoBehaviour	steps[8].dialogLine.dialogText	If that happens...▸▸▸▸▸ you can kiss your sorry ass good▸▸▸bye.▸▸▸▸▸▸▸▸▸▸ So[ooo],▸▸▸▸▸ we need to wake 'em up before that.
resources.assets	8458	MonoBehaviour	steps[9].dialogLine.dialogText	▸▸▸There's a▸▸ volcano▸▸ on the island▸▸ called▸▸ Mount▸▸▸▸▸ Nympho▸▸▸▸▸jar▸▸▸▸▸o.▸▸▸▸▸▸▸▸▸▸▸▸▸▸▸▸▸▸▸▸ Yeah,▸▸▸ I don't know who names this shit...
resources.assets	8458	MonoBehaviour	steps[10].dialogLine.dialogText	If we can get that volcano to erupt,▸▸▸▸▸ it should be enough to awaken the Nymphojinn early.
resources.assets	8458	MonoBehaviour	steps[11].dialogLine.dialogText	Bu[uuu]t,[t]▸▸ the only way to get that bitch to blow▸▸ is to offer a sacrifice...▸▸ a sacrifice▸▸ of fairy wings.▸▸
resources.assets	8458	MonoBehaviour	steps[12].dialogLine.dialogText	I'm sure you're wondering...▸▸▸▸▸▸▸▸ what the hell are fairy wings?▸▸[s]▸▸▸▸▸▸▸▸▸▸ I thought told you to stop asking questions![s]
resources.assets	8458	MonoBehaviour	steps[13].dialogLine.dialogText	You ever hear the phrase:▸▸▸▸▸ "Whenever a threesome is had,▸▸▸ a love fairy gets her wings?"
resources.assets	8458	MonoBehaviour	steps[14].dialogLine.dialogText	Yeah,▸ well, that's actually true!▸▸▸▸▸ So, we need to get you mixed up in some menages▸▸▸a▸▸▸trois.▸▸
resources.assets	8458	MonoBehaviour	steps[15].dialogLine.dialogText	As much as I'd fucking▸▸ LOVE▸▸▸ to be more▸▸▸ IN▸▸▸VOLVED...▸▸▸▸▸▸▸▸▸▸ u[nnnn]nfortunately,▸▸ love fairies don't count...[t]
resources.assets	8458	MonoBehaviour	steps[16].dialogLine.dialogText	Besides,▸▸▸▸▸▸▸▸ corporate said I have to stop fucking my clients.▸▸▸▸▸▸▸▸ Can you believe that shit!?▸▸▸▸▸▸▸▸[aaaahh]
resources.assets	8458	MonoBehaviour	steps[17].dialogLine.dialogText	Now, look...▸▸▸▸▸▸▸▸ locking down a three-way can be tricky.▸▸▸▸▸▸▸▸▸▸ The best way to do it is by going on double dates.
resources.assets	8458	MonoBehaviour	steps[18].dialogLine.dialogText	Not the lame kind of double date where it's two couples.▸▸▸ The cool kind,▸▸ where it's you▸ and two chicks!▸▸[s]
resources.assets	8458	MonoBehaviour	steps[19].dialogLine.dialogText	You'll need some fresh love fairy tech though.▸▸▸▸▸ That crusty ass HunieBee 4[for].[ont]0[oh] is▸▸▸ WAY out of date.
resources.assets	8458	MonoBehaviour	steps[20].dialogLine.dialogText	S[s]o[oooo]oo...▸▸[da da da dahhh]▸▸▸▸ introducing,▸▸▸▸ the▸▸ brand▸▸ new▸▸ HunieBee 6[six]X[ex]L[el] with threesome compatibility detection package!
resources.assets	8458	MonoBehaviour	steps[21].dialogLine.dialogText	Go ahead!▸▸▸▸▸▸▸▸ Check it out!▸▸▸▸▸▸▸▸▸▸▸▸▸▸▸ When you're done,▸▸▸▸▸ you can close it by clicking anywhere OFF the HunieBee.
resources.assets	8458	MonoBehaviour	steps[23].dialogLine.dialogText	You can also open and close the HunieBee with a simple middle click or tap of the spacebar.
resources.assets	8458	MonoBehaviour	steps[24].dialogLine.dialogText	S[s]oo[oo]oo...▸▸▸▸▸ uhh[hh]hh...▸▸▸▸▸ yeah!▸▸▸▸▸▸▸▸▸▸▸▸▸▸▸ I think that's pretty much my entire spiel.▸▸▸ Well, for now, at least.▸▸▸▸▸ Any questions?
resources.assets	8458	MonoBehaviour	steps[25].dialogOptions[0].dialogOptionText	Nope! That all seems pretty straightforward to me.
resources.assets	8458	MonoBehaviour	steps[25].dialogOptions[0].steps[0].dialogLine.dialogText	Well,▸▸▸ I'm glad it makes sense to you 'cause this shit makes BARELY any sense to me!
resources.assets	8458	MonoBehaviour	steps[25].dialogOptions[1].dialogOptionText	Where did the Nymphojinn come from... and why are they so horny?
resources.assets	8458	MonoBehaviour	steps[25].dialogOptions[1].steps[0].dialogLine.dialogText	Pssh!▸▸▸▸▸ You're asking the wrong fairy!▸▸▸▸▸[hh] That kind of intel is WAY above my pay grade.
resources.assets	8458	MonoBehaviour	steps[25].dialogOptions[2].dialogOptionText	Awww, did they really say you have to stop banging your clients?
resources.assets	8458	MonoBehaviour	steps[25].dialogOptions[2].steps[0].dialogLine.dialogText	It's some bullshit new rule they have.▸▸▸▸▸[ahh]▸▸▸▸▸▸▸▸▸▸ I know...▸▸▸▸▸[hh] if you're disappointed, imagine how I feel!
resources.assets	8458	MonoBehaviour	steps[28].dialogLine.dialogText	I thought I heard a familiar voice back here!▸▸▸▸▸▸▸ Hey stranger!▸▸ Long time no see!
resources.assets	8458	MonoBehaviour	steps[29].stringValue	Lola has been added to the HunieBee!
resources.assets	8458	MonoBehaviour	steps[30].dialogLine.dialogText	No▸▸▸ way...▸▸▸▸▸▸▸▸▸▸ isn't she that tight-ass flight attendant you used to bang?▸▸▸▸▸▸▸▸▸▸ Oh[ho] man,▸▸▸▸▸ can I book a flight or what?
resources.assets	8458	MonoBehaviour	steps[31].dialogLine.dialogText	Small world,▸▸▸ huh?▸▸▸▸▸▸▸ I never thought I'd bump into you on one of my routes.
resources.assets	8458	MonoBehaviour	steps[32].dialogLine.dialogText	By the way,▸▸▸▸▸ uhhh...▸▸▸▸▸ who were you talking to?
resources.assets	8458	MonoBehaviour	steps[33].dialogLine.dialogText	Oh yeah,▸▸▸▸▸ that's right...▸▸▸▸▸ I'm invisible.▸▸▸▸▸[hh]▸▸▸▸▸ You must look like a crazy person back here.
resources.assets	8458	MonoBehaviour	steps[36].dialogLine.dialogText	You should probably change the subject before it gets any more awkward...[h]
resources.assets	8458	MonoBehaviour	steps[37].dialogOptions[0].dialogOptionText	Hey Lola! I didn't know you still worked for Tropica airlines.
resources.assets	8458	MonoBehaviour	steps[37].dialogOptions[0].steps[0].dialogLine.dialogText	Yup,▸▸ still here!▸▸▸▸▸▸▸▸▸▸ I did have to reduce my hours though, so I could focus on other things.
resources.assets	8458	MonoBehaviour	steps[37].dialogOptions[1].dialogOptionText	It's good to see you! What are you up to these days?
resources.assets	8458	MonoBehaviour	steps[37].dialogOptions[2].dialogOptionText	Wow... I REALLY like your new uniform...
resources.assets	8458	MonoBehaviour	steps[37].dialogOptions[2].steps[0].dialogLine.dialogText	[hahahaha]▸▸[aaaa]▸▸Why thank you.▸▸▸▸▸ I designed it myself.▸▸▸▸▸▸▸▸▸▸ I thought the old one could use a little more... less.▸▸▸
resources.assets	8458	MonoBehaviour	steps[38].dialogLine.dialogText	Believe it or not, I started my own little fashion design business!▸▸▸▸▸ I have a website and everything!
resources.assets	8458	MonoBehaviour	steps[39].dialogLine.dialogText	It's still young though...▸▸ so,▸▸ I don't want to quit my day job just yet.
resources.assets	8458	MonoBehaviour	steps[40].dialogLine.dialogText	Enough about me though,▸▸▸ let's talk about you!▸▸▸▸▸ What brings you out to Inna De Poona?
resources.assets	8458	MonoBehaviour	steps[41].dialogOptions[0].dialogOptionText	You wouldn't believe me if I told you...
resources.assets	8458	MonoBehaviour	steps[41].dialogOptions[0].steps[0].dialogLine.dialogText	[hahahaha]▸▸[aaaaaa]▸Okay, you...▸▸▸ go ahead and keep your dirty secrets...
resources.assets	8458	MonoBehaviour	steps[41].dialogOptions[1].dialogOptionText	I thought I'd treat myself to a nice relaxing vacation.
resources.assets	8458	MonoBehaviour	steps[41].dialogOptions[1].steps[0].dialogLine.dialogText	You too, huh?
resources.assets	8458	MonoBehaviour	steps[41].dialogOptions[2].dialogOptionText	I'm looking to score some of that sweet tropical tang.
resources.assets	8458	MonoBehaviour	steps[41].dialogOptions[2].steps[0].dialogLine.dialogText	[hahaha]▸▸▸[aaaa]▸▸▸▸▸How did I know you were going to say something like that?
resources.assets	8458	MonoBehaviour	steps[42].dialogLine.dialogText	I'm actually gonna be enjoying a little time off on the island myself!
resources.assets	8458	MonoBehaviour	steps[43].dialogLine.dialogText	I'm meeting up with an old friend of mine for a little vacay we've been planning forever.
resources.assets	8458	MonoBehaviour	steps[45].dialogLine.dialogText	Soooooooooo...
resources.assets	8458	MonoBehaviour	steps[46].dialogLine.dialogText	...you wanna join the mile high club?
resources.assets	8458	MonoBehaviour	steps[47].dialogOptions[0].dialogOptionText	Lola Rembrite! You naughty, naughty girl...
resources.assets	8458	MonoBehaviour	steps[47].dialogOptions[0].steps[0].dialogLine.dialogText	What?▸▸▸▸▸▸▸▸ I work hard!▸▸▸▸▸▸▸▸▸▸ A girl's gotta find some way to relieve a little stress, right?
resources.assets	8458	MonoBehaviour	steps[47].dialogOptions[1].dialogOptionText	What's that? Some kind of rewards program?
resources.assets	8458	MonoBehaviour	steps[47].dialogOptions[1].steps[0].dialogLine.dialogText	Mmmm... something like that! [hahahaha]▸▸[aaaa]▸▸It's definitely rewarding...
resources.assets	8458	MonoBehaviour	steps[47].dialogOptions[2].dialogOptionText	Ehh, no thanks...
resources.assets	8458	MonoBehaviour	steps[47].dialogOptions[2].steps[0].dialogLine.dialogText	Are▸▸ you▸▸ IN▸▸SANE!?▸▸▸▸▸ Who turns down sky sex with a smoking hot stewardess?
resources.assets	8458	MonoBehaviour	steps[47].dialogOptions[2].steps[1].dialogLine.dialogText	Why don't you answer that question again, but▸▸ not▸▸ stu▸▸pid.▸▸▸
resources.assets	8458	MonoBehaviour	steps[48].dialogLine.dialogText	I'm gonna pretend I have to go to the bathroom,▸▸▸ but,▸▸▸▸▸ I'll leave the door unlocked...
resources.assets	8458	MonoBehaviour	steps[49].dialogLine.dialogText	Wait a couple minutes so you don't raise any suspicion, okay?
resources.assets	8458	MonoBehaviour	steps[53].dialogLine.dialogText	Bro,▸▸▸▸▸▸▸▸▸▸ we haven't even landed yet▸▸ and you're already scorin' ass!?
resources.assets	8458	MonoBehaviour	steps[53].dialogLine.yuriDialogText	Sis,[s]▸▸▸▸▸▸▸▸▸▸ we haven't even landed yet▸▸ and you're already scorin' ass!?
resources.assets	8458	MonoBehaviour	steps[54].dialogLine.dialogText	Maybe this chick isn't as uptight as I thought...
resources.assets	8458	MonoBehaviour	steps[55].dialogLine.dialogText	This is▸▸▸ actually▸▸ a great▸▸ opportunity for me to teach you about▸▸ double dates.▸▸▸▸▸▸▸▸▸▸ What do you say?
resources.assets	8458	MonoBehaviour	steps[56].dialogOptions[0].dialogOptionText	Yeah, good idea. I've never had a double date before.
resources.assets	8458	MonoBehaviour	steps[56].dialogOptions[0].steps[0].dialogLine.dialogText	Al▸▸▸▸▸right!▸▸▸▸▸▸▸▸[hh] Well,▸▸▸ let's head in there.▸▸▸▸▸ We don't want to keep her waiting, do we?
resources.assets	8458	MonoBehaviour	steps[56].dialogOptions[1].dialogOptionText	Nah, I'm all set. I already know how double dates work.
resources.assets	8458	MonoBehaviour	steps[56].dialogOptions[1].steps[0].dialogLine.dialogText	Ok▸▸ay,▸▸▸▸▸ suit yourself!▸▸▸▸▸▸▸ But I'm still comin' in there!▸ I ain't missin' THIS action!▸▸
resources.assets	8458	MonoBehaviour	steps[57].logicAction.stringValue	skip_tutorial
resources.assets	8459	MonoBehaviour	steps[3].dialogLine.dialogText	Al▸right!▸▸▸▸▸▸▸▸ I'll try to make this quick,▸▸▸ 'cause I know we all just wanna get to the good part.
resources.assets	8459	MonoBehaviour	steps[4].dialogLine.dialogText	You remember how dates work,▸▸▸ right?▸▸▸▸▸ Well,▸▸▸▸▸ double dates are similar...▸▸▸▸▸ with a few key differences.
resources.assets	8459	MonoBehaviour	steps[5].dialogLine.dialogText	The goal is still the same.▸▸▸▸▸▸▸▸▸▸ You wanna fill up the affection meter before you run out of moves.
resources.assets	8459	MonoBehaviour	steps[6].dialogLine.dialogText	You do that by matching three▸▸▸ or more of these tokens either horizontally,▸▸▸▸▸ or vertically.
resources.assets	8459	MonoBehaviour	steps[7].dialogLine.dialogText	Well,▸▸▸▸▸▸▸▸▸▸ AFFECTION▸▸ tokens▸▸ to be exact.▸▸▸▸▸▸▸▸▸▸▸▸▸▸▸ Affection tokens are the circular ones with symbols on them.
resources.assets	8459	MonoBehaviour	steps[8].dialogLine.dialogText	Like those three flirtation tokens over there!▸▸▸▸▸▸▸▸ Go ahead and match those!
resources.assets	8459	MonoBehaviour	steps[9].dialogLine.dialogText	You know,▸▸▸▸▸ the green ones in the middle of the grid there...▸▸▸▸▸▸▸ with the stars on 'em.
resources.assets	8459	MonoBehaviour	steps[12].logicAction.stringValue	tutorial_progress
resources.assets	8459	MonoBehaviour	steps[13].dialogLine.dialogText	Now,▸▸▸▸▸ the biggest difference with double dates is,▸▸▸ obviously,▸▸ that▸ there's▸ two▸ chicks!▸▸
resources.assets	8459	MonoBehaviour	steps[14].dialogLine.dialogText	You gotta learn how to divide your time and attention between both girls.▸▸[hh]▸▸▸▸▸ It can be a bit tricky...
resources.assets	8459	MonoBehaviour	steps[15].dialogLine.dialogText	Right now,▸▸▸ you're focused on me.▸▸▸▸▸▸▸ To switch over to her,▸▸▸▸▸▸▸ all you gotta do is click on her.
resources.assets	8459	MonoBehaviour	steps[18].logicAction.stringValue	tutorial_progress
resources.assets	8459	MonoBehaviour	steps[19].dialogLine.dialogText	Ea▸▸sy▸▸▸▸ slea▸▸zy!▸▸▸▸▸▸▸▸▸▸ Now that you're focused on her,▸▸▸▸▸ all the matches you perform will go to her.
resources.assets	8459	MonoBehaviour	steps[20].dialogLine.dialogText	O▸▸kay,▸▸▸▸▸▸▸ let's▸▸ see...▸▸▸▸▸▸▸▸▸▸ I'm trying to find some talent tokens for you to match...
resources.assets	8459	MonoBehaviour	steps[21].dialogLine.dialogText	You'll get double affection for those,▸▸▸▸▸ since talent▸▸ just happens to be her favorite type.
resources.assets	8459	MonoBehaviour	steps[22].dialogLine.dialogText	O[o]h!▸▸▸▸▸▸▸▸▸▸ In the bottom left hand corner!▸▸▸▸▸ The blue ones,▸▸▸▸▸ with the music notes on 'em.
resources.assets	8459	MonoBehaviour	steps[25].logicAction.stringValue	tutorial_progress
resources.assets	8459	MonoBehaviour	steps[26].dialogLine.dialogText	Of course,▸▸▸ bigger matches,▸▸▸▸▸ such as four or more in a row,▸▸▸▸▸ will also give you more affection.
resources.assets	8459	MonoBehaviour	steps[27].dialogLine.dialogText	Switch focus back over to me and I'll show you.▸▸▸▸▸▸▸▸▸▸ You can use right-click as a shortcut,▸▸▸▸▸ try it!
resources.assets	8459	MonoBehaviour	steps[30].logicAction.stringValue	tutorial_progress
resources.assets	8459	MonoBehaviour	steps[31].dialogLine.dialogText	There's a four-of-a-kind romance token match somewhere on the grid.▸▸▸▸▸▸▸▸▸▸▸▸ I'll let you find it!
resources.assets	8459	MonoBehaviour	steps[32].dialogLine.dialogText	In case you forgot,▸▸▸▸▸▸▸▸▸▸ romance tokens are the orange ones with the crescent shapes on them.
resources.assets	8459	MonoBehaviour	steps[35].logicAction.stringValue	tutorial_progress
resources.assets	8459	MonoBehaviour	steps[36].dialogLine.dialogText	The thing with bigger matches that you gotta watch out for,▸▸▸▸▸ is that they also cost more stamina.▸▸▸▸▸
resources.assets	8459	MonoBehaviour	steps[37].dialogLine.dialogText	My stamina is lookin' pretty low right now,▸▸▸▸▸ so let's find some stamina tokens to match...
resources.assets	8459	MonoBehaviour	steps[38].dialogLine.dialogText	There!▸▸▸▸▸▸▸ In the top right corner of the grid!▸▸▸▸▸ Match those stamina tokens.▸▸▸▸▸ The white...▸▸▸▸▸ pentagon...▸▸ things!
resources.assets	8459	MonoBehaviour	steps[41].logicAction.stringValue	tutorial_progress
resources.assets	8459	MonoBehaviour	steps[42].dialogLine.dialogText	Whew,▸▸▸▸▸▸▸▸▸▸ that's better!▸▸▸▸▸[hh]▸▸▸▸▸ The last thing you want to happen is for a girl to run outta stamina.
resources.assets	8459	MonoBehaviour	steps[43].dialogLine.dialogText	If that happens,▸▸▸▸▸ she'll be completely exhausted until her stamina fully recovers.
resources.assets	8459	MonoBehaviour	steps[44].dialogLine.dialogText	I'm sure you remember the other token types,▸▸▸▸▸ but I'll give you a quick refresher just in case.
resources.assets	8459	MonoBehaviour	steps[45].dialogLine.dialogText	The gold bells are called joy tokens.▸▸▸▸▸▸▸▸▸▸ They give you extra moves!▸▸▸▸▸ You can't beat that!
resources.assets	8459	MonoBehaviour	steps[46].dialogLine.dialogText	The pink hearts are called passion tokens.▸▸▸▸▸▸▸▸▸▸ Matching those increases a girl's passion.
resources.assets	8459	MonoBehaviour	steps[47].dialogLine.dialogText	The higher her passion is,▸▸▸▸▸ the more affection she'll give from affection token matches!
resources.assets	8459	MonoBehaviour	steps[48].dialogLine.dialogText	Broken hearts work a bit differently on double dates,▸▸ but you still wanna avoid them at ALL▸▸▸▸▸ costs!▸▸[s]
resources.assets	8459	MonoBehaviour	steps[49].dialogLine.dialogText	Matching broken hearts will instantly drain a girl's stamina and put her in a bad mood.
resources.assets	8459	MonoBehaviour	steps[50].dialogLine.dialogText	That's not even the worst part of it either!▸▸▸▸▸▸▸▸▸▸ You wanna know the WORST part?
resources.assets	8459	MonoBehaviour	steps[51].dialogLine.dialogText	[I]If▸▸ BOTH▸▸▸ girls are angry or exhausted,▸▸▸▸▸▸▸ you're▸▸▸ DONE.▸▸▸▸▸▸▸▸▸ Yup,▸▸▸▸▸▸▸ you failed...▸▸▸▸▸ the date's over!
resources.assets	8459	MonoBehaviour	steps[52].dialogLine.dialogText	So don't do that,▸▸▸▸▸ o▸▸kay?▸▸▸▸▸▸▸▸▸▸ O▸▸▸kay!▸▸▸▸▸▸▸▸▸▸▸▸▸▸▸ Is that everything? Can I shut up now?
resources.assets	8459	MonoBehaviour	steps[53].dialogLine.dialogText	No,▸▸ wait!▸▸▸▸▸ Date gifts!▸▸▸▸▸ Duh!▸▸▸▸▸ How do I always forget about date gifts?
resources.assets	8459	MonoBehaviour	steps[54].dialogLine.dialogText	I'm sure you didn't pack any,▸▸ so,▸▸▸▸▸▸▸▸▸▸▸▸▸ I gotcha covered!▸▸▸▸▸▸▸▸▸▸ Switch focus back over to her, will ya?
resources.assets	8459	MonoBehaviour	steps[57].logicAction.stringValue	tutorial_progress
resources.assets	8459	MonoBehaviour	steps[58].dialogLine.dialogText	Here,▸▸▸▸▸[hh] she might like this one.▸▸▸▸[hh] It's from HunieCorp's newest line of date plushies!
resources.assets	8459	MonoBehaviour	steps[62].dialogLine.dialogText	As▸▸▸▸ usual,▸▸▸▸▸[hh]▸▸ she'll need some sentiment before you're able to give her the date gift.
resources.assets	8459	MonoBehaviour	steps[63].dialogLine.dialogText	I'll let you find a good sentiment token match.▸▸▸▸▸ You're looking for the teal colored tear drops!
resources.assets	8459	MonoBehaviour	steps[67].logicAction.stringValue	tutorial_progress
resources.assets	8459	MonoBehaviour	steps[68].dialogLine.dialogText	Per▸▸fect!▸▸▸▸▸▸▸▸▸▸ That should be enough.▸▸▸▸▸▸▸ You can give her the plushie now.▸▸▸▸▸ Just drag it over to her!
resources.assets	8459	MonoBehaviour	steps[71].logicAction.stringValue	tutorial_progress
resources.assets	8459	MonoBehaviour	steps[72].dialogLine.dialogText	There ya go!▸▸▸▸▸▸▸▸ HunieCorp has TONS of new,▸▸▸▸▸ and classic date gifts for sale,▸▸▸▸▸ so try 'em all!
resources.assets	8459	MonoBehaviour	steps[75].dialogLine.dialogText	Annnnd...[h]▸▸▸▸▸▸▸▸ that's it!▸▸▸▸▸▸▸▸▸▸ Well,▸▸▸▸▸▸▸▸▸▸ those are most of the basics of double dating anyway.
resources.assets	8459	MonoBehaviour	steps[76].dialogLine.dialogText	I know it's a lot to take in,▸▸▸▸▸ but,▸▸▸▸▸▸▸▸ don't worry!▸▸▸▸▸▸▸▸▸▸ You'll get the hang of it!
resources.assets	8459	MonoBehaviour	steps[77].dialogLine.dialogText	Now finish up this date so we can do what we came here to do!▸▸▸▸▸ Or▸▸ rather,▸▸▸▸▸ WHO▸▸ we came here to do!▸▸▸▸▸[hahahaha]▸▸▸▸▸[hh]
resources.assets	8459	MonoBehaviour	steps[78].dialogLine.dialogText	I'll make sure you can't fail this one.▸▸▸▸▸▸▸▸ Just...▸▸▸▸▸▸ try not to screw it up TOO bad,▸▸▸ ok▸▸ay?▸▸▸
resources.assets	8460	MonoBehaviour	steps[0].dialogLine.dialogText	Al[ll]▸▸right!▸▸▸▸▸▸▸▸ Now it's time for the...[ah em]▸▸▸▸▸▸▸[hh] BO[OO]NUS▸▸▸ RO[OO]UND!▸▸▸▸▸▸▸▸▸▸ This is the part where you fug the girls!
resources.assets	8460	MonoBehaviour	steps[1].dialogLine.dialogText	Un▸▸▸for▸▸▸tunate▸▸▸ly,▸▸▸▸▸ I have to sit this one out▸▸▸ or I'll have to go through abstinence training...▸▸▸▸▸ A[A]▸▸▸G[G]AIN.▸▸
resources.assets	8460	MonoBehaviour	steps[2].dialogLine.dialogText	Buuuutt,▸▸▸▸▸ the bonus round is pretty simple!▸▸▸▸▸▸▸▸▸▸ Just forget EVERYTHING I just taught you about double dates...
resources.assets	8460	MonoBehaviour	steps[3].dialogLine.dialogText	...and match tokens as▸▸▸ FAST▸▸▸ as you can!▸▸▸▸▸[hh]▸▸▸▸▸ It doesn't matter which ones,▸▸ just keep matching!
resources.assets	8460	MonoBehaviour	steps[4].dialogLine.dialogText	Try not to stop or slow down!▸▸▸▸▸ Getting TWO girls to climax simultaneously requires some▸▸ SERIOUS▸▸ sex▸▸▸terity!
resources.assets	8461	MonoBehaviour	steps[0].dialogLine.dialogText	Al[ll]▸▸right!▸▸▸▸▸▸▸▸ Now it's time for the...[ah em]▸▸▸▸▸▸▸[hh] BO[OO]NUS▸▸▸ RO[OO]UND!▸▸▸▸▸▸▸▸▸▸ This is the part where you fug the girls!
resources.assets	8461	MonoBehaviour	steps[1].dialogLine.dialogText	Un▸▸▸for▸▸▸tunate▸▸▸ly,▸▸▸▸▸ I have to sit this one out▸▸▸ or I'll have to go through abstinence training...▸▸▸▸▸ A[A]▸▸▸G[G]AIN.▸▸
resources.assets	8462	MonoBehaviour	steps[4].dialogLine.dialogText	Well,▸▸ that was certainly...▸▸▸▸▸ refreshing!▸▸▸▸▸▸▸▸ [hahahahaha]▸▸▸▸[aaaaaa]▸▸▸▸Hopefully nobody saw us walk out together...
resources.assets	8462	MonoBehaviour	steps[5].dialogLine.dialogText	Oh,▸▸▸▸▸▸▸ I saw a lot more than that!
resources.assets	8462	MonoBehaviour	steps[6].dialogLine.dialogText	Perfect timing too...▸▸▸▸▸ looks like we're about to begin our descent.▸▸▸▸▸ I better go take my seat.
resources.assets	8462	MonoBehaviour	steps[7].dialogLine.dialogText	You still have my number right?▸▸▸▸▸ Give me a ring so we can meet up on the island!▸▸▸▸▸ [mwah]
resources.assets	8462	MonoBehaviour	steps[10].dialogLine.dialogText	By▸▸ the▸▸ way...▸▸▸▸▸ you're probably wondering why a bunch of fruit popped out of us after the date,▸▸ huh?
resources.assets	8462	MonoBehaviour	steps[11].dialogLine.dialogText	Well,▸▸▸▸▸▸▸ out here in the tropics,▸▸▸▸▸▸▸[hh] Hunie takes a slightly different form than you're used to.
resources.assets	8462	MonoBehaviour	steps[12].dialogLine.dialogText	Instead of that weird pink jelly stuff,▸▸▸▸ it manifests as what we call:▸▸▸▸ "Hunie Seeds".
resources.assets	8462	MonoBehaviour	steps[13].dialogLine.dialogText	Don't worry,▸▸▸▸▸ you can still use 'em to buy gifts and other useful items from the HunieBee!
resources.assets	8462	MonoBehaviour	steps[14].dialogLine.dialogText	[hhhh]▸▸Oh!▸▸▸▸▸▸▸▸ Look,▸▸▸▸▸ there it is!▸▸▸▸▸ I can see the island!▸▸▸▸▸ We're almost there!
resources.assets	8462	MonoBehaviour	steps[15].dialogLine.dialogText	Mmm-▸▸▸▸▸mmm-▸▸▸▸▸mmm!▸▸▸ I can practically taste all that delicious clam already!
resources.assets	8463	MonoBehaviour	steps[2].dialogLine.dialogText	Ahhhh...▸▸▸▸▸ Inna De Poona!▸▸▸▸▸▸▸ Where the melons are juicy and the fish are aplenty!
resources.assets	8463	MonoBehaviour	steps[3].dialogOptions[0].dialogOptionText	Can you go five minutes without making a sexual innuendo?
resources.assets	8463	MonoBehaviour	steps[3].dialogOptions[0].steps[0].dialogLine.dialogText	What?[t]▸▸▸▸▸▸▸▸▸▸ That's literally the slogan for the island.▸▸▸▸▸▸▸▸▸▸ It's right there on that sign behind you.
resources.assets	8463	MonoBehaviour	steps[3].dialogOptions[0].steps[1].dialogLine.dialogText	Al▸▸so,▸▸▸▸▸ no!
resources.assets	8463	MonoBehaviour	steps[3].dialogOptions[1].dialogOptionText	Have you ever visited this island before?
resources.assets	8463	MonoBehaviour	steps[3].dialogOptions[1].steps[0].dialogLine.dialogText	Of▸▸ course!▸▸▸▸▸▸▸ This is a very popular vacation spot for us love fairies.
resources.assets	8463	MonoBehaviour	steps[3].dialogOptions[1].steps[1].dialogLine.dialogText	There's just something about this place that makes ya feel all warm and fuzzy in the lady bits.
resources.assets	8463	MonoBehaviour	steps[3].dialogOptions[2].dialogOptionText	Can't wait to get started on those threesomes!
resources.assets	8463	MonoBehaviour	steps[3].dialogOptions[2].steps[0].dialogLine.dialogText	Whoa[aa],▸▸▸▸▸▸▸▸▸▸ rel▸ax▸▸▸▸▸ champ.▸▸▸▸▸▸▸▸▸▸▸▸ We still need to get checked into our hotel.
resources.assets	8463	MonoBehaviour	steps[3].dialogOptions[2].steps[1].dialogLine.dialogText	We'll start hunting for hotties first thing tomorrow morning.
resources.assets	8463	MonoBehaviour	steps[5].dialogLine.dialogText	What the fuck?▸▸▸▸▸ Is that...
resources.assets	8463	MonoBehaviour	steps[6].dialogLine.dialogText	Hee[ee]eeyy[yy]!▸▸▸▸▸ Look over there!▸▸▸▸▸▸▸▸▸▸ Isn't that your little sex buddy from home?▸▸▸▸▸ How convenient is that?
resources.assets	8463	MonoBehaviour	steps[9].dialogLine.dialogText	Ummm...▸▸▸▸▸▸▸▸ dude,▸▸▸▸▸▸▸▸▸▸▸▸▸▸▸ stalk much?▸▸▸▸▸ [hahahaha]▸▸[hhhh]▸▸▸▸▸ What in the fuck are you doing here?
resources.assets	8463	MonoBehaviour	steps[9].dialogLine.yuriDialogText	Ummm...▸▸▸▸▸▸▸▸ yo,▸▸▸▸▸▸▸▸▸▸▸▸▸▸▸ stalk much?▸▸▸▸▸ [hahahaha]▸▸[hhhh]▸▸▸▸▸ What in the fuck are you doing here?
resources.assets	8463	MonoBehaviour	steps[10].stringValue	Ashley has been added to the HunieBee!
resources.assets	8463	MonoBehaviour	steps[11].dialogOptions[0].dialogOptionText	It's kinda hard to explain...
resources.assets	8463	MonoBehaviour	steps[11].dialogOptions[0].steps[0].dialogLine.dialogText	Just couldn't stand to be without me, huh?▸▸▸▸▸▸▸▸▸▸ Well,▸▸▸▸▸▸▸ who could blame you?▸▸▸▸▸
resources.assets	8463	MonoBehaviour	steps[11].dialogOptions[1].dialogOptionText	Me!? What in the fuck are YOU doing here?
resources.assets	8463	MonoBehaviour	steps[11].dialogOptions[1].steps[0].dialogLine.dialogText	Don't▸▸▸ even▸▸▸ try▸▸▸ to give me that shit!▸▸▸▸▸▸▸▸▸▸ You knew I was coming out here,▸▸▸▸▸ didn't you?
resources.assets	8463	MonoBehaviour	steps[11].dialogOptions[2].dialogOptionText	Yeah, I stalked you out here. What of it?
resources.assets	8463	MonoBehaviour	steps[11].dialogOptions[2].steps[0].dialogLine.dialogText	Oh,▸▸▸▸▸ cool!▸▸▸▸▸▸▸▸▸▸ Nothing alarming about that!▸▸▸▸▸ Nope,▸▸▸▸▸ not creepy at all!▸▸▸▸▸
resources.assets	8463	MonoBehaviour	steps[12].dialogLine.dialogText	Dude,▸▸▸▸▸▸▸▸▸▸ if you wanted to fly out here with me,▸▸▸▸▸ all you had to do was ask.▸▸▸▸▸
resources.assets	8463	MonoBehaviour	steps[12].dialogLine.yuriDialogText	Babe,▸▸▸▸▸▸▸▸▸▸ if you wanted to fly out here with me,▸▸▸▸▸ all you had to do was ask.▸▸▸▸▸
resources.assets	8463	MonoBehaviour	steps[13].dialogLine.dialogText	If I had known you were coming,▸▸▸▸▸ I wouldn't have had to explain my vibrator to security.
resources.assets	8463	MonoBehaviour	steps[14].dialogLine.dialogText	Oh▸▸▸▸▸▸▸▸▸ my▸▸▸▸▸▸▸ god...▸▸▸▸▸▸▸▸▸ I▸▸ LOVE▸▸ her!
resources.assets	8463	MonoBehaviour	steps[15].dialogLine.dialogText	You already have an in with this chick too.▸▸▸▸▸▸▸▸▸▸ Now all WE gotta do▸▸▸▸▸ is convince her to have a three-way.
resources.assets	8463	MonoBehaviour	steps[16].dialogOptions[0].dialogOptionText	Hey Ashley, you down for a three-way?
resources.assets	8463	MonoBehaviour	steps[16].dialogOptions[0].steps[0].dialogLine.dialogText	Did you fly all the way out here to ask me that?▸▸▸▸▸▸▸▸▸▸▸▸▸▸▸ Of course I'm down for a three-way!
resources.assets	8463	MonoBehaviour	steps[16].dialogOptions[0].steps[1].dialogLine.dialogText	You better find us a hot girl though.▸▸▸▸▸ I only scissor sevens and up.
resources.assets	8463	MonoBehaviour	steps[16].dialogOptions[1].dialogOptionText	I'm not just some sex toy you can use!
resources.assets	8463	MonoBehaviour	steps[16].dialogOptions[1].steps[0].dialogLine.dialogText	[hahahaha]▸▸[hhhh]▸▸▸▸▸Nah,▸▸▸▸▸ sorry,▸▸▸▸▸ as long as you're out here▸▸▸ we're putting that thing to good use.
resources.assets	8463	MonoBehaviour	steps[16].dialogOptions[1].steps[0].dialogLine.yuriDialogText	[hahahaha]▸▸[hhhh]▸▸▸▸▸Nah,▸▸▸▸▸ sorry,▸▸▸▸▸▸▸▸▸▸▸▸▸▸▸ as long as you're out here▸▸▸ we're putting that hole to good use.
resources.assets	8463	MonoBehaviour	steps[16].dialogOptions[2].dialogOptionText	I'm sure we can still find a good use for that vibrator...
resources.assets	8463	MonoBehaviour	steps[16].dialogOptions[2].steps[0].dialogLine.dialogText	That's▸▸ true...▸▸▸▸▸▸▸▸ plenty of holes to fill,▸▸▸▸▸ right?▸▸▸▸▸▸▸▸▸▸[hhhh]
resources.assets	8463	MonoBehaviour	steps[17].dialogLine.dialogText	Bro,▸▸▸▸▸▸▸▸ where did you find this chick?▸▸▸▸▸▸▸ I▸▸ want▸▸ one!▸▸▸▸▸
resources.assets	8463	MonoBehaviour	steps[17].dialogLine.yuriDialogText	Sis▸▸[s],▸▸▸▸▸▸▸▸ where did you find this chick?▸▸▸▸▸▸▸ I▸▸ want▸▸ one!▸▸▸▸▸
resources.assets	8463	MonoBehaviour	steps[18].dialogLine.dialogText	I have some business stuff to take care of out here, but,▸▸▸▸▸▸▸▸▸▸ I should have plenty of free time too.
resources.assets	8463	MonoBehaviour	steps[19].dialogLine.dialogText	I'm staying at...▸▸▸▸▸▸▸▸▸▸ what was the name?▸▸▸▸▸▸▸▸▸▸ Oh, yeah!▸▸▸▸▸ Love Lei.▸▸▸▸▸ Love Lei Hotel.
resources.assets	8463	MonoBehaviour	steps[20].dialogLine.dialogText	What▸▸ a▸▸ coin▸▸cidence!▸▸▸▸▸ That's exactly where we'll be staying too!
resources.assets	8463	MonoBehaviour	steps[21].dialogLine.dialogText	Anyway,▸▸▸▸▸▸▸▸▸▸ I should probably go find my luggage.▸▸▸▸▸▸▸▸▸▸ Catch ya later,  sweet cheeks!
resources.assets	8463	MonoBehaviour	steps[25].dialogLine.dialogText	Oh[ho]▸▸ man,▸▸▸▸▸▸▸▸▸▸ I am DEFINITELY sneaking into her room at night to get a whiff of that...
resources.assets	8463	MonoBehaviour	steps[26].dialogLine.dialogText	Speaking of which...▸▸▸▸▸▸▸ we should go check in before it gets too late.▸▸▸▸▸▸▸▸ Come on,▸ let's go!
resources.assets	8464	MonoBehaviour	steps[2].dialogLine.dialogText	Pretty▸ sweet▸ digs,▸▸▸▸ huh?▸▸▸▸▸▸▸▸▸▸ If you're gonna try to save the galaxy,▸▸▸▸▸ you might as well do it in style!
resources.assets	8464	MonoBehaviour	steps[6].dialogLine.dialogText	Good evening!▸▸▸▸▸ Welcome to Love Lei Hotel.▸▸▸▸▸ My name is Lailani.▸▸▸▸▸ How may I be of service?
resources.assets	8464	MonoBehaviour	steps[7].stringValue	Lailani has been added to the HunieBee!
resources.assets	8464	MonoBehaviour	steps[8].dialogLine.dialogText	I can think of a few ways this cutie-pie could be of service to me!▸▸▸▸▸[hehe]
resources.assets	8464	MonoBehaviour	steps[9].dialogOptions[0].dialogOptionText	Just checking in, thank you.
resources.assets	8464	MonoBehaviour	steps[9].dialogOptions[0].steps[0].dialogLine.dialogText	Oh...▸▸▸▸▸▸▸▸▸▸ you are?▸▸▸▸▸▸▸▸▸▸ Okay,▸▸▸▸▸▸▸▸▸▸ uhh,▸▸▸▸▸ perhaps I need to double check...
resources.assets	8464	MonoBehaviour	steps[9].dialogOptions[1].dialogOptionText	I'm not sure... I was just told to come here.
resources.assets	8464	MonoBehaviour	steps[9].dialogOptions[1].steps[0].dialogLine.dialogText	[haha]▸▸[hhhh]▸▸▸▸▸I'm guessing by all your luggage that you'll be staying with us?
resources.assets	8464	MonoBehaviour	steps[9].dialogOptions[2].dialogOptionText	What kind of services do you offer, exactly?
resources.assets	8464	MonoBehaviour	steps[9].dialogOptions[2].steps[0].dialogLine.dialogText	Well,▸▸▸▸▸▸▸▸▸▸ umm,▸▸▸▸▸[hhhh]▸▸▸▸▸▸▸▸▸▸ this is the front desk,▸▸▸▸▸ so▸▸▸ all I can do is help guests get checked in and out...
resources.assets	8464	MonoBehaviour	steps[10].dialogLine.dialogText	...but I don't remember seeing anymore reservations in the system for tonight...
resources.assets	8464	MonoBehaviour	steps[11].dialogLine.dialogText	Shii[ii]iitt...[t]▸▸▸▸▸▸▸▸ I knew I forgot to do something...
resources.assets	8464	MonoBehaviour	steps[12].dialogLine.dialogText	[hh]▸▸▸Not a problem though!▸▸▸▸▸▸▸▸▸▸ I'm sure we can find the appropriate accommodations for you.
resources.assets	8464	MonoBehaviour	steps[14].dialogLine.dialogText	What kind of room were you looking for?
resources.assets	8464	MonoBehaviour	steps[15].dialogOptions[0].dialogOptionText	I'll take any room you have that's available.
resources.assets	8464	MonoBehaviour	steps[15].dialogOptions[0].steps[0].dialogLine.dialogText	Hmmm,▸▸▸▸▸▸▸▸▸▸▸▸▸ let's▸▸ see▸▸ what we have for you.▸▸▸▸▸▸▸▸▸▸▸▸▸▸▸ I know everything on the first floor is taken...
resources.assets	8464	MonoBehaviour	steps[15].dialogOptions[1].dialogOptionText	Give me the most expensive and luxurious room you've got.
resources.assets	8464	MonoBehaviour	steps[15].dialogOptions[1].steps[0].dialogLine.dialogText	Oh,▸▸▸▸▸ uhhh...▸▸▸▸▸ that would be the royal suite.▸▸▸▸▸▸▸▸ I'm afraid that room isn't available tonight.
resources.assets	8464	MonoBehaviour	steps[15].dialogOptions[2].dialogOptionText	Maybe you and I could share a room together...
resources.assets	8464	MonoBehaviour	steps[15].dialogOptions[2].steps[0].dialogLine.dialogText	[hahahaha]▸▸[hhhh]▸▸I'm afraid that would be strictly against hotel policy.▸▸▸▸▸ I think...
resources.assets	8464	MonoBehaviour	steps[16].dialogLine.dialogText	But,▸▸▸▸▸ I do have a great room for you on the second floor!▸▸▸▸▸▸▸▸▸▸ It has a nice view▸▸▸ and big▸▸ bed!▸▸▸▸▸
resources.assets	8464	MonoBehaviour	steps[17].dialogLine.dialogText	I think you'll find it to be quite suitable!▸▸▸▸▸▸▸▸ Excuse me briefly while I retrieve your key card.
resources.assets	8464	MonoBehaviour	steps[21].dialogLine.dialogText	O▸▸▸▸▸kay,▸▸▸▸▸ you're all set!▸▸▸▸▸ Here's your key card.▸▸▸▸▸▸▸▸▸▸ The room number is written on the back.
resources.assets	8464	MonoBehaviour	steps[22].dialogLine.dialogText	If you need anything else,▸▸▸▸▸ please don't hesitate to ask.▸▸▸▸▸▸▸▸▸▸ That's what we're here for!
resources.assets	8464	MonoBehaviour	steps[23].dialogOptions[0].dialogOptionText	I think I'm good for now, thanks Lailani!
resources.assets	8464	MonoBehaviour	steps[23].dialogOptions[1].dialogOptionText	Can you have lotion and tissues sent up to my room?
resources.assets	8464	MonoBehaviour	steps[23].dialogOptions[1].steps[0].dialogLine.dialogText	Oh,▸▸ uhh,▸▸ you'll find plenty of complimentary lotion and tissues in your bathroom.
resources.assets	8464	MonoBehaviour	steps[23].dialogOptions[1].steps[1].dialogLine.dialogText	Our guests seem to go through an awful lot of them...
resources.assets	8464	MonoBehaviour	steps[23].dialogOptions[2].dialogOptionText	A massage would be nice...
resources.assets	8464	MonoBehaviour	steps[23].dialogOptions[2].steps[0].dialogLine.dialogText	Then you'll be quite happy to learn that we have a massage spa right here within the resort!
resources.assets	8464	MonoBehaviour	steps[23].dialogOptions[2].steps[1].dialogLine.dialogText	You can go there anytime to make an appointment with one of our therapists.
resources.assets	8464	MonoBehaviour	steps[23].dialogOptions[2].steps[2].dialogLine.dialogText	You might even get me!▸▸[hahahaha]▸▸[hhhh]
resources.assets	8464	MonoBehaviour	steps[24].dialogLine.dialogText	The elevator is behind you to your right.▸▸▸▸▸ Enjoy your stay, and have a wonderful night!
resources.assets	8465	MonoBehaviour	steps[0].dialogLine.dialogText	Mornin'▸▸▸ sunshine!▸▸▸▸▸▸▸▸▸▸▸▸▸▸▸ I hope you slept well,▸▸ 'cause we've got a full day of double dates ahead of us!
resources.assets	8465	MonoBehaviour	steps[1].dialogLine.dialogText	You remember how the HunieBee registers the girls you meet and tracks their location,▸▸ right?
resources.assets	8465	MonoBehaviour	steps[2].dialogLine.dialogText	Well▸▸▸ now,▸▸▸▸▸▸▸▸ it can also detect the presence of girls that you haven't even met yet!
resources.assets	8465	MonoBehaviour	steps[3].dialogLine.dialogText	Just open up the girl finder app▸▸ and select a location where two girls are gonna be.
resources.assets	8465	MonoBehaviour	steps[4].dialogLine.dialogText	The HunieBee will automatically detect if the girls are compatible with each other.
resources.assets	8465	MonoBehaviour	steps[5].dialogLine.dialogText	If they are,▸▸▸▸▸ you can probably coax them into a threesome...▸▸▸▸▸▸▸▸ but,▸▸▸▸▸ it might take a date or two.
resources.assets	8465	MonoBehaviour	steps[6].stringValue	0,1
resources.assets	8465	MonoBehaviour	steps[7].dialogLine.dialogText	Al[ll]▸▸▸▸▸ri[ii]ght!▸▸▸▸▸▸▸ I'm psyched!▸▸▸▸▸ You psyched?▸▸▸▸▸ Yeah, you're psyched!▸▸▸▸▸ Let's go get▸▸ you▸▸ LAID!▸▸
resources.assets	8465	MonoBehaviour	steps[8].dialogLine.dialogText	Oh,▸▸▸▸▸▸▸▸▸▸▸▸▸ and if you▸▸ ever need to check in with me,▸▸▸▸▸▸▸▸ just meet me back here at the hotel room!
resources.assets	8466	MonoBehaviour	steps[0].logicAction.stringValue	date_lesson_taught
resources.assets	8466	MonoBehaviour	steps[4].dialogLine.dialogText	Not▸▸▸ too▸▸▸ shab▸▸by...▸▸▸▸▸▸▸▸▸▸ I can see you're definitely getting the hang of these double dates!
resources.assets	8466	MonoBehaviour	steps[5].dialogLine.dialogText	It looks like the HunieBee was able to determine that these two kinda have the hots for each other!
resources.assets	8466	MonoBehaviour	steps[6].dialogLine.dialogText	But threesomes don't just happen,▸▸▸ ya know?▸▸▸▸▸▸▸▸▸▸ You gotta be in the right place,▸ at the right time.
resources.assets	8466	MonoBehaviour	steps[7].dialogLine.dialogText	Naturally,▸▸▸▸▸▸▸▸▸▸ the HunieBee's gotcha covered there too!▸▸▸▸▸ Just keep an eye on the girl finder app.
resources.assets	8466	MonoBehaviour	steps[8].dialogLine.dialogText	It'll alert you when there's a PERFECT opportunity for a second date.▸▸▸▸▸ You can't miss it!
resources.assets	8466	MonoBehaviour	steps[9].dialogLine.dialogText	Is that handy▸▸ or what?▸▸▸▸▸▸▸▸▸▸ I swear,▸▸ the guys at HunieCorp think of everything!
resources.assets	8467	MonoBehaviour	steps[0].logicAction.stringValue	sex_lesson_taught
resources.assets	8467	MonoBehaviour	steps[5].dialogLine.dialogText	N[n]ii[ii]iice!▸▸[hh]▸▸▸▸▸▸▸▸▸▸ Definitely depositing THAT in the spank bank...
resources.assets	8467	MonoBehaviour	steps[6].dialogLine.dialogText	...and▸▸ look!▸▸▸▸▸ We got our first pair of fairy wings!▸▸▸ The system works!▸▸
resources.assets	8467	MonoBehaviour	steps[7].dialogLine.dialogText	We'll need a LOT more than that to awaken the Nymphojinn though...
resources.assets	8467	MonoBehaviour	steps[8].dialogLine.dialogText	So,▸▸ keep doin' what you're doin' man!▸▸▸▸▸▸▸▸ Make▸▸▸ Mama▸▸▸ Sugardust▸▸▸ proud!▸▸[hh]▸▸
resources.assets	8467	MonoBehaviour	steps[8].dialogLine.yuriDialogText	So,▸▸ keep doin' what you're doin' sister!▸▸▸▸▸▸▸▸ Make▸▸▸ Mama▸▸▸ Sugardust▸▸▸ proud!▸▸[hh]▸▸
resources.assets	8468	MonoBehaviour	steps[0].logicAction.stringValue	baggage_lesson_taught
resources.assets	8468	MonoBehaviour	steps[6].dialogLine.dialogText	Oh▸▸▸▸▸▸▸▸▸▸ yeeeeaahh...[hh]▸▸▸▸▸ bag▸▸gage!▸▸▸▸▸▸▸▸▸▸▸▸▸▸▸▸▸▸ I knew there was something else I wanted to mention to you!
resources.assets	8468	MonoBehaviour	steps[7].dialogLine.dialogText	The more you get to know these girls,▸▸ the more they'll start to trust you▸▸ and open up to you.
resources.assets	8468	MonoBehaviour	steps[8].dialogLine.dialogText	On▸ the▸▸ up▸▸side,▸▸▸▸▸▸▸▸▸▸ this means you'll be able to raise their affection levels even higher!
resources.assets	8468	MonoBehaviour	steps[9].dialogLine.dialogText	Buuuutt,▸▸▸▸▸▸▸▸ on the down▸▸side...▸▸▸▸▸ it also means you're gonna find out about the baggage they carry.
resources.assets	8468	MonoBehaviour	steps[10].branches[0].steps[0].dialogLine.dialogText	It could be something from their past,▸▸▸▸▸ negative personality traits,▸▸ or even medical issues.▸▸▸
resources.assets	8468	MonoBehaviour	steps[10].branches[0].steps[1].dialogLine.dialogText	Un▸▸fortunate▸▸ly,▸▸▸▸▸▸▸▸▸▸ baggage will present new twists and challenges that you'll have to overcome.
resources.assets	8468	MonoBehaviour	steps[10].branches[0].steps[2].dialogLine.dialogText	So,▸▸▸▸▸▸▸▸▸▸▸▸ you'll wanna familiarize yourself with the effect that each baggage will have on your dates!
resources.assets	8468	MonoBehaviour	steps[10].branches[1].steps[0].dialogLine.dialogText	It could be something from their past,▸▸▸▸▸ negative personality traits,▸▸ or even medical issues.▸▸▸
resources.assets	8468	MonoBehaviour	steps[15].logicAction.stringValue	notification_item_id
resources.assets	8469	MonoBehaviour	steps[0].dialogLine.dialogText	Hmmm...▸▸▸▸▸▸▸▸▸▸▸▸▸▸▸ hey,▸▸▸▸▸ wait,▸▸▸▸▸ yeah!▸▸▸▸▸ We actually do!▸▸▸▸▸▸▸▸▸▸ We finally have enough fairy wings!
resources.assets	8469	MonoBehaviour	steps[1].dialogLine.dialogText	Wow!▸▸▸▸▸▸▸▸▸▸▸▸▸ You actually managed to collect them with a little bit of time to spare too.
resources.assets	8469	MonoBehaviour	steps[2].dialogLine.dialogText	This is perfect!▸▸▸▸▸▸▸ The space hookers aren't due to get their NASTY space period for days!
resources.assets	8469	MonoBehaviour	steps[3].dialogLine.dialogText	But...▸▸▸▸▸▸▸▸▸▸ lo[oo]ok,▸▸▸▸▸ before we go and offer these wings as a sacrifice to Mount Nymphojaro...
resources.assets	8469	MonoBehaviour	steps[4].dialogLine.dialogText	You▸ gotta▸ be▸▸▸▸▸ absolutely sure that you're ready for the double date that lies ahead...
resources.assets	8469	MonoBehaviour	steps[5].dialogLine.dialogText	The Nymphojinn aren't like ANY girl you've ever dated before...▸▸ they're beings▸▸▸▸▸ of▸▸ PURE▸▸▸▸▸▸▸▸▸▸ LUST...[t]
resources.assets	8469	MonoBehaviour	steps[6].dialogLine.dialogText	I'm serious...▸▸▸▸▸ listen,▸▸▸ all jokes aside,▸▸▸▸▸ the pussy▸▸ is absolutely fucking▸▸▸ UN-▸▸▸REAL...
resources.assets	8470	MonoBehaviour	steps[0].dialogLine.dialogText	Are you▸▸ [SS]SURE you're ready to awaken the Nymphojinn?
resources.assets	8470	MonoBehaviour	steps[1].dialogOptions[0].dialogOptionText	Yes, I'm ready! Let's do this!
resources.assets	8470	MonoBehaviour	steps[1].dialogOptions[0].steps[1].dialogLine.dialogText	Well alright then!▸▸▸▸▸▸▸ I guess it's time to save the world!▸▸▸ To the summit▸▸ of Mount▸▸ Nympho▸▸jaro!
resources.assets	8470	MonoBehaviour	steps[1].dialogOptions[1].dialogOptionText	No, wait, I'm not ready yet!
resources.assets	8470	MonoBehaviour	steps[1].dialogOptions[1].steps[0].dialogLine.dialogText	It's▸▸▸ cool,▸▸▸▸▸▸▸▸ you've got a little time to prepare.▸▸▸▸▸▸▸▸▸▸▸▸▸▸▸ Just let me know when you're ready!
resources.assets	8471	MonoBehaviour	steps[2].dialogLine.dialogText	[aaahh]▸▸▸▸▸▸▸▸▸▸▸▸Fuck,▸▸▸▸▸ dude...▸▸▸▸▸▸▸▸▸▸▸▸▸▸▸[hh] I forgot how exhausting it is to actually climb to the top of a mountain.
resources.assets	8471	MonoBehaviour	steps[3].dialogLine.dialogText	Would it▸▸▸ KILL▸▸▸ you humans to learn how to▸▸▸ tele▸▸port?▸▸▸▸▸▸▸▸▸ At least▸▸ evolve▸▸ some▸▸▸▸▸ wings or something!
resources.assets	8471	MonoBehaviour	steps[4].dialogLine.dialogText	[aaaahh]▸▸▸▸▸Any▸▸▸way,▸▸▸▸▸▸▸▸▸▸ I guess we shouldn't put this off any longer. It's time...▸▸▸▸▸▸▸▸▸▸▸▸▸ to▸▸ per▸▸form▸▸ the▸▸ cere▸▸mony!▸▸▸▸▸
resources.assets	8471	MonoBehaviour	steps[5].dialogLine.dialogText	...and▸▸▸ by▸▸▸ cere▸▸mony,▸▸▸▸▸[hh] I mean I'm gonna [HH]HYUCK these fairy wings into this volcano until it erupts.
resources.assets	8471	MonoBehaviour	steps[6].dialogLine.dialogText	When this bitch blows,▸▸▸▸▸ it'll awaken the Nymphojinn and summon them here,▸▸▸ high above Mount Nymphojaro.▸▸▸
resources.assets	8471	MonoBehaviour	steps[7].dialogLine.dialogText	I don't really know what happens▸▸ after▸▸ that...▸▸▸▸▸▸▸▸▸▸ I've never seen this thing go down before.
resources.assets	8471	MonoBehaviour	steps[8].dialogLine.dialogText	All I know,▸▸▸▸▸ is they're gonna be SUPER horny,▸▸▸▸▸ and they're gonna be in a REALLY bad mood...
resources.assets	8471	MonoBehaviour	steps[9].dialogLine.dialogText	Rea▸dy!?▸▸▸▸▸ Here we go!
resources.assets	8472	MonoBehaviour	steps[0].dialogLine.dialogText	See!?▸▸▸▸▸▸▸▸▸▸ That shit ain't easy, is it?▸▸▸▸▸▸▸ I told ya!▸▸▸▸▸ Those bitches are▸▸ fuckin'▸▸ CRAZY!▸▸
resources.assets	8472	MonoBehaviour	steps[1].dialogLine.dialogText	If ya think THAT'S bad,▸▸▸▸▸▸▸▸ you do NOT wanna see them once they get their period!
resources.assets	8472	MonoBehaviour	steps[2].dialogLine.dialogText	Fortunately,▸▸▸▸ they haven't yet...▸▸▸▸▸ so,▸▸▸ we still have some time to give it another go!
resources.assets	8472	MonoBehaviour	steps[3].dialogLine.dialogText	Just make sure you're ready for 'em next time!▸▸▸▸▸ Okay?
resources.assets	8473	MonoBehaviour	steps[2].dialogLine.dialogText	Ho▸▸▸▸▸ly▸▸▸ SHIT![T]▸▸▸▸▸▸▸▸▸ You▸▸ did▸▸ it!▸▸▸▸▸▸▸▸▸▸ You actually▸▸▸▸▸ BONED▸▸▸ the▸▸ space▸▸ hookers!▸▸▸▸▸▸▸▸▸▸▸▸▸▸▸ I can't believe it...
resources.assets	8473	MonoBehaviour	steps[3].dialogLine.dialogText	I▸▸ gotta level with ya▸▸ man.▸▸▸▸▸▸▸▸▸▸ I know I said I believed in you and all that...
resources.assets	8473	MonoBehaviour	steps[3].dialogLine.yuriDialogText	I▸▸ gotta level with ya▸▸ girl.▸▸▸▸▸▸▸▸▸▸ I know I said I believed in you and all that...
resources.assets	8473	MonoBehaviour	steps[4].dialogLine.dialogText	But if I'm being COMPLETELY honest...▸▸▸▸▸ I thought for▸▸▸ SURE▸▸ this entire galaxy was done for.
resources.assets	8473	MonoBehaviour	steps[5].dialogLine.dialogText	You really pulled it out though!▸▸▸▸▸ I mean,▸▸▸▸▸ pulled▸▸ it▸▸ off!▸▸▸▸▸ Well,▸▸▸▸▸ technically both...
resources.assets	8473	MonoBehaviour	steps[5].dialogLine.yuriDialogText	You really pulled it out though!▸▸▸▸▸▸▸▸▸▸ I mean,▸▸▸▸▸ pulled it off!
resources.assets	8473	MonoBehaviour	steps[6].dialogLine.dialogText	Thanks to you,▸▸▸▸▸ the Nymphojinn are thoroughly satisfied and have returned to their cosmic slumber.
resources.assets	8473	MonoBehaviour	steps[7].dialogLine.dialogText	Yup!▸▸▸▸▸▸▸ The universe is safe▸▸▸ once▸▸▸ again.▸▸▸▸▸▸▸▸▸▸▸▸▸▸▸ Well,▸▸▸▸▸ for another ten thousand years at least...
resources.assets	8473	MonoBehaviour	steps[8].dialogLine.dialogText	Of course,▸▸▸▸▸ you'll be gone by then.▸▸▸▸▸ Not me though!▸▸▸▸▸ I'll be as tight as ever!▸▸▸▸▸[hehehehe]▸▸▸▸▸
resources.assets	8473	MonoBehaviour	steps[9].dialogLine.dialogText	I▸▸ can't▸▸ say▸▸ I▸▸▸ wouldn't miss you though...
resources.assets	8473	MonoBehaviour	steps[10].dialogLine.dialogText	I hate to admit it,▸▸▸▸▸▸▸ but I guess I did sorta miss your sorry mug over the past couple years...
resources.assets	8473	MonoBehaviour	steps[11].dialogLine.dialogText	I don't know...▸▸▸▸▸ being back with you again and...[hh]▸▸▸▸▸ going on another sexy adventure together...
resources.assets	8473	MonoBehaviour	steps[12].dialogLine.dialogText	It makes me kinda...▸▸▸▸▸▸▸▸ feel something.▸▸▸▸▸▸▸▸▸▸▸▸▸▸▸ Not even in my pussy,▸▸▸▸▸ but like...▸▸▸▸▸▸▸▸▸▸▸▸▸ in my chest pussy...
resources.assets	8473	MonoBehaviour	steps[13].dialogLine.dialogText	I▸▸▸ guess...▸▸▸▸▸▸▸▸▸▸▸▸▸▸▸▸▸▸ n[nn]-no,▸▸ never mind...[heh]
resources.assets	8473	MonoBehaviour	steps[14].dialogLine.dialogText	Oh,▸▸▸ fuck it!▸▸▸▸▸▸▸▸▸▸[hh] I guess what I'm trying to say is...
resources.assets	8473	MonoBehaviour	steps[15].dialogLine.dialogText	I▸▸▸ love▸▸▸ you...
resources.assets	8473	MonoBehaviour	steps[16].dialogLine.dialogText	I don't know how I hadn't realized it earlier,▸▸▸▸▸ but...[hh]▸▸▸▸▸ I just can't get you out of my mind...
resources.assets	8473	MonoBehaviour	steps[17].dialogLine.dialogText	I▸▸ think,▸▸▸▸▸ maybe...[hh]▸▸▸▸▸▸▸▸▸▸▸▸▸▸▸▸▸ maybe▸▸ I always▸▸ loved▸▸ you,▸▸▸▸▸▸▸ and,▸▸▸▸▸▸▸▸▸▸▸▸ I was just▸▸ too proud to admit it...
resources.assets	8473	MonoBehaviour	steps[18].dialogLine.dialogText	I don't get it,▸▸▸▸▸ I normally NEVER fall for clients like this...▸▸▸▸▸▸▸▸▸▸ but,▸▸▸▸▸ I can't deny the way I feel...
resources.assets	8473	MonoBehaviour	steps[19].dialogLine.dialogText	The truth is,▸▸▸▸▸▸▸▸▸▸▸▸▸▸▸▸ you're not just a client to me anymore...▸▸▸▸▸▸▸▸▸▸▸▸▸ you're so much more than that...
resources.assets	8473	MonoBehaviour	steps[20].dialogLine.dialogText	The time we've spent together on this island has been one of the happiest times of my life...
resources.assets	8473	MonoBehaviour	steps[21].dialogLine.dialogText	...and I'm▸▸ SO[OO] glad you were chosen for this...▸▸▸▸▸▸▸▸▸▸ because I wouldn't want to be with anyone else...
resources.assets	8473	MonoBehaviour	steps[22].dialogLine.dialogText	Well?▸▸▸▸▸▸▸▸▸▸▸▸▸▸▸ Don't just stand there and leave me hangin'...▸▸▸▸▸▸ close your eyes and kiss me, ya jerk!
resources.assets	8473	MonoBehaviour	steps[30].dialogLine.dialogText	That's right!▸▸ Kiss my▸▸▸ BIG▸▸▸ FAT▸▸▸ ASS!▸▸▸▸▸▸▸ Biiiitch!▸▸▸▸▸▸▸▸▸▸▸▸▸▸▸▸▸[hahahahahahaha]
resources.assets	8473	MonoBehaviour	steps[35].dialogLine.dialogText	GOT▸▸▸CHA!▸▸▸▸▸▸▸▸▸▸[hahaha] Oh▸▸ my▸▸ god!▸▸▸▸▸▸▸[hh] I can't believe you fell for that!
resources.assets	8473	MonoBehaviour	steps[36].dialogLine.dialogText	You should've seen the look on your face!▸[hh]▸ You actually thought I was in LOVE with you!▸▸▸
resources.assets	8473	MonoBehaviour	steps[37].dialogLine.dialogText	Can▸▸ you▸▸ imagine!?▸▸▸▸▸▸▸▸ Me?▸▸▸▸▸▸▸▸▸▸▸ In▸▸▸ LO[O]VE!?▸▸▸▸▸▸▸▸▸▸▸▸▸ Oh[ho] my god!▸▸▸▸▸ I'm WAY too big of a slut for that shit!
resources.assets	8473	MonoBehaviour	steps[38].branches[0].steps[0].dialogLine.dialogText	Oh-ho-ho-ho▸▸▸▸▸ man,▸▸▸▸▸▸▸ what▸ a▸ DORK![k]▸▸▸▸▸▸▸ I've pulled that on so many of my clients...▸▸▸▸▸▸▸ never gets old.
resources.assets	8473	MonoBehaviour	steps[38].branches[0].steps[1].dialogLine.dialogText	Ahh[hh]hh...▸▸▸▸▸ nah,▸▸▸ but for real,▸▸▸▸▸ let's bang!▸▸▸▸▸▸▸▸▸▸ Fuck the rules!▸ Rules are for chumps anyway!
resources.assets	8473	MonoBehaviour	steps[38].branches[0].steps[2].dialogLine.dialogText	Watching you grind through all that gash made me hornier than the Nymphojinn!
resources.assets	8473	MonoBehaviour	steps[38].branches[0].steps[3].dialogLine.dialogText	Besides,[s]▸▸▸▸▸▸▸▸▸▸▸ somebody has to reward you for saving the galaxy,▸▸▸▸▸ right?▸▸▸▸▸▸▸▸▸▸ It's the least I could do!
resources.assets	8473	MonoBehaviour	steps[38].branches[0].steps[4].dialogLine.dialogText	I'll tell you what...▸▸▸ pick a hole,▸▸▸▸▸ any hole!▸▸▸▸▸▸▸▸▸ It's your choice!▸▸▸▸▸▸▸ You earned it!
resources.assets	8473	MonoBehaviour	steps[38].branches[0].steps[5].dialogOptions[0].dialogOptionText	If it'll get you to stop talking... let's go for the mouth.
resources.assets	8473	MonoBehaviour	steps[38].branches[0].steps[5].dialogOptions[1].dialogOptionText	Call me old fashioned... but I'm rather partial to the pussy.
resources.assets	8473	MonoBehaviour	steps[38].branches[0].steps[5].dialogOptions[2].dialogOptionText	I'm gonna have to go with your ass... for old times' sake!
resources.assets	8473	MonoBehaviour	steps[38].branches[0].steps[6].logicAction.stringValue	kyu_hole_selection
resources.assets	8473	MonoBehaviour	steps[38].branches[0].steps[7].dialogLine.dialogText	A fine choice my friend,▸▸▸▸▸ a▸▸▸ fine▸▸▸ choice▸▸ in▸▸deed!▸▸▸▸▸▸▸ You can never go wrong with that.
resources.assets	8473	MonoBehaviour	steps[38].branches[0].steps[8].dialogLine.dialogText	Now,▸▸▸▸▸▸▸ if you'd be so kind...▸▸▸▸▸▸▸▸▸ shut up and whip that thing out already!▸▸▸▸▸ Will ya!?
resources.assets	8473	MonoBehaviour	steps[38].branches[0].steps[8].dialogLine.yuriDialogText	Now,▸▸▸▸▸▸▸▸ if you'd be so kind...▸▸▸▸▸▸▸▸▸▸▸▸▸▸ shut up▸▸▸▸▸▸▸ and whip those things out already!▸▸▸▸▸ Will ya!?
resources.assets	8474	MonoBehaviour	steps[0].dialogLine.dialogText	Well[ll],▸▸▸▸▸▸▸▸▸▸ now what?▸▸▸▸▸▸▸▸▸▸▸▸▸ I don't really see any reason to rush back home just yet, do you?
resources.assets	8474	MonoBehaviour	steps[1].dialogLine.dialogText	Besides,▸▸▸▸▸▸▸ there's no sense in leaving an island that's packed to the brim with beauties like this!
resources.assets	8474	MonoBehaviour	steps[2].dialogLine.dialogText	So, as long as we're here,▸▸▸▸▸▸▸▸▸▸▸▸ we might as well enjoy Inna De Poona to the fullest!
resources.assets	8474	MonoBehaviour	steps[3].logicAction.stringValue	notification_item_id
resources.assets	8474	MonoBehaviour	steps[5].logicAction.stringValue	notification_item_id
resources.assets	8474	MonoBehaviour	steps[7].logicAction.stringValue	notification_item_id
resources.assets	8475	MonoBehaviour	playerData.files[0].flags[0].flagName	first_location_id
resources.assets	8475	MonoBehaviour	playerData.files[0].flags[1].flagName	pollys_junk
resources.assets	8476	MonoBehaviour	playerData.files[0].flags[0].flagName	pollys_junk
resources.assets	8478	MonoBehaviour	playerData.files[0].flags[0].flagName	first_location_id
resources.assets	8479	MonoBehaviour	playerData.files[0].flags[0].flagName	first_location_id
resources.assets	8479	MonoBehaviour	playerData.files[0].flags[1].flagName	pollys_junk
resources.assets	8479	MonoBehaviour	playerData.files[0].flags[2].flagName	skip_tutorial
resources.assets	8480	MonoBehaviour	playerData.files[0].flags[0].flagName	first_location_id
resources.assets	8481	MonoBehaviour	playerData.files[0].flags[0].flagName	first_location_id
resources.assets	8481	MonoBehaviour	playerData.files[0].flags[1].flagName	pollys_junk
resources.assets	8481	MonoBehaviour	playerData.files[0].flags[2].flagName	skip_tutorial
resources.assets	8482	MonoBehaviour	playerData.files[0].flags[0].flagName	pollys_junk
resources.assets	8482	MonoBehaviour	playerData.files[0].flags[1].flagName	skip_tutorial
resources.assets	8483	MonoBehaviour	dialogLineSets[0].dialogLines[0].dialogText	This is the BIG_MOVE dialog trigger.
resources.assets	8483	MonoBehaviour	dialogLineSets[1].dialogLines[0].dialogText	Excellent!
resources.assets	8483	MonoBehaviour	dialogLineSets[1].dialogLines[1].dialogText	Beautiful!
resources.assets	8483	MonoBehaviour	dialogLineSets[1].dialogLines[2].dialogText	Smart move!
resources.assets	8483	MonoBehaviour	dialogLineSets[1].dialogLines[3].dialogText	Great work!
resources.assets	8483	MonoBehaviour	dialogLineSets[1].dialogLines[4].dialogText	Hehehehehe!
resources.assets	8483	MonoBehaviour	dialogLineSets[2].dialogLines[0].dialogText	Oh my god!
resources.assets	8483	MonoBehaviour	dialogLineSets[2].dialogLines[1].dialogText	What a guy!
resources.assets	8483	MonoBehaviour	dialogLineSets[2].dialogLines[1].yuriDialogText	What a girl!
resources.assets	8483	MonoBehaviour	dialogLineSets[2].dialogLines[2].dialogText	Haven't lost your touch!
resources.assets	8483	MonoBehaviour	dialogLineSets[2].dialogLines[3].dialogText	Now THAT'S hot!
resources.assets	8483	MonoBehaviour	dialogLineSets[2].dialogLines[4].dialogText	Hahahahaha![hh]
resources.assets	8483	MonoBehaviour	dialogLineSets[3].dialogLines[0].dialogText	Whatever![h]
resources.assets	8483	MonoBehaviour	dialogLineSets[3].dialogLines[1].dialogText	O▸▸kay!▸▸▸ Not▸▸ bad![h]
resources.assets	8483	MonoBehaviour	dialogLineSets[3].dialogLines[2].dialogText	I▸▸ GUESS that's cool...[h]
resources.assets	8483	MonoBehaviour	dialogLineSets[3].dialogLines[3].dialogText	Tch!▸▸▸ Yeah,▸▸ o▸▸kay...[h]
resources.assets	8483	MonoBehaviour	dialogLineSets[3].dialogLines[4].dialogText	Wo[oo]w... amazi[ii]ng...[h]
resources.assets	8483	MonoBehaviour	dialogLineSets[4].dialogLines[0].dialogText	Fascinating!
resources.assets	8483	MonoBehaviour	dialogLineSets[4].dialogLines[1].dialogText	Remarkable!
resources.assets	8483	MonoBehaviour	dialogLineSets[4].dialogLines[2].dialogText	Just as I thought!
resources.assets	8483	MonoBehaviour	dialogLineSets[4].dialogLines[3].dialogText	I feel your energy!
resources.assets	8483	MonoBehaviour	dialogLineSets[4].dialogLines[4].dialogText	Yes,▸▸ yes...▸▸▸▸▸ I see!
resources.assets	8483	MonoBehaviour	dialogLineSets[5].dialogLines[0].dialogText	[h]▸Su▸goi![h]
resources.assets	8483	MonoBehaviour	dialogLineSets[5].dialogLines[1].dialogText	Kimochi![h]
resources.assets	8483	MonoBehaviour	dialogLineSets[5].dialogLines[2].dialogText	Nani!?[h]
resources.assets	8483	MonoBehaviour	dialogLineSets[5].dialogLines[3].dialogText	Uwa![hh]
resources.assets	8483	MonoBehaviour	dialogLineSets[5].dialogLines[4].dialogText	[h]▸Hehehehe!▸▸[hhhh]
resources.assets	8483	MonoBehaviour	dialogLineSets[6].dialogLines[0].dialogText	Incredible!
resources.assets	8483	MonoBehaviour	dialogLineSets[6].dialogLines[1].dialogText	Wow!
resources.assets	8483	MonoBehaviour	dialogLineSets[6].dialogLines[2].dialogText	Good job!
resources.assets	8483	MonoBehaviour	dialogLineSets[6].dialogLines[3].dialogText	That's amazing!
resources.assets	8483	MonoBehaviour	dialogLineSets[6].dialogLines[4].dialogText	Hahaha!▸▸[hhhh]
resources.assets	8483	MonoBehaviour	dialogLineSets[7].dialogLines[0].dialogText	Yay![h]
resources.assets	8483	MonoBehaviour	dialogLineSets[7].dialogLines[1].dialogText	Hurray![h]▸▸▸▸▸[haha]
resources.assets	8483	MonoBehaviour	dialogLineSets[7].dialogLines[2].dialogText	You're good![h]
resources.assets	8483	MonoBehaviour	dialogLineSets[7].dialogLines[3].dialogText	Well I'll be![h]
resources.assets	8483	MonoBehaviour	dialogLineSets[7].dialogLines[4].dialogText	Hehehehe!▸[hh]
resources.assets	8483	MonoBehaviour	dialogLineSets[8].dialogLines[0].dialogText	Yooo[oo]ooo[hh]![hh]
resources.assets	8483	MonoBehaviour	dialogLineSets[8].dialogLines[1].dialogText	Aye, okay![hh]
resources.assets	8483	MonoBehaviour	dialogLineSets[8].dialogLines[2].dialogText	I ain't complainin'!
resources.assets	8483	MonoBehaviour	dialogLineSets[8].dialogLines[3].dialogText	Alright,▸▸▸▸▸ alright...
resources.assets	8483	MonoBehaviour	dialogLineSets[8].dialogLines[4].dialogText	Oooo, I feel ya!
resources.assets	8483	MonoBehaviour	dialogLineSets[9].dialogLines[0].dialogText	My, my, [A]MY!
resources.assets	8483	MonoBehaviour	dialogLineSets[9].dialogLines[1].dialogText	Look at YOU!
resources.assets	8483	MonoBehaviour	dialogLineSets[9].dialogLines[2].dialogText	Exquisite![h]
resources.assets	8483	MonoBehaviour	dialogLineSets[9].dialogLines[3].dialogText	Splendid!
resources.assets	8483	MonoBehaviour	dialogLineSets[9].dialogLines[4].dialogText	He▸▸he!
resources.assets	8483	MonoBehaviour	dialogLineSets[10].dialogLines[0].dialogText	Not bad!
resources.assets	8483	MonoBehaviour	dialogLineSets[10].dialogLines[1].dialogText	Aww,▸▸▸▸▸ sick!
resources.assets	8483	MonoBehaviour	dialogLineSets[10].dialogLines[2].dialogText	Niiice!
resources.assets	8483	MonoBehaviour	dialogLineSets[10].dialogLines[3].dialogText	Don't get cocky!
resources.assets	8483	MonoBehaviour	dialogLineSets[10].dialogLines[4].dialogText	Hahaha!▸▸[hhhh]
resources.assets	8483	MonoBehaviour	dialogLineSets[11].dialogLines[0].dialogText	Yes!
resources.assets	8483	MonoBehaviour	dialogLineSets[11].dialogLines[1].dialogText	That's it!
resources.assets	8483	MonoBehaviour	dialogLineSets[11].dialogLines[2].dialogText	Unh-huh!
resources.assets	8483	MonoBehaviour	dialogLineSets[11].dialogLines[3].dialogText	Keep going!
resources.assets	8483	MonoBehaviour	dialogLineSets[11].dialogLines[4].dialogText	Hahahahaha!
resources.assets	8483	MonoBehaviour	dialogLineSets[12].dialogLines[0].dialogText	Love▸▸▸ly!
resources.assets	8483	MonoBehaviour	dialogLineSets[12].dialogLines[1].dialogText	I'm gonna blush!
resources.assets	8483	MonoBehaviour	dialogLineSets[12].dialogLines[2].dialogText	Good heavens!
resources.assets	8483	MonoBehaviour	dialogLineSets[12].dialogLines[3].dialogText	Oh my[y]!▸▸
resources.assets	8483	MonoBehaviour	dialogLineSets[12].dialogLines[4].dialogText	Hahaha!▸▸▸[hhhh]
resources.assets	8483	MonoBehaviour	dialogLineSets[13].dialogLines[0].dialogText	There you go!
resources.assets	8483	MonoBehaviour	dialogLineSets[13].dialogLines[1].dialogText	Now you're gettin' it!
resources.assets	8483	MonoBehaviour	dialogLineSets[13].dialogLines[2].dialogText	Pretty good, pretty good!
resources.assets	8483	MonoBehaviour	dialogLineSets[13].dialogLines[3].dialogText	He's still got it!
resources.assets	8483	MonoBehaviour	dialogLineSets[13].dialogLines[3].yuriDialogText	She's still got it!
resources.assets	8483	MonoBehaviour	dialogLineSets[13].dialogLines[4].dialogText	You match those tokens!
resources.assets	8483	MonoBehaviour	dialogLineSets[14].dialogLines[0].dialogText	Is that all you've got!?
resources.assets	8483	MonoBehaviour	dialogLineSets[14].dialogLines[1].dialogText	What!?
resources.assets	8483	MonoBehaviour	dialogLineSets[14].dialogLines[2].dialogText	Argh!▸▸▸▸▸ You got lucky!
resources.assets	8483	MonoBehaviour	dialogLineSets[14].dialogLines[3].dialogText	Wipe that grin off your face!
resources.assets	8483	MonoBehaviour	dialogLineSets[14].dialogLines[4].dialogText	Don't make me laugh!
resources.assets	8483	MonoBehaviour	dialogLineSets[15].dialogLines[0].dialogText	Impossible!
resources.assets	8483	MonoBehaviour	dialogLineSets[15].dialogLines[1].dialogText	I am NOT amused!
resources.assets	8483	MonoBehaviour	dialogLineSets[15].dialogLines[2].dialogText	Your luck with expire soon!
resources.assets	8483	MonoBehaviour	dialogLineSets[15].dialogLines[3].dialogText	Give up, fool!
resources.assets	8483	MonoBehaviour	dialogLineSets[15].dialogLines[4].dialogText	You'll regret that!
resources.assets	8484	MonoBehaviour	dialogLineSets[0].dialogLines[0].dialogText	This is the GIFT_ACCEPT dialog trigger.
resources.assets	8484	MonoBehaviour	dialogLineSets[1].dialogLines[0].dialogText	Aww, thanks!
resources.assets	8484	MonoBehaviour	dialogLineSets[1].dialogLines[1].dialogText	Always the charmer!
resources.assets	8484	MonoBehaviour	dialogLineSets[1].dialogLines[2].dialogText	How could I say no?
resources.assets	8484	MonoBehaviour	dialogLineSets[1].dialogLines[3].dialogText	Weeeell... okay!
resources.assets	8484	MonoBehaviour	dialogLineSets[1].dialogLines[4].dialogText	If you insist!
resources.assets	8484	MonoBehaviour	dialogLineSets[2].dialogLines[0].dialogText	Thank you sweetie!
resources.assets	8484	MonoBehaviour	dialogLineSets[2].dialogLines[1].dialogText	Stop! ▸▸▸▸▸I love it!
resources.assets	8484	MonoBehaviour	dialogLineSets[2].dialogLines[2].dialogText	Feel free to spoil me more!
resources.assets	8484	MonoBehaviour	dialogLineSets[2].dialogLines[3].dialogText	Aww,▸▸▸ you really do like me, huh?
resources.assets	8484	MonoBehaviour	dialogLineSets[2].dialogLines[4].dialogText	I couldn't!▸▸▸▸▸ ...but I will.▸▸[hahahaha]
resources.assets	8484	MonoBehaviour	dialogLineSets[3].dialogLines[0].dialogText	Thanks?▸▸▸▸▸[hh] I guess...[ss]
resources.assets	8484	MonoBehaviour	dialogLineSets[3].dialogLines[1].dialogText	Why are you like,▸▸▸ nice?[s]
resources.assets	8484	MonoBehaviour	dialogLineSets[3].dialogLines[2].dialogText	Yeah,▸▸ I like it.▸▸[hh]▸▸ So[oo]?[h]
resources.assets	8484	MonoBehaviour	dialogLineSets[3].dialogLines[3].dialogText	What's with the gifts?[s]
resources.assets	8484	MonoBehaviour	dialogLineSets[3].dialogLines[4].dialogText	You don't have to baby me...
resources.assets	8484	MonoBehaviour	dialogLineSets[4].dialogLines[0].dialogText	I will accept.
resources.assets	8484	MonoBehaviour	dialogLineSets[4].dialogLines[1].dialogText	You have my gratitude.
resources.assets	8484	MonoBehaviour	dialogLineSets[4].dialogLines[2].dialogText	Interesting choice...
resources.assets	8484	MonoBehaviour	dialogLineSets[4].dialogLines[3].dialogText	What a curious object...
resources.assets	8484	MonoBehaviour	dialogLineSets[4].dialogLines[4].dialogText	That's an idea!
resources.assets	8484	MonoBehaviour	dialogLineSets[5].dialogLines[0].dialogText	Arigato[o]![h]
resources.assets	8484	MonoBehaviour	dialogLineSets[5].dialogLines[1].dialogText	Oh-Em-Gee![h]
resources.assets	8484	MonoBehaviour	dialogLineSets[5].dialogLines[2].dialogText	Gaaahh!▸▸▸[hh]▸ I love love love it![hh]
resources.assets	8484	MonoBehaviour	dialogLineSets[5].dialogLines[3].dialogText	Thaaaank yooouuu![hh]
resources.assets	8484	MonoBehaviour	dialogLineSets[5].dialogLines[4].dialogText	Mmmm[mmmm]waah!
resources.assets	8484	MonoBehaviour	dialogLineSets[6].dialogLines[0].dialogText	Thank you!
resources.assets	8484	MonoBehaviour	dialogLineSets[6].dialogLines[1].dialogText	For me!?
resources.assets	8484	MonoBehaviour	dialogLineSets[6].dialogLines[2].dialogText	Really!?
resources.assets	8484	MonoBehaviour	dialogLineSets[6].dialogLines[3].dialogText	You're too kind!
resources.assets	8484	MonoBehaviour	dialogLineSets[6].dialogLines[4].dialogText	That's so sweet!
resources.assets	8484	MonoBehaviour	dialogLineSets[7].dialogLines[0].dialogText	You're the bestest![t]
resources.assets	8484	MonoBehaviour	dialogLineSets[7].dialogLines[1].dialogText	Why thank you![h]
resources.assets	8484	MonoBehaviour	dialogLineSets[7].dialogLines[2].dialogText	Ain't that sweet?
resources.assets	8484	MonoBehaviour	dialogLineSets[7].dialogLines[3].dialogText	I like gettin' gifts[s]
resources.assets	8484	MonoBehaviour	dialogLineSets[7].dialogLines[4].dialogText	Awwww!▸▸▸▸▸[wah]
resources.assets	8484	MonoBehaviour	dialogLineSets[8].dialogLines[0].dialogText	For real?▸▸▸▸▸ Thanks.[s]
resources.assets	8484	MonoBehaviour	dialogLineSets[8].dialogLines[1].dialogText	I appreciate it.
resources.assets	8484	MonoBehaviour	dialogLineSets[8].dialogLines[2].dialogText	Shit...[t]▸▸▸▸▸ this is nice.[h]
resources.assets	8484	MonoBehaviour	dialogLineSets[8].dialogLines[3].dialogText	I ain't about to say no!
resources.assets	8484	MonoBehaviour	dialogLineSets[8].dialogLines[4].dialogText	Aww,▸▸▸▸▸[hh]▸▸▸▸▸▸▸▸ you ain't gotta do that...[t]
resources.assets	8484	MonoBehaviour	dialogLineSets[9].dialogLines[0].dialogText	Mmm!▸▸▸▸▸[hh] What else you got?
resources.assets	8484	MonoBehaviour	dialogLineSets[9].dialogLines[1].dialogText	Keep 'em comin'...
resources.assets	8484	MonoBehaviour	dialogLineSets[9].dialogLines[2].dialogText	Good boy![h]
resources.assets	8484	MonoBehaviour	dialogLineSets[9].dialogLines[2].yuriDialogText	Good girl!
resources.assets	8484	MonoBehaviour	dialogLineSets[9].dialogLines[3].dialogText	You spoil me!
resources.assets	8484	MonoBehaviour	dialogLineSets[9].dialogLines[4].dialogText	You SHOULD have!
resources.assets	8484	MonoBehaviour	dialogLineSets[10].dialogLines[0].dialogText	Sweet deal!
resources.assets	8484	MonoBehaviour	dialogLineSets[10].dialogLines[1].dialogText	Cool,▸▸▸▸▸ thanks!
resources.assets	8484	MonoBehaviour	dialogLineSets[10].dialogLines[2].dialogText	My hero!▸▸▸▸▸▸▸▸▸▸ Pfft!
resources.assets	8484	MonoBehaviour	dialogLineSets[10].dialogLines[3].dialogText	You're alright...▸▸▸▸▸ sometimes!
resources.assets	8484	MonoBehaviour	dialogLineSets[10].dialogLines[4].dialogText	The ol' gift technique, huh?
resources.assets	8484	MonoBehaviour	dialogLineSets[11].dialogLines[0].dialogText	Such a wonderful gift!
resources.assets	8484	MonoBehaviour	dialogLineSets[11].dialogLines[1].dialogText	[aaaa]▸▸▸▸▸I don't deserve it![hh]
resources.assets	8484	MonoBehaviour	dialogLineSets[11].dialogLines[2].dialogText	I'm in your debt!
resources.assets	8484	MonoBehaviour	dialogLineSets[11].dialogLines[3].dialogText	You don't know what this means to me!
resources.assets	8484	MonoBehaviour	dialogLineSets[11].dialogLines[4].dialogText	How can I repay you?
resources.assets	8484	MonoBehaviour	dialogLineSets[12].dialogLines[0].dialogText	Oh, you![h]
resources.assets	8484	MonoBehaviour	dialogLineSets[12].dialogLines[1].dialogText	What a gentleman!
resources.assets	8484	MonoBehaviour	dialogLineSets[12].dialogLines[1].yuriDialogText	What a lady!
resources.assets	8484	MonoBehaviour	dialogLineSets[12].dialogLines[2].dialogText	Oh, you shouldn't have!
resources.assets	8484	MonoBehaviour	dialogLineSets[12].dialogLines[3].dialogText	I'm at a loss for words![s]
resources.assets	8484	MonoBehaviour	dialogLineSets[12].dialogLines[4].dialogText	You're scorin' major points here!
resources.assets	8484	MonoBehaviour	dialogLineSets[14].dialogLines[0].dialogText	Argh!▸▸▸▸▸ Dammit!
resources.assets	8484	MonoBehaviour	dialogLineSets[14].dialogLines[1].dialogText	No!▸▸▸▸▸ It's so...▸▸▸▸▸ THOUGHTFUL!
resources.assets	8484	MonoBehaviour	dialogLineSets[14].dialogLines[2].dialogText	This means NOTHING to me!
resources.assets	8484	MonoBehaviour	dialogLineSets[14].dialogLines[3].dialogText	Fuck!▸▸▸▸▸ I love this!
resources.assets	8484	MonoBehaviour	dialogLineSets[14].dialogLines[4].dialogText	Your gifts impress no one!
resources.assets	8484	MonoBehaviour	dialogLineSets[15].dialogLines[0].dialogText	Argh!▸▸▸▸▸ Curse you!
resources.assets	8484	MonoBehaviour	dialogLineSets[15].dialogLines[1].dialogText	A feeble attempt to impress!
resources.assets	8484	MonoBehaviour	dialogLineSets[15].dialogLines[2].dialogText	Should I be grateful?▸▸▸▸▸ Ha!
resources.assets	8484	MonoBehaviour	dialogLineSets[15].dialogLines[3].dialogText	Not like I like it or anything!
resources.assets	8484	MonoBehaviour	dialogLineSets[15].dialogLines[4].dialogText	Your gifts are wasted on us!
resources.assets	8485	MonoBehaviour	dialogLineSets[0].dialogLines[0].dialogText	This is the GIFT_SEXY dialog trigger.
resources.assets	8485	MonoBehaviour	dialogLineSets[1].dialogLines[0].dialogText	You're so bad!
resources.assets	8485	MonoBehaviour	dialogLineSets[1].dialogLines[1].dialogText	[ahem][ahem]▸▸▸▸▸WELL now...
resources.assets	8485	MonoBehaviour	dialogLineSets[2].dialogLines[0].dialogText	You know me TOO well!▸▸▸▸▸[hahahaha]
resources.assets	8485	MonoBehaviour	dialogLineSets[2].dialogLines[1].dialogText	You WOULD bring this on a date!
resources.assets	8485	MonoBehaviour	dialogLineSets[3].dialogLines[0].dialogText	Oh▸▸ fuck▸▸ YE[E]S[S]![s]
resources.assets	8485	MonoBehaviour	dialogLineSets[3].dialogLines[1].dialogText	Now▸▸▸▸▸ THIS,▸▸▸▸▸ is a gift![h]
resources.assets	8485	MonoBehaviour	dialogLineSets[4].dialogLines[0].dialogText	I▸▸▸▸ didn't see▸▸ THIS▸▸ coming...
resources.assets	8485	MonoBehaviour	dialogLineSets[4].dialogLines[1].dialogText	I...▸▸▸▸▸▸▸▸▸▸ THINK▸▸▸▸▸ I understand...
resources.assets	8485	MonoBehaviour	dialogLineSets[5].dialogLines[0].dialogText	Ooooo!▸▸[hh]▸▸ What's this?
resources.assets	8485	MonoBehaviour	dialogLineSets[5].dialogLines[1].dialogText	Does this go in my butt?[h]
resources.assets	8485	MonoBehaviour	dialogLineSets[6].dialogLines[0].dialogText	I'll just...▸▸▸▸▸ put that aside for now.▸▸[heh][heh]▸▸[hhhh]
resources.assets	8485	MonoBehaviour	dialogLineSets[6].dialogLines[1].dialogText	Where did you get THIS!?
resources.assets	8485	MonoBehaviour	dialogLineSets[7].dialogLines[0].dialogText	Aww[wwww]ww!▸▸ This one's cute!
resources.assets	8485	MonoBehaviour	dialogLineSets[7].dialogLines[1].dialogText	Whatcha want me to do with it?
resources.assets	8485	MonoBehaviour	dialogLineSets[8].dialogLines[0].dialogText	You don't mess around,▸▸ do you?▸▸
resources.assets	8485	MonoBehaviour	dialogLineSets[8].dialogLines[1].dialogText	Da[aa]mn...▸▸▸▸▸ well,▸▸▸ o▸▸kay!
resources.assets	8485	MonoBehaviour	dialogLineSets[9].dialogLines[0].dialogText	Straight to business,▸▸▸ huh?
resources.assets	8485	MonoBehaviour	dialogLineSets[9].dialogLines[1].dialogText	Oooo,▸▸ practical!
resources.assets	8485	MonoBehaviour	dialogLineSets[10].dialogLines[0].dialogText	NOW I'm interested!
resources.assets	8485	MonoBehaviour	dialogLineSets[10].dialogLines[1].dialogText	Right ON!
resources.assets	8485	MonoBehaviour	dialogLineSets[11].dialogLines[0].dialogText	[mmmmmm]▸▸[hhhh]▸▸My collection grows larger!
resources.assets	8485	MonoBehaviour	dialogLineSets[11].dialogLines[1].dialogText	Mmmmnnhh,▸▸▸▸▸ be patient Abia...
resources.assets	8485	MonoBehaviour	dialogLineSets[12].dialogLines[0].dialogText	Oh lord!▸▸▸▸▸ How embarrassing...
resources.assets	8485	MonoBehaviour	dialogLineSets[12].dialogLines[1].dialogText	Such a naughty boy!
resources.assets	8485	MonoBehaviour	dialogLineSets[12].dialogLines[1].yuriDialogText	Such a naughty girl!
resources.assets	8486	MonoBehaviour	dialogLineSets[0].dialogLines[0].dialogText	This is the GIFT_WEIRD dialog trigger.
resources.assets	8486	MonoBehaviour	dialogLineSets[1].dialogLines[0].dialogText	Th-thanks?
resources.assets	8486	MonoBehaviour	dialogLineSets[1].dialogLines[1].dialogText	Okay... that's a bit embarrassing...
resources.assets	8486	MonoBehaviour	dialogLineSets[2].dialogLines[0].dialogText	There's that sense of humor again...
resources.assets	8486	MonoBehaviour	dialogLineSets[2].dialogLines[1].dialogText	Oooohh...▸▸▸ kay?
resources.assets	8486	MonoBehaviour	dialogLineSets[3].dialogLines[0].dialogText	Uhhhh... huuhh[hhhh]hh?
resources.assets	8486	MonoBehaviour	dialogLineSets[3].dialogLines[1].dialogText	Ooo▸▸kaa[aa]aayy[yy]...
resources.assets	8486	MonoBehaviour	dialogLineSets[4].dialogLines[0].dialogText	This must have...▸▸▸▸▸ some▸▸▸ purpose...
resources.assets	8486	MonoBehaviour	dialogLineSets[4].dialogLines[1].dialogText	I'll...▸▸▸▸▸▸▸▸▸▸ have to trust your judgment...
resources.assets	8486	MonoBehaviour	dialogLineSets[5].dialogLines[0].dialogText	What kinda gift is THIS,▸▸▸ huh?
resources.assets	8486	MonoBehaviour	dialogLineSets[5].dialogLines[1].dialogText	Heeeeyy!▸▸▸▸▸ This ain't a gift!
resources.assets	8486	MonoBehaviour	dialogLineSets[6].dialogLines[0].dialogText	Ummm,[hh]▸▸▸▸▸[hh]▸▸▸▸▸ th-thank you?
resources.assets	8486	MonoBehaviour	dialogLineSets[6].dialogLines[1].dialogText	That's an...▸▸▸▸▸ unusual gift.▸▸▸▸▸
resources.assets	8486	MonoBehaviour	dialogLineSets[7].dialogLines[0].dialogText	Well...▸▸▸▸▸ uhhh,[h] ok▸▸ay?▸▸▸
resources.assets	8486	MonoBehaviour	dialogLineSets[7].dialogLines[1].dialogText	That's awful nice of ya!▸▸▸▸▸▸▸▸▸▸ I think...
resources.assets	8486	MonoBehaviour	dialogLineSets[8].dialogLines[0].dialogText	Yo...▸▸▸▸▸▸▸ what the fuck?
resources.assets	8486	MonoBehaviour	dialogLineSets[8].dialogLines[1].dialogText	You on some weird▸▸ ass▸▸ shit...
resources.assets	8486	MonoBehaviour	dialogLineSets[9].dialogLines[0].dialogText	Is▸▸ this what the kids are into?
resources.assets	8486	MonoBehaviour	dialogLineSets[9].dialogLines[1].dialogText	Well...▸▸▸[hh]▸▸▸▸▸ alright then...
resources.assets	8486	MonoBehaviour	dialogLineSets[10].dialogLines[0].dialogText	Kinky...
resources.assets	8486	MonoBehaviour	dialogLineSets[10].dialogLines[1].dialogText	What's your angle here?
resources.assets	8486	MonoBehaviour	dialogLineSets[11].dialogLines[0].dialogText	Is this▸▸▸ customary in your culture?
resources.assets	8486	MonoBehaviour	dialogLineSets[11].dialogLines[1].dialogText	This is...▸▸▸ an▸▸ unexpected gift...
resources.assets	8486	MonoBehaviour	dialogLineSets[12].dialogLines[0].dialogText	It's the thought that counts...[s]
resources.assets	8486	MonoBehaviour	dialogLineSets[12].dialogLines[1].dialogText	That's▸[s]... un▸▸ique![k]
resources.assets	8487	MonoBehaviour	dialogLineSets[0].dialogLines[0].dialogText	This is the GIFT_REJECT dialog trigger.
resources.assets	8487	MonoBehaviour	dialogLineSets[1].dialogLines[0].dialogText	Not exactly the most appropriate time for something like that, is it?
resources.assets	8487	MonoBehaviour	dialogLineSets[2].dialogLines[0].dialogText	Uhhh,▸▸▸▸▸ sweetie...▸▸▸▸▸ kind of a bad time for that, don't you think?
resources.assets	8487	MonoBehaviour	dialogLineSets[3].dialogLines[0].dialogText	You like... realize how▸▸ STUPID▸▸ that would be,▸▸▸▸▸ riiiight?[t]
resources.assets	8487	MonoBehaviour	dialogLineSets[4].dialogLines[0].dialogText	My senses are telling me that it would be unwise to accept such a gift at this time.
resources.assets	8487	MonoBehaviour	dialogLineSets[5].dialogLines[0].dialogText	Quit playin' jokes on me!▸▸▸▸▸ You know I can't take that right now!
resources.assets	8487	MonoBehaviour	dialogLineSets[6].dialogLines[0].dialogText	I really appreciate it,▸▸▸▸▸▸▸▸▸▸ but,▸▸▸▸▸ unfortunately,▸▸▸▸▸ I can't accept that right now...
resources.assets	8487	MonoBehaviour	dialogLineSets[7].dialogLines[0].dialogText	Uhhhh...▸▸[hh]▸▸▸▸▸ how come it's not workin'?▸▸▸▸▸▸▸▸ It won't let me take it...
resources.assets	8487	MonoBehaviour	dialogLineSets[8].dialogLines[0].dialogText	Look,▸▸ no offense,▸▸ but,▸▸▸ it's kinda like,▸▸▸▸▸ pointless for me to take that right now...
resources.assets	8487	MonoBehaviour	dialogLineSets[9].dialogLines[0].dialogText	Ahhh,▸▸▸▸▸ to be▸▸ young▸▸ and naive▸▸ again.▸▸▸▸▸▸▸▸▸▸▸▸▸▸▸ You might want to think about that one for a moment...
resources.assets	8487	MonoBehaviour	dialogLineSets[10].dialogLines[0].dialogText	I'm sure even YOU can see why that's not a great idea right now...
resources.assets	8487	MonoBehaviour	dialogLineSets[11].dialogLines[0].dialogText	Please don't misunderstand...▸▸▸▸▸ but,▸▸▸▸▸ I'm simply not able to accept that gift at this time.
resources.assets	8487	MonoBehaviour	dialogLineSets[12].dialogLines[0].dialogText	Oh,▸▸ no[o]...▸▸▸▸▸▸▸ real▸ly,▸▸ I can't accept.▸▸▸▸▸▸▸ Literally, I▸▸▸▸▸ CANNOT▸▸▸▸▸ accept that right now.
resources.assets	8487	MonoBehaviour	dialogLineSets[14].dialogLines[0].dialogText	Are you blind!?▸▸▸▸▸ How could I possibly accept that,▸▸▸▸▸ FOOL!?
resources.assets	8487	MonoBehaviour	dialogLineSets[15].dialogLines[0].dialogText	Your impotence is astounding!▸▸▸▸▸ You can't even give a proper gift!
resources.assets	8488	MonoBehaviour	dialogLineSets[0].dialogLines[0].dialogText	This is the STAMINA_INSUFFICIENT dialog trigger.
resources.assets	8488	MonoBehaviour	dialogLineSets[1].dialogLines[0].dialogText	I'm not so sure about that...
resources.assets	8488	MonoBehaviour	dialogLineSets[1].dialogLines[1].dialogText	Slow down, mister big moves!
resources.assets	8488	MonoBehaviour	dialogLineSets[1].dialogLines[1].yuriDialogText	Slow down, miss big moves!
resources.assets	8488	MonoBehaviour	dialogLineSets[1].dialogLines[2].dialogText	That's a bit much even for me right now...
resources.assets	8488	MonoBehaviour	dialogLineSets[2].dialogLines[0].dialogText	Slow down honey...▸▸▸▸▸ it's not a race!
resources.assets	8488	MonoBehaviour	dialogLineSets[2].dialogLines[1].dialogText	That's a bit more than I can handle right now.
resources.assets	8488	MonoBehaviour	dialogLineSets[2].dialogLines[2].dialogText	How about we save that for a little later?
resources.assets	8488	MonoBehaviour	dialogLineSets[3].dialogLines[0].dialogText	Why even bother?
resources.assets	8488	MonoBehaviour	dialogLineSets[3].dialogLines[1].dialogText	Tch! As▸▸ i[i]f...
resources.assets	8488	MonoBehaviour	dialogLineSets[3].dialogLines[2].dialogText	Literal▸ly?▸▸▸▸▸[hh]▸▸ I▸▸ can't![t]
resources.assets	8488	MonoBehaviour	dialogLineSets[4].dialogLines[0].dialogText	I▸▸▸▸▸ do not have the stamina necessary for that.
resources.assets	8488	MonoBehaviour	dialogLineSets[4].dialogLines[1].dialogText	That▸▸ would not be wise to do at this time...
resources.assets	8488	MonoBehaviour	dialogLineSets[4].dialogLines[2].dialogText	I▸▸ seem to be unable to comply with this request...
resources.assets	8488	MonoBehaviour	dialogLineSets[5].dialogLines[0].dialogText	Nope! Nope! Nope!
resources.assets	8488	MonoBehaviour	dialogLineSets[5].dialogLines[1].dialogText	I don't wanna!▸▸▸▸▸▸▸ You can't make me![h]
resources.assets	8488	MonoBehaviour	dialogLineSets[5].dialogLines[2].dialogText	Whoops!▸▸▸ I don't think so!
resources.assets	8488	MonoBehaviour	dialogLineSets[6].dialogLines[0].dialogText	I'm not sure if I can do that right now...
resources.assets	8488	MonoBehaviour	dialogLineSets[6].dialogLines[1].dialogText	Awww,▸▸▸▸▸ I wish I could...
resources.assets	8488	MonoBehaviour	dialogLineSets[6].dialogLines[2].dialogText	Can we, maybe,▸▸▸▸▸ come back to that one?
resources.assets	8488	MonoBehaviour	dialogLineSets[7].dialogLines[0].dialogText	[hahahaha]▸▸[hhhh]▸▸You gotta pay if you want me to do THAT,▸▸▸▸▸ sil[h]ly!
resources.assets	8488	MonoBehaviour	dialogLineSets[7].dialogLines[1].dialogText	That's a big one!▸▸[hh]▸▸▸▸▸▸▸ You sure I can handle it?
resources.assets	8488	MonoBehaviour	dialogLineSets[7].dialogLines[2].dialogText	Are you sure?▸▸▸▸▸ That seems▸▸▸ kinda intimidatin'...[hh]▸▸
resources.assets	8488	MonoBehaviour	dialogLineSets[8].dialogLines[0].dialogText	I ain't even tryna fuck with that mess right now...
resources.assets	8488	MonoBehaviour	dialogLineSets[8].dialogLines[1].dialogText	Pssh!▸▸▸▸▸▸▸▸▸▸ Will you quit messin' around?
resources.assets	8488	MonoBehaviour	dialogLineSets[8].dialogLines[2].dialogText	You▸▸ gotta be playin' with me on that one...
resources.assets	8488	MonoBehaviour	dialogLineSets[9].dialogLines[0].dialogText	So▸▸rry...▸▸▸▸▸ you have to remember,▸▸▸▸▸ I'm a much older than you.
resources.assets	8488	MonoBehaviour	dialogLineSets[9].dialogLines[1].dialogText	No,▸▸▸▸▸ that won't do.▸▸▸▸▸▸▸ That won't do at all.
resources.assets	8488	MonoBehaviour	dialogLineSets[9].dialogLines[2].dialogText	How about we try something else?
resources.assets	8488	MonoBehaviour	dialogLineSets[10].dialogLines[0].dialogText	Jeez,▸▸▸▸▸ relax dude.▸▸▸▸▸▸▸▸▸▸ You tryin' to kill me?
resources.assets	8488	MonoBehaviour	dialogLineSets[10].dialogLines[0].yuriDialogText	Jeez,▸▸▸▸▸ relax bitch.▸▸▸▸▸▸▸▸▸▸ You tryin' to kill me?
resources.assets	8488	MonoBehaviour	dialogLineSets[10].dialogLines[1].dialogText	Who you tryin' to impress with THAT move?
resources.assets	8488	MonoBehaviour	dialogLineSets[10].dialogLines[2].dialogText	Don't blow that load all at once now!
resources.assets	8488	MonoBehaviour	dialogLineSets[11].dialogLines[0].dialogText	Uh, sorry...▸▸▸▸▸▸▸▸▸▸▸▸▸ I hope you're not too disappointed!
resources.assets	8488	MonoBehaviour	dialogLineSets[11].dialogLines[1].dialogText	Is there,▸▸▸▸▸ perhaps...▸▸▸▸▸▸▸▸▸▸ a different one we could try?
resources.assets	8488	MonoBehaviour	dialogLineSets[11].dialogLines[2].dialogText	Wait, wait...▸▸▸▸▸ umm,▸▸▸▸▸ not so much,▸▸▸▸▸ okay?
resources.assets	8488	MonoBehaviour	dialogLineSets[12].dialogLines[0].dialogText	That's a▸▸ BIG▸▸ move▸▸ for a little lady like me...
resources.assets	8488	MonoBehaviour	dialogLineSets[12].dialogLines[1].dialogText	I don't know...▸▸▸▸▸ I could break an ankle doin' that![t]
resources.assets	8488	MonoBehaviour	dialogLineSets[12].dialogLines[2].dialogText	Oh▸▸ yeah?▸▸▸▸▸ Just try and make me, mis▸▸ter!▸▸▸▸▸[hahaha]▸▸[hh]
resources.assets	8488	MonoBehaviour	dialogLineSets[12].dialogLines[2].yuriDialogText	Oh▸▸ yeah?▸▸▸▸▸ Just try and make me, little miss!▸▸▸▸▸▸▸▸[hahaha]▸▸[hh]
resources.assets	8488	MonoBehaviour	dialogLineSets[13].dialogLines[0].dialogText	Nope,▸▸▸▸▸ can't do it!▸▸▸▸▸ You gotta find me some stamina first!
resources.assets	8488	MonoBehaviour	dialogLineSets[13].dialogLines[1].dialogText	[aaaaaahh]▸▸▸▸▸▸▸▸Sorry,▸▸▸▸▸ not enough stamina!
resources.assets	8488	MonoBehaviour	dialogLineSets[14].dialogLines[0].dialogText	Nice try!▸▸▸▸▸ I won't allow it!
resources.assets	8488	MonoBehaviour	dialogLineSets[14].dialogLines[1].dialogText	Ha![ha]▸▸▸▸ You are truly hopeless!
resources.assets	8488	MonoBehaviour	dialogLineSets[14].dialogLines[2].dialogText	You know nothing of dating!
resources.assets	8488	MonoBehaviour	dialogLineSets[15].dialogLines[0].dialogText	What's wrong!?▸▸▸▸▸ Not going as planned!?
resources.assets	8488	MonoBehaviour	dialogLineSets[15].dialogLines[1].dialogText	Only in your dreams, human!
resources.assets	8488	MonoBehaviour	dialogLineSets[15].dialogLines[2].dialogText	Has the fairy taught you nothing!?
resources.assets	8489	MonoBehaviour	dialogLineSets[0].dialogLines[0].dialogText	This is the BAGGAGE_ONE dialog trigger.
resources.assets	8489	MonoBehaviour	dialogLineSets[1].dialogLines[0].dialogText	I should check my e-mail real quick...
resources.assets	8489	MonoBehaviour	dialogLineSets[1].dialogLines[1].dialogText	I probably can't stay TOO much longer...
resources.assets	8489	MonoBehaviour	dialogLineSets[1].dialogLines[2].dialogText	Wow,▸▸ time just flies by,▸▸ doesn't it?
resources.assets	8489	MonoBehaviour	dialogLineSets[2].dialogLines[0].dialogText	Ahhhh...
resources.assets	8489	MonoBehaviour	dialogLineSets[2].dialogLines[1].dialogText	Awwww...
resources.assets	8489	MonoBehaviour	dialogLineSets[2].dialogLines[2].dialogText	Ahhhh...
resources.assets	8489	MonoBehaviour	dialogLineSets[3].dialogLines[0].dialogText	Please▸▸ kill▸▸ me...[h]
resources.assets	8489	MonoBehaviour	dialogLineSets[3].dialogLines[1].dialogText	Are▸▸ you▸▸ ACTUAL▸LY▸▸ serious right now!?[h]
resources.assets	8489	MonoBehaviour	dialogLineSets[3].dialogLines[2].dialogText	Oh,▸▸▸[hh] FAN▸▸TAS▸▸TIC![k]
resources.assets	8489	MonoBehaviour	dialogLineSets[4].dialogLines[0].dialogText	You KNOW how I feel about water!
resources.assets	8489	MonoBehaviour	dialogLineSets[4].dialogLines[1].dialogText	[aaaa]▸▸▸▸▸That's...▸▸▸▸▸ unfortunate...
resources.assets	8489	MonoBehaviour	dialogLineSets[4].dialogLines[2].dialogText	WATCH where you're splashing!
resources.assets	8489	MonoBehaviour	dialogLineSets[5].dialogLines[0].dialogText	Here!▸▸▸▸▸ Let me help!
resources.assets	8489	MonoBehaviour	dialogLineSets[5].dialogLines[1].dialogText	Suki!▸▸▸▸▸ On the job![h]
resources.assets	8489	MonoBehaviour	dialogLineSets[5].dialogLines[2].dialogText	Guess what!?▸[hh]▸▸▸ My big old▸ BUTT!▸[h]
resources.assets	8489	MonoBehaviour	dialogLineSets[6].dialogLines[0].dialogText	Sorry,▸▸▸▸▸ I'm just not that kind of girl!
resources.assets	8489	MonoBehaviour	dialogLineSets[6].dialogLines[1].dialogText	That's moving a little too fast for me...
resources.assets	8489	MonoBehaviour	dialogLineSets[6].dialogLines[2].dialogText	You've gotta take it slow, okay?
resources.assets	8489	MonoBehaviour	dialogLineSets[7].dialogLines[0].dialogText	Did I do it right?
resources.assets	8489	MonoBehaviour	dialogLineSets[7].dialogLines[1].dialogText	Man,▸▸▸[hh]▸▸▸ datin' is hard...[h]
resources.assets	8489	MonoBehaviour	dialogLineSets[7].dialogLines[2].dialogText	Oh▸▸ shoot...[tt]▸▸▸▸▸▸▸ I think I messed that up.[h]
resources.assets	8489	MonoBehaviour	dialogLineSets[8].dialogLines[0].dialogText	Just keep it casual,▸ o▸▸kay?
resources.assets	8489	MonoBehaviour	dialogLineSets[8].dialogLines[1].dialogText	You▸▸ gotta cool it with that shit.
resources.assets	8489	MonoBehaviour	dialogLineSets[8].dialogLines[2].dialogText	Aye,▸▸ don't go soft on me!
resources.assets	8489	MonoBehaviour	dialogLineSets[9].dialogLines[0].dialogText	A little something for me!
resources.assets	8489	MonoBehaviour	dialogLineSets[9].dialogLines[1].dialogText	You have TWO dates, you know!
resources.assets	8489	MonoBehaviour	dialogLineSets[9].dialogLines[2].dialogText	I'm worth EVERY penny!
resources.assets	8489	MonoBehaviour	dialogLineSets[10].dialogLines[0].dialogText	Whoa,▸▸▸▸▸ hit the breaks man!
resources.assets	8489	MonoBehaviour	dialogLineSets[10].dialogLines[0].yuriDialogText	Whoa,▸▸▸▸▸ hit the breaks babe!
resources.assets	8489	MonoBehaviour	dialogLineSets[10].dialogLines[1].dialogText	I'm not tryin' to get married here.
resources.assets	8489	MonoBehaviour	dialogLineSets[10].dialogLines[2].dialogText	You're gettin' a little too serious on me!
resources.assets	8489	MonoBehaviour	dialogLineSets[11].dialogLines[0].dialogText	That's okay!▸▸▸▸▸▸▸▸▸▸ She deserves more than me!
resources.assets	8489	MonoBehaviour	dialogLineSets[11].dialogLines[1].dialogText	N-▸▸▸no!▸▸▸▸[hh]▸▸▸▸ You do so much for me already!
resources.assets	8489	MonoBehaviour	dialogLineSets[11].dialogLines[2].dialogText	I don't want to hog all your attention!
resources.assets	8489	MonoBehaviour	dialogLineSets[12].dialogLines[0].dialogText	I'm here too, you know!
resources.assets	8489	MonoBehaviour	dialogLineSets[12].dialogLines[1].dialogText	How do I get a gift like that!?
resources.assets	8489	MonoBehaviour	dialogLineSets[12].dialogLines[2].dialogText	Don't forget about little ol' me![hh]
resources.assets	8489	MonoBehaviour	dialogLineSets[14].dialogLines[0].dialogText	Take THIS!
resources.assets	8489	MonoBehaviour	dialogLineSets[14].dialogLines[1].dialogText	THIS'LL stop you!
resources.assets	8489	MonoBehaviour	dialogLineSets[14].dialogLines[2].dialogText	All will be chaos!
resources.assets	8489	MonoBehaviour	dialogLineSets[14].dialogLines[3].dialogText	Prepare for destruction!
resources.assets	8489	MonoBehaviour	dialogLineSets[14].dialogLines[4].dialogText	Hahahahahahahahahaha!
resources.assets	8489	MonoBehaviour	dialogLineSets[14].dialogLines[5].dialogText	Arrrrgghh!
resources.assets	8489	MonoBehaviour	dialogLineSets[15].dialogLines[0].dialogText	Deal with THIS!
resources.assets	8489	MonoBehaviour	dialogLineSets[15].dialogLines[1].dialogText	It's over!
resources.assets	8489	MonoBehaviour	dialogLineSets[15].dialogLines[2].dialogText	You'll know only darkness!
resources.assets	8489	MonoBehaviour	dialogLineSets[15].dialogLines[3].dialogText	Your world is DOOMED!
resources.assets	8489	MonoBehaviour	dialogLineSets[15].dialogLines[4].dialogText	Hahahahahahahahahaha!
resources.assets	8489	MonoBehaviour	dialogLineSets[15].dialogLines[5].dialogText	Arrrrgghh!
resources.assets	8490	MonoBehaviour	dialogLineSets[0].dialogLines[0].dialogText	This is the BAGGAGE_TWO dialog trigger.
resources.assets	8490	MonoBehaviour	dialogLineSets[1].dialogLines[0].dialogText	I'll be taking that, thank you!
resources.assets	8490	MonoBehaviour	dialogLineSets[1].dialogLines[1].dialogText	Don't mind if I do!
resources.assets	8490	MonoBehaviour	dialogLineSets[1].dialogLines[2].dialogText	Oh!▸▸▸▸▸ Gimme-gimme!▸▸[hahahaha]
resources.assets	8490	MonoBehaviour	dialogLineSets[2].dialogLines[0].dialogText	[aaaa].[aaa].[aa].
resources.assets	8490	MonoBehaviour	dialogLineSets[2].dialogLines[1].dialogText	[aaaa].[aaa].[aa].
resources.assets	8490	MonoBehaviour	dialogLineSets[2].dialogLines[2].dialogText	[aaaa].[aaa].[hh].[hh]
resources.assets	8490	MonoBehaviour	dialogLineSets[3].dialogLines[0].dialogText	Fuck, maybe I do need my inhaler...[hh]
resources.assets	8490	MonoBehaviour	dialogLineSets[3].dialogLines[1].dialogText	Ughh...▸▸ stupid▸▸ fucking▸▸ asthma...
resources.assets	8490	MonoBehaviour	dialogLineSets[3].dialogLines[2].dialogText	God,▸▸ I▸▸ can't▸▸ even BREATH right...[t]
resources.assets	8490	MonoBehaviour	dialogLineSets[4].dialogLines[0].dialogText	Did you hear something?
resources.assets	8490	MonoBehaviour	dialogLineSets[4].dialogLines[1].dialogText	What was that noise?
resources.assets	8490	MonoBehaviour	dialogLineSets[4].dialogLines[2].dialogText	There's that▸▸ ringing again...
resources.assets	8490	MonoBehaviour	dialogLineSets[5].dialogLines[0].dialogText	Surprii[i]iise!▸▸▸▸▸ It's me,▸▸ Suki!
resources.assets	8490	MonoBehaviour	dialogLineSets[5].dialogLines[1].dialogText	Hey!▸▸ Hey!▸▸▸ Look at me!
resources.assets	8490	MonoBehaviour	dialogLineSets[5].dialogLines[2].dialogText	Meeee[e]ooo[o]ww[w]![hhhh]▸▸▸▸▸ I'm a kitty![h]
resources.assets	8490	MonoBehaviour	dialogLineSets[6].dialogLines[0].dialogText	Aww,▸▸▸▸▸ ▸▸▸▸▸don't waste that on me...
resources.assets	8490	MonoBehaviour	dialogLineSets[6].dialogLines[1].dialogText	Oops!▸▸▸▸▸ Sorry,▸▸▸▸▸▸▸ did I screw that up?
resources.assets	8490	MonoBehaviour	dialogLineSets[6].dialogLines[2].dialogText	No,▸▸ really, that's too much for me!
resources.assets	8490	MonoBehaviour	dialogLineSets[7].dialogLines[0].dialogText	I don't LIKE you anymore!
resources.assets	8490	MonoBehaviour	dialogLineSets[7].dialogLines[1].dialogText	You better stop that right NOW!
resources.assets	8490	MonoBehaviour	dialogLineSets[7].dialogLines[2].dialogText	I ain't NEVER forgivin' you![hh]▸▸ NEVER!
resources.assets	8490	MonoBehaviour	dialogLineSets[8].dialogLines[0].dialogText	Pssh!
resources.assets	8490	MonoBehaviour	dialogLineSets[8].dialogLines[1].dialogText	Whatever...
resources.assets	8490	MonoBehaviour	dialogLineSets[8].dialogLines[2].dialogText	Adios!
resources.assets	8490	MonoBehaviour	dialogLineSets[9].dialogLines[0].dialogText	You're not going to cry,▸▸ are you?
resources.assets	8490	MonoBehaviour	dialogLineSets[9].dialogLines[1].dialogText	Don't get too sentimental on me!
resources.assets	8490	MonoBehaviour	dialogLineSets[9].dialogLines[2].dialogText	Let's keep things...▸▸▸▸▸ professional.
resources.assets	8490	MonoBehaviour	dialogLineSets[10].dialogLines[0].dialogText	Yaaaawwwnn!
resources.assets	8490	MonoBehaviour	dialogLineSets[10].dialogLines[1].dialogText	You're losin' me man!
resources.assets	8490	MonoBehaviour	dialogLineSets[10].dialogLines[1].yuriDialogText	You're losin' me babe!
resources.assets	8490	MonoBehaviour	dialogLineSets[10].dialogLines[2].dialogText	Somebody's gotta spice this date up,▸▸▸▸▸ quick!
resources.assets	8490	MonoBehaviour	dialogLineSets[11].dialogLines[0].dialogText	Oops...▸▸▸▸▸▸▸ uhhh,▸▸▸▸▸ it happened again...
resources.assets	8490	MonoBehaviour	dialogLineSets[11].dialogLines[1].dialogText	Unnngghh...▸▸[hh]▸▸▸ o-▸▸▸oh no...▸▸▸▸▸ s-▸▸▸sorry...
resources.assets	8490	MonoBehaviour	dialogLineSets[11].dialogLines[2].dialogText	Is...▸▸▸▸▸[hh]▸▸▸▸▸ is there a changing room nearby?
resources.assets	8490	MonoBehaviour	dialogLineSets[12].dialogLines[0].dialogText	Why does this happen to ME!?
resources.assets	8490	MonoBehaviour	dialogLineSets[12].dialogLines[1].dialogText	Ughh, I swear!▸▸▸▸▸ Boys!
resources.assets	8490	MonoBehaviour	dialogLineSets[12].dialogLines[1].yuriDialogText	Ughh, I swear!▸▸▸▸▸ Girls!
resources.assets	8490	MonoBehaviour	dialogLineSets[12].dialogLines[2].dialogText	My life▸▸▸▸▸ might as well▸▸▸ be OVER!
resources.assets	8491	MonoBehaviour	dialogLineSets[0].dialogLines[0].dialogText	This is the BAGGAGE_THREE dialog trigger.
resources.assets	8491	MonoBehaviour	dialogLineSets[1].dialogLines[0].dialogText	THIS girl don't need no charity!
resources.assets	8491	MonoBehaviour	dialogLineSets[1].dialogLines[1].dialogText	You keep that.▸▸▸ I'll be just fine without it!
resources.assets	8491	MonoBehaviour	dialogLineSets[1].dialogLines[2].dialogText	Thanks, but I can afford my own things you know!
resources.assets	8491	MonoBehaviour	dialogLineSets[2].dialogLines[0].dialogText	There we go!▸▸▸▸▸ Now we're in business!
resources.assets	8491	MonoBehaviour	dialogLineSets[2].dialogLines[1].dialogText	Hel▸▸lo!▸▸▸▸▸▸▸▸ That one got the juices flowing!
resources.assets	8491	MonoBehaviour	dialogLineSets[2].dialogLines[2].dialogText	Oh yeah!▸▸ Yup,▸▸▸▸▸ I felt that one.
resources.assets	8491	MonoBehaviour	dialogLineSets[3].dialogLines[0].dialogText	What's the point?[h]
resources.assets	8491	MonoBehaviour	dialogLineSets[3].dialogLines[1].dialogText	It's not like▸▸▸ life▸▸▸ is worth living...[h]
resources.assets	8491	MonoBehaviour	dialogLineSets[3].dialogLines[2].dialogText	Just put me in the morgue already...[h]
resources.assets	8491	MonoBehaviour	dialogLineSets[6].dialogLines[0].dialogText	I wouldn't even know how to use it!
resources.assets	8491	MonoBehaviour	dialogLineSets[6].dialogLines[1].dialogText	I'm fine!▸▸▸▸▸ Really!▸▸▸▸▸ You keep it!▸▸[ha][ha]▸▸[hh]
resources.assets	8491	MonoBehaviour	dialogLineSets[6].dialogLines[2].dialogText	Is that!?▸▸▸▸▸▸▸ N-▸▸no,▸▸▸▸▸ no thanks!▸▸[ha][ha]▸▸[hh]
resources.assets	8491	MonoBehaviour	dialogLineSets[7].dialogLines[0].dialogText	Waaaaiitt...[tt]▸▸▸▸▸ somethin' ain't right...[t]
resources.assets	8491	MonoBehaviour	dialogLineSets[7].dialogLines[1].dialogText	Hmmm...▸▸▸▸▸▸▸▸ am I missin' somethin'?
resources.assets	8491	MonoBehaviour	dialogLineSets[7].dialogLines[2].dialogText	Sometimes my head gets all fuzzy...[h]
resources.assets	8491	MonoBehaviour	dialogLineSets[8].dialogLines[0].dialogText	Let's see how you like it!
resources.assets	8491	MonoBehaviour	dialogLineSets[8].dialogLines[1].dialogText	Well FUCK you too!
resources.assets	8491	MonoBehaviour	dialogLineSets[8].dialogLines[2].dialogText	Pssh!▸▸▸▸▸▸▸ We'll see about that...
resources.assets	8491	MonoBehaviour	dialogLineSets[9].dialogLines[0].dialogText	As▸▸ if I'd be caught DEAD with that!
resources.assets	8491	MonoBehaviour	dialogLineSets[9].dialogLines[1].dialogText	That MUST be for someone else...
resources.assets	8491	MonoBehaviour	dialogLineSets[9].dialogLines[2].dialogText	Take that back to WHER▸▸EVER you found it!
resources.assets	8491	MonoBehaviour	dialogLineSets[10].dialogLines[0].dialogText	Ughh,▸▸▸▸▸ my nose itches just looking at that.
resources.assets	8491	MonoBehaviour	dialogLineSets[10].dialogLines[1].dialogText	Sorry,▸▸▸▸▸ my allergies are acting up big time.
resources.assets	8491	MonoBehaviour	dialogLineSets[10].dialogLines[2].dialogText	Nah,▸▸▸▸▸ I don't wanna be sneezing all day.
resources.assets	8491	MonoBehaviour	dialogLineSets[11].dialogLines[0].dialogText	Yeah!▸▸▸▸▸▸ That's it![hh]▸▸▸ Right there!
resources.assets	8491	MonoBehaviour	dialogLineSets[11].dialogLines[1].dialogText	Mmmhmm,▸▸▸▸▸▸▸▸ yeah,▸▸▸▸▸ give it to me!
resources.assets	8491	MonoBehaviour	dialogLineSets[11].dialogLines[2].dialogText	Uhh,▸▸▸ please,▸▸▸▸▸ don't stop...
resources.assets	8491	MonoBehaviour	dialogLineSets[12].dialogLines[0].dialogText	Nice try mister!▸▸[hh]▸ I don't▸ THINK so![h]
resources.assets	8491	MonoBehaviour	dialogLineSets[12].dialogLines[0].yuriDialogText	Nice▸▸ try▸▸ little miss!▸▸▸▸▸▸▸ I don't THINK so!
resources.assets	8491	MonoBehaviour	dialogLineSets[12].dialogLines[1].dialogText	You thought you could pass▸▸ THAT off?
resources.assets	8491	MonoBehaviour	dialogLineSets[12].dialogLines[2].dialogText	Sorry!▸▸▸▸▸ I know a knockoff when I see one!
resources.assets	8492	MonoBehaviour	dialogLineSets[0].dialogLines[0].dialogText	This is the BROKEN_EXHAUSTED dialog trigger.
resources.assets	8492	MonoBehaviour	dialogLineSets[1].dialogLines[0].dialogText	Wow,▸▸▸ some friend you are!
resources.assets	8492	MonoBehaviour	dialogLineSets[1].dialogLines[1].dialogText	Are you fucking serious!?
resources.assets	8492	MonoBehaviour	dialogLineSets[1].dialogLines[2].dialogText	Ughh,▸▸ not THIS shit again!
resources.assets	8492	MonoBehaviour	dialogLineSets[2].dialogLines[0].dialogText	Now I'm getting shit from YOU too!?
resources.assets	8492	MonoBehaviour	dialogLineSets[2].dialogLines[1].dialogText	Yep!▸▸▸▸▸ Story of my life!
resources.assets	8492	MonoBehaviour	dialogLineSets[2].dialogLines[2].dialogText	Real good way to treat a friend!
resources.assets	8492	MonoBehaviour	dialogLineSets[3].dialogLines[0].dialogText	Umm,▸▸ could you like,▸▸ NO[O]T!?[h]
resources.assets	8492	MonoBehaviour	dialogLineSets[3].dialogLines[1].dialogText	I fucking HATE my life!
resources.assets	8492	MonoBehaviour	dialogLineSets[3].dialogLines[2].dialogText	What the actual FUCK▸▸ is wrong with you!?
resources.assets	8492	MonoBehaviour	dialogLineSets[4].dialogLines[0].dialogText	Just how is THAT helpful!?
resources.assets	8492	MonoBehaviour	dialogLineSets[4].dialogLines[1].dialogText	I▸▸ saw▸▸ THAT▸▸ coming...
resources.assets	8492	MonoBehaviour	dialogLineSets[4].dialogLines[2].dialogText	PLEASE refrain from doing that!
resources.assets	8492	MonoBehaviour	dialogLineSets[5].dialogLines[0].dialogText	Heeeeyy...▸▸▸▸▸ are you bein' MEAN to me!?[h]
resources.assets	8492	MonoBehaviour	dialogLineSets[5].dialogLines[1].dialogText	You stupid dummy head![h]
resources.assets	8492	MonoBehaviour	dialogLineSets[5].dialogLines[2].dialogText	Ugh, will you stop being so ANNOYING!?[h]
resources.assets	8492	MonoBehaviour	dialogLineSets[6].dialogLines[0].dialogText	Hey!▸▸▸▸▸▸▸▸ What are you doing!?
resources.assets	8492	MonoBehaviour	dialogLineSets[6].dialogLines[1].dialogText	Can you PLEASE stop that!?
resources.assets	8492	MonoBehaviour	dialogLineSets[6].dialogLines[2].dialogText	That was completely uncalled for!
resources.assets	8492	MonoBehaviour	dialogLineSets[7].dialogLines[0].dialogText	Now wha'dja do THAT for!?
resources.assets	8492	MonoBehaviour	dialogLineSets[7].dialogLines[1].dialogText	That wasn't very NICE![hh]
resources.assets	8492	MonoBehaviour	dialogLineSets[7].dialogLines[2].dialogText	Quit bein' such a POOP![hh]
resources.assets	8492	MonoBehaviour	dialogLineSets[8].dialogLines[0].dialogText	Shoulda seen THAT coming!
resources.assets	8492	MonoBehaviour	dialogLineSets[8].dialogLines[1].dialogText	Yo,▸▸▸▸▸ FUCK this shit!
resources.assets	8492	MonoBehaviour	dialogLineSets[8].dialogLines[2].dialogText	Just like▸▸ EVERYBODY else![s]
resources.assets	8492	MonoBehaviour	dialogLineSets[9].dialogLines[0].dialogText	Ughh!▸▸▸▸▸ JUST like my husband!
resources.assets	8492	MonoBehaviour	dialogLineSets[9].dialogLines[1].dialogText	I've never BEEN so insulted!
resources.assets	8492	MonoBehaviour	dialogLineSets[9].dialogLines[2].dialogText	Absolutely RIDICULOUS!
resources.assets	8492	MonoBehaviour	dialogLineSets[10].dialogLines[0].dialogText	Are you SERIOUS dude!?
resources.assets	8492	MonoBehaviour	dialogLineSets[10].dialogLines[0].yuriDialogText	Are you SERIOUS bitch!?
resources.assets	8492	MonoBehaviour	dialogLineSets[10].dialogLines[1].dialogText	Can you go FIVE minutes without doing that!?
resources.assets	8492	MonoBehaviour	dialogLineSets[10].dialogLines[2].dialogText	Aww,▸▸▸ WEAK!
resources.assets	8492	MonoBehaviour	dialogLineSets[11].dialogLines[0].dialogText	If you'd like me to leave,▸▸▸▸▸ I will!
resources.assets	8492	MonoBehaviour	dialogLineSets[11].dialogLines[1].dialogText	Is THIS how you treat women here!?
resources.assets	8492	MonoBehaviour	dialogLineSets[11].dialogLines[2].dialogText	W-▸▸▸▸▸WHAT!?▸▸▸▸▸▸▸▸ I...▸▸▸▸▸ don't understand...
resources.assets	8492	MonoBehaviour	dialogLineSets[12].dialogLines[0].dialogText	That's▸▸ NO▸▸ way to treat a lady!
resources.assets	8492	MonoBehaviour	dialogLineSets[12].dialogLines[1].dialogText	How COULD you!?[h]
resources.assets	8492	MonoBehaviour	dialogLineSets[12].dialogLines[2].dialogText	I thought you were different![t]
resources.assets	8492	MonoBehaviour	dialogLineSets[13].dialogLines[0].dialogText	Didn't I tell you NOT to match the broken hearts!?
resources.assets	8492	MonoBehaviour	dialogLineSets[13].dialogLines[1].dialogText	Oo[oo]oo...▸▸▸▸▸ gonna wanna avoid those broken hearts!
resources.assets	8492	MonoBehaviour	dialogLineSets[14].dialogLines[0].dialogText	Pathetic!
resources.assets	8492	MonoBehaviour	dialogLineSets[14].dialogLines[1].dialogText	Is THIS your hero,▸ Venus!?
resources.assets	8492	MonoBehaviour	dialogLineSets[14].dialogLines[2].dialogText	Hahahahahahahahahaha!
resources.assets	8492	MonoBehaviour	dialogLineSets[15].dialogLines[0].dialogText	Absolutely useless!
resources.assets	8492	MonoBehaviour	dialogLineSets[15].dialogLines[1].dialogText	You impotent FOOL!
resources.assets	8492	MonoBehaviour	dialogLineSets[15].dialogLines[2].dialogText	Hahahahahahahahahaha!
resources.assets	8493	MonoBehaviour	dialogLineSets[0].dialogLines[0].dialogText	This is the BROKEN_RECOVERED dialog trigger.
resources.assets	8493	MonoBehaviour	dialogLineSets[1].dialogLines[0].dialogText	Please be more careful, alright?
resources.assets	8493	MonoBehaviour	dialogLineSets[1].dialogLines[1].dialogText	Don't make me regret giving you another chance...
resources.assets	8493	MonoBehaviour	dialogLineSets[1].dialogLines[2].dialogText	I guess you've been in the dog house long enough!
resources.assets	8493	MonoBehaviour	dialogLineSets[2].dialogLines[0].dialogText	Are you gonna behave yourself this time?
resources.assets	8493	MonoBehaviour	dialogLineSets[2].dialogLines[1].dialogText	You're lucky I already like you so much...
resources.assets	8493	MonoBehaviour	dialogLineSets[2].dialogLines[2].dialogText	I'll let you off the hook...▸▸▸▸▸ THIS time.
resources.assets	8493	MonoBehaviour	dialogLineSets[3].dialogLines[0].dialogText	Maybe try▸▸▸▸▸ NOT to fuck up this time?[h]
resources.assets	8493	MonoBehaviour	dialogLineSets[3].dialogLines[1].dialogText	Are you▸▸ STILL doing this?▸▸▸▸▸ Ughh,▸▸ boring...[h]
resources.assets	8493	MonoBehaviour	dialogLineSets[3].dialogLines[2].dialogText	Is there▸▸ a▸▸ reason I'm▸▸ being ignored?[h]
resources.assets	8493	MonoBehaviour	dialogLineSets[4].dialogLines[0].dialogText	It▸▸▸ would appear my emotions have stabilized...
resources.assets	8493	MonoBehaviour	dialogLineSets[4].dialogLines[1].dialogText	My mind has been cleared of all negative thoughts...
resources.assets	8493	MonoBehaviour	dialogLineSets[4].dialogLines[2].dialogText	Feelings of anger do only harm...▸▸▸▸▸▸▸ so,▸▸▸▸▸▸▸▸▸ all is forgiven!
resources.assets	8493	MonoBehaviour	dialogLineSets[5].dialogLines[0].dialogText	Just▸▸ kidding!▸▸▸▸▸▸▸ I'm not really mad!▸▸▸▸▸▸▸▸[haha]▸▸[hh]
resources.assets	8493	MonoBehaviour	dialogLineSets[5].dialogLines[1].dialogText	If you keep bein' mean,▸▸▸▸▸ I'm gonna bite you!
resources.assets	8493	MonoBehaviour	dialogLineSets[5].dialogLines[2].dialogText	I'm all done bein' mad at you!
resources.assets	8493	MonoBehaviour	dialogLineSets[6].dialogLines[0].dialogText	Ummm,[hh]▸▸▸▸▸▸▸▸▸▸ sorry I overreacted back there...
resources.assets	8493	MonoBehaviour	dialogLineSets[6].dialogLines[1].dialogText	I'm okay now!▸▸▸▸▸▸▸▸▸▸ I didn't mean what I said before!
resources.assets	8493	MonoBehaviour	dialogLineSets[6].dialogLines[2].dialogText	I shouldn't have gotten so angry!▸▸▸▸▸ I apologize.▸▸▸▸▸
resources.assets	8493	MonoBehaviour	dialogLineSets[7].dialogLines[0].dialogText	Uhhhh...[hh]▸▸▸ why was I mad again?
resources.assets	8493	MonoBehaviour	dialogLineSets[7].dialogLines[1].dialogText	[ha]▸Don't worry!▸▸▸▸▸[hh] I still▸▸ like ya!▸▸▸▸▸[ha][ha]
resources.assets	8493	MonoBehaviour	dialogLineSets[7].dialogLines[2].dialogText	Are you gonna be nice to me now?
resources.assets	8493	MonoBehaviour	dialogLineSets[8].dialogLines[0].dialogText	I must be crazy to forgive you...
resources.assets	8493	MonoBehaviour	dialogLineSets[8].dialogLines[1].dialogText	You gonna stop bein' a BITCH now?
resources.assets	8493	MonoBehaviour	dialogLineSets[8].dialogLines[2].dialogText	I ain't forgetting what you did, okay?
resources.assets	8493	MonoBehaviour	dialogLineSets[9].dialogLines[0].dialogText	I don't give second chances often!
resources.assets	8493	MonoBehaviour	dialogLineSets[9].dialogLines[1].dialogText	I'm expecting a proper apology!
resources.assets	8493	MonoBehaviour	dialogLineSets[9].dialogLines[2].dialogText	[aaaahh]▸▸▸▸▸▸▸You're lucky I'm in a good mood...
resources.assets	8493	MonoBehaviour	dialogLineSets[10].dialogLines[0].dialogText	Try to keep your shit together,▸▸▸▸▸ okay?
resources.assets	8493	MonoBehaviour	dialogLineSets[10].dialogLines[1].dialogText	I SUPPOSE you've suffered enough...
resources.assets	8493	MonoBehaviour	dialogLineSets[10].dialogLines[2].dialogText	I should be used to your screw ups by now,▸▸▸▸▸ shouldn't I
resources.assets	8493	MonoBehaviour	dialogLineSets[11].dialogLines[0].dialogText	Uhh,▸▸▸▸▸ sorry...▸▸▸▸▸▸▸ I was out of line to be so angry...
resources.assets	8493	MonoBehaviour	dialogLineSets[11].dialogLines[1].dialogText	That was...▸▸▸▸▸▸▸ only an accident before,▸▸▸▸▸ right?
resources.assets	8493	MonoBehaviour	dialogLineSets[11].dialogLines[2].dialogText	For-▸▸▸▸▸forgive me...▸▸▸▸▸ my behavior was▸▸▸▸▸ unjustified.
resources.assets	8493	MonoBehaviour	dialogLineSets[12].dialogLines[0].dialogText	O▸▸kay mis▸▸ter,▸▸▸ let's▸▸ try this again!
resources.assets	8493	MonoBehaviour	dialogLineSets[12].dialogLines[0].yuriDialogText	O▸▸kay little miss,▸▸▸ let's▸▸ try this again!
resources.assets	8493	MonoBehaviour	dialogLineSets[12].dialogLines[1].dialogText	Don't break my heart, you![h]
resources.assets	8493	MonoBehaviour	dialogLineSets[12].dialogLines[2].dialogText	Oh!▸▸▸▸▸ How could I stay mad at you?
resources.assets	8493	MonoBehaviour	dialogLineSets[13].dialogLines[0].dialogText	You're lucky this is just the tutorial date!
resources.assets	8493	MonoBehaviour	dialogLineSets[13].dialogLines[1].dialogText	A bit trickier than a normal date, isn't it?
resources.assets	8493	MonoBehaviour	dialogLineSets[14].dialogLines[0].dialogText	I grow tired of your pitiful efforts!
resources.assets	8493	MonoBehaviour	dialogLineSets[14].dialogLines[1].dialogText	You'll NEVER satisfy us!
resources.assets	8493	MonoBehaviour	dialogLineSets[14].dialogLines[2].dialogText	My pussy ACHES for a MAN!
resources.assets	8493	MonoBehaviour	dialogLineSets[14].dialogLines[2].yuriDialogText	My pussy ACHES for a WOMAN!
resources.assets	8493	MonoBehaviour	dialogLineSets[15].dialogLines[0].dialogText	Your dating prowess is woefully inadequate, human!
resources.assets	8493	MonoBehaviour	dialogLineSets[15].dialogLines[1].dialogText	You'll NEVER know true pleasure!
resources.assets	8493	MonoBehaviour	dialogLineSets[15].dialogLines[2].dialogText	Our lust is beyond your ability!
resources.assets	8494	MonoBehaviour	dialogLineSets[0].dialogLines[0].dialogText	This is the STAMINA_EXHAUSTED dialog trigger.
resources.assets	8494	MonoBehaviour	dialogLineSets[1].dialogLines[0].dialogText	Whew!▸▸▸▸▸ I'm working up a bit of a sweat here...
resources.assets	8494	MonoBehaviour	dialogLineSets[1].dialogLines[1].dialogText	I knew I should have gotten coffee earlier...
resources.assets	8494	MonoBehaviour	dialogLineSets[1].dialogLines[2].dialogText	Time out!▸▸▸▸▸▸▸▸▸▸ I gotta hit the benches for a minute.
resources.assets	8494	MonoBehaviour	dialogLineSets[2].dialogLines[0].dialogText	Maybe I AM getting a little too old for this...
resources.assets	8494	MonoBehaviour	dialogLineSets[2].dialogLines[1].dialogText	You two go on,[hh]▸▸[hh]▸▸▸ I need a smoke break.
resources.assets	8494	MonoBehaviour	dialogLineSets[2].dialogLines[2].dialogText	Since when do I get tired this easily?
resources.assets	8494	MonoBehaviour	dialogLineSets[3].dialogLines[0].dialogText	Okay,▸▸ I'm like,▸▸ literally dying right now...[h]
resources.assets	8494	MonoBehaviour	dialogLineSets[3].dialogLines[1].dialogText	I'm just gonna like,▸▸▸ lay on the ground for a min▸▸ute?
resources.assets	8494	MonoBehaviour	dialogLineSets[3].dialogLines[2].dialogText	Uhhh,▸▸ chill the fuck out much?[h]
resources.assets	8494	MonoBehaviour	dialogLineSets[4].dialogLines[0].dialogText	Phew!▸▸▸▸▸▸▸▸ It seems I've exhausted myself...
resources.assets	8494	MonoBehaviour	dialogLineSets[4].dialogLines[1].dialogText	The human body certainly has its limits...
resources.assets	8494	MonoBehaviour	dialogLineSets[4].dialogLines[2].dialogText	I may require some time to...▸▸▸▸▸ cool down...
resources.assets	8494	MonoBehaviour	dialogLineSets[5].dialogLines[0].dialogText	Ehhhh,▸[hh]▸▸ I'm too pooped too do anything...[h]
resources.assets	8494	MonoBehaviour	dialogLineSets[5].dialogLines[1].dialogText	I'm▸▸ TIIIIRREED!▸▸[hh]
resources.assets	8494	MonoBehaviour	dialogLineSets[5].dialogLines[2].dialogText	Awwwwwwwwww![hh]
resources.assets	8494	MonoBehaviour	dialogLineSets[6].dialogLines[0].dialogText	Is it okay if I take a moment to catch my breath?
resources.assets	8494	MonoBehaviour	dialogLineSets[6].dialogLines[1].dialogText	Whew!▸▸▸▸▸ Fun,▸▸▸ but...▸▸▸ exhausting!
resources.assets	8494	MonoBehaviour	dialogLineSets[6].dialogLines[2].dialogText	Uhh,▸▸ you go ahead,▸▸▸▸▸▸▸▸▸▸ I don't want to slow you two down!
resources.assets	8494	MonoBehaviour	dialogLineSets[7].dialogLines[0].dialogText	Is there gonna be a nap time on this date?[hh]
resources.assets	8494	MonoBehaviour	dialogLineSets[7].dialogLines[1].dialogText	It can be someone else's turn now...[hh]
resources.assets	8494	MonoBehaviour	dialogLineSets[7].dialogLines[2].dialogText	I think the coke's startin' to wear off...[hh]
resources.assets	8494	MonoBehaviour	dialogLineSets[8].dialogLines[0].dialogText	Wh[hh]ew[w]![hh]▸▸▸▸▸ Yo...▸▸▸▸▸ hold up!
resources.assets	8494	MonoBehaviour	dialogLineSets[8].dialogLines[1].dialogText	Fuck,[k]▸▸▸▸▸▸▸▸▸▸ am I outta shape?
resources.assets	8494	MonoBehaviour	dialogLineSets[8].dialogLines[2].dialogText	Where's my fuckin' energy right now?
resources.assets	8494	MonoBehaviour	dialogLineSets[9].dialogLines[0].dialogText	Whew!▸▸▸▸▸ Not quite what I used to be!
resources.assets	8494	MonoBehaviour	dialogLineSets[9].dialogLines[1].dialogText	You two run along...▸▸▸▸▸▸▸▸ I'll catch up.
resources.assets	8494	MonoBehaviour	dialogLineSets[9].dialogLines[2].dialogText	I'm going to need a moment here...
resources.assets	8494	MonoBehaviour	dialogLineSets[10].dialogLines[0].dialogText	Whew!▸▸▸▸▸ Man,▸▸▸▸▸ this shit is exhausting!
resources.assets	8494	MonoBehaviour	dialogLineSets[10].dialogLines[1].dialogText	I really need to do more cardio...
resources.assets	8494	MonoBehaviour	dialogLineSets[10].dialogLines[2].dialogText	Uhhh,▸▸▸▸▸ you look tired...▸▸▸▸▸▸▸▸▸▸ I'll give you a break.
resources.assets	8494	MonoBehaviour	dialogLineSets[11].dialogLines[0].dialogText	Phew!▸▸▸▸▸▸▸▸▸▸ I need to work on my stamina...
resources.assets	8494	MonoBehaviour	dialogLineSets[11].dialogLines[1].dialogText	Oooo!▸▸[hhh]▸▸▸▸▸ You really know how to tire a girl out...
resources.assets	8494	MonoBehaviour	dialogLineSets[11].dialogLines[2].dialogText	Uhh,▸▸ s-▸▸sorry!▸▸▸[hh]▸▸▸ I thought I could handle that...
resources.assets	8494	MonoBehaviour	dialogLineSets[12].dialogLines[0].dialogText	Whew!▸▸▸▸▸ Oh, you're just too much for me!
resources.assets	8494	MonoBehaviour	dialogLineSets[12].dialogLines[1].dialogText	Whew! My heart beats too fast around you!
resources.assets	8494	MonoBehaviour	dialogLineSets[12].dialogLines[2].dialogText	I think I got a case of the vapours!
resources.assets	8494	MonoBehaviour	dialogLineSets[13].dialogLines[0].dialogText	Annnnd now I'm exhausted![hh]
resources.assets	8494	MonoBehaviour	dialogLineSets[13].dialogLines[1].dialogText	THIS▸▸ is why you gotta keep an eye on stamina!
resources.assets	8494	MonoBehaviour	dialogLineSets[14].dialogLines[0].dialogText	Is THIS▸▸▸▸▸ how you intend to woo us!?
resources.assets	8494	MonoBehaviour	dialogLineSets[14].dialogLines[1].dialogText	My pussy is BONE dry!
resources.assets	8494	MonoBehaviour	dialogLineSets[14].dialogLines[2].dialogText	Finish him off,▸▸ Jewn!
resources.assets	8494	MonoBehaviour	dialogLineSets[14].dialogLines[2].yuriDialogText	Finish her off, Jewn!
resources.assets	8494	MonoBehaviour	dialogLineSets[15].dialogLines[0].dialogText	Trying▸▸▸[hh] to tire us out won't work![hh]
resources.assets	8494	MonoBehaviour	dialogLineSets[15].dialogLines[1].dialogText	My disappointment▸▸▸▸▸ is immeasurable!
resources.assets	8494	MonoBehaviour	dialogLineSets[15].dialogLines[2].dialogText	Moxie,▸▸▸▸▸ dispose of this REJECT!
resources.assets	8495	MonoBehaviour	dialogLineSets[0].dialogLines[0].dialogText	This is the STAMINA_RECOVERED dialog trigger.
resources.assets	8495	MonoBehaviour	dialogLineSets[1].dialogLines[0].dialogText	I think I'm getting my second wind!
resources.assets	8495	MonoBehaviour	dialogLineSets[1].dialogLines[1].dialogText	Back in action! Miss me?
resources.assets	8495	MonoBehaviour	dialogLineSets[1].dialogLines[2].dialogText	Okay,▸▸▸▸▸ time to get back in the game!
resources.assets	8495	MonoBehaviour	dialogLineSets[2].dialogLines[0].dialogText	Go easy on me!▸▸▸▸▸▸▸ I'm no spring chicken.
resources.assets	8495	MonoBehaviour	dialogLineSets[2].dialogLines[1].dialogText	[ahem]▸▸▸▸▸▸▸Let's give this another shot...
resources.assets	8495	MonoBehaviour	dialogLineSets[2].dialogLines[2].dialogText	Okay, that's my last break...▸▸▸▸▸ promise!
resources.assets	8495	MonoBehaviour	dialogLineSets[3].dialogLines[0].dialogText	Still breathing over here!▸▸▸[hh]▸▸▸ For now,▸▸ anyway...
resources.assets	8495	MonoBehaviour	dialogLineSets[3].dialogLines[1].dialogText	I'm ready to like,▸▸▸ keep going or whatever...
resources.assets	8495	MonoBehaviour	dialogLineSets[3].dialogLines[2].dialogText	Yeah,▸▸ I'm back...[hh] unfortunately.
resources.assets	8495	MonoBehaviour	dialogLineSets[4].dialogLines[0].dialogText	I feel that my stamina has fully recovered!
resources.assets	8495	MonoBehaviour	dialogLineSets[4].dialogLines[1].dialogText	I am now prepared to resume our date!
resources.assets	8495	MonoBehaviour	dialogLineSets[4].dialogLines[2].dialogText	Refreshed▸▸▸▸▸▸▸▸▸▸ and revitalized!▸▸▸▸▸▸▸▸▸▸▸▸▸▸▸ Shall we continue?
resources.assets	8495	MonoBehaviour	dialogLineSets[5].dialogLines[0].dialogText	Ready when you are!
resources.assets	8495	MonoBehaviour	dialogLineSets[5].dialogLines[1].dialogText	Hey!▸▸▸▸▸ Pay attention to me too![h]
resources.assets	8495	MonoBehaviour	dialogLineSets[5].dialogLines[2].dialogText	Look!▸ Look!▸▸▸ I'm all good now and stuff!
resources.assets	8495	MonoBehaviour	dialogLineSets[6].dialogLines[0].dialogText	Okay!▸▸▸▸▸ I'm feeling much better now!
resources.assets	8495	MonoBehaviour	dialogLineSets[6].dialogLines[1].dialogText	Thanks for waiting for me!
resources.assets	8495	MonoBehaviour	dialogLineSets[6].dialogLines[2].dialogText	I'm here if you need me!
resources.assets	8495	MonoBehaviour	dialogLineSets[7].dialogLines[0].dialogText	Hey!▸▸▸▸▸[hh]▸▸▸▸▸ I ain't even tired no more!
resources.assets	8495	MonoBehaviour	dialogLineSets[7].dialogLines[1].dialogText	Can I play with you guys again?
resources.assets	8495	MonoBehaviour	dialogLineSets[7].dialogLines[2].dialogText	Ready or not,▸▸▸▸ here I come![hh]
resources.assets	8495	MonoBehaviour	dialogLineSets[8].dialogLines[0].dialogText	O▸▸kay, o▸▸kay,▸▸▸▸▸ I'm good now.
resources.assets	8495	MonoBehaviour	dialogLineSets[8].dialogLines[1].dialogText	Da[a]mn,▸▸▸▸▸▸▸▸▸▸▸▸▸▸▸ not sure what happened back there...
resources.assets	8495	MonoBehaviour	dialogLineSets[8].dialogLines[2].dialogText	We still doin' this thing or what?
resources.assets	8495	MonoBehaviour	dialogLineSets[9].dialogLines[0].dialogText	Lost my composure for a bit!
resources.assets	8495	MonoBehaviour	dialogLineSets[9].dialogLines[1].dialogText	Al▸▸right,▸▸ I think I've recovered now...
resources.assets	8495	MonoBehaviour	dialogLineSets[9].dialogLines[2].dialogText	I trust you haven't forgotten about me?
resources.assets	8495	MonoBehaviour	dialogLineSets[10].dialogLines[0].dialogText	Alright!▸▸▸▸▸ Where were we?
resources.assets	8495	MonoBehaviour	dialogLineSets[10].dialogLines[1].dialogText	Everybody relax! I'm back, I'm back.
resources.assets	8495	MonoBehaviour	dialogLineSets[10].dialogLines[2].dialogText	Wooooww,▸▸▸▸▸ you survived without me?
resources.assets	8495	MonoBehaviour	dialogLineSets[11].dialogLines[0].dialogText	I very much appreciate your patience!
resources.assets	8495	MonoBehaviour	dialogLineSets[11].dialogLines[1].dialogText	You▸▸▸ waited for me?▸▸▸▸▸▸▸▸▸▸ Uh,▸▸▸▸▸ thank you!
resources.assets	8495	MonoBehaviour	dialogLineSets[11].dialogLines[2].dialogText	I think I'm ready to rejoin you now!
resources.assets	8495	MonoBehaviour	dialogLineSets[12].dialogLines[0].dialogText	Alright!▸[hh]▸▸▸▸ Who's ready for me?
resources.assets	8495	MonoBehaviour	dialogLineSets[12].dialogLines[1].dialogText	I▸▸ AL▸▸READY▸▸ missed▸▸ you guys!
resources.assets	8495	MonoBehaviour	dialogLineSets[12].dialogLines[2].dialogText	This girl has▸▸ ALL▸▸ her▸▸ energy back![k]
resources.assets	8495	MonoBehaviour	dialogLineSets[13].dialogLines[0].dialogText	If you can't win▸▸ THIS▸▸ date,▸▸▸▸▸▸▸▸▸▸ we're in trouble...
resources.assets	8495	MonoBehaviour	dialogLineSets[13].dialogLines[1].dialogText	Come▸▸ on,▸▸ hurry up!▸▸ I wanna see titties!
resources.assets	8495	MonoBehaviour	dialogLineSets[14].dialogLines[0].dialogText	Let's put an end to this Jewn!
resources.assets	8495	MonoBehaviour	dialogLineSets[14].dialogLines[1].dialogText	This is as FAR as you get with US!
resources.assets	8495	MonoBehaviour	dialogLineSets[14].dialogLines[2].dialogText	You'll have only your OWN hand!
resources.assets	8495	MonoBehaviour	dialogLineSets[15].dialogLines[0].dialogText	Accept your fate, mortal!
resources.assets	8495	MonoBehaviour	dialogLineSets[15].dialogLines[1].dialogText	You haven't seen ANYTHING yet!
resources.assets	8495	MonoBehaviour	dialogLineSets[15].dialogLines[2].dialogText	There's nothing you can do to stop us!
resources.assets	8496	MonoBehaviour	dialogLineSets[0].dialogLines[0].dialogText	AAAAAAAAAAAAAAA
resources.assets	8496	MonoBehaviour	dialogLineSets[1].dialogLines[0].dialogText	aaaa hhhh
resources.assets	8496	MonoBehaviour	dialogLineSets[1].dialogLines[1].dialogText	aaaa hhhh
resources.assets	8496	MonoBehaviour	dialogLineSets[1].dialogLines[2].dialogText	aaaa  hhhh
resources.assets	8496	MonoBehaviour	dialogLineSets[2].dialogLines[0].dialogText	mmhhmm
resources.assets	8496	MonoBehaviour	dialogLineSets[2].dialogLines[1].dialogText	mmaahhmm
resources.assets	8496	MonoBehaviour	dialogLineSets[2].dialogLines[2].dialogText	mmaahhmm
resources.assets	8496	MonoBehaviour	dialogLineSets[3].dialogLines[0].dialogText	aaaa   hhhh
resources.assets	8496	MonoBehaviour	dialogLineSets[3].dialogLines[1].dialogText	mmhhmmh
resources.assets	8496	MonoBehaviour	dialogLineSets[3].dialogLines[2].dialogText	oooo  hh
resources.assets	8496	MonoBehaviour	dialogLineSets[4].dialogLines[0].dialogText	oooo  hhhh
resources.assets	8496	MonoBehaviour	dialogLineSets[4].dialogLines[1].dialogText	aaaa hhhh
resources.assets	8496	MonoBehaviour	dialogLineSets[4].dialogLines[2].dialogText	hhmm
resources.assets	8496	MonoBehaviour	dialogLineSets[5].dialogLines[0].dialogText	aaaa hhhh
resources.assets	8496	MonoBehaviour	dialogLineSets[5].dialogLines[1].dialogText	oooaa  hhh
resources.assets	8496	MonoBehaviour	dialogLineSets[5].dialogLines[2].dialogText	aaaa  hh
resources.assets	8496	MonoBehaviour	dialogLineSets[6].dialogLines[0].dialogText	aaaa hhhh
resources.assets	8496	MonoBehaviour	dialogLineSets[6].dialogLines[1].dialogText	aaaa   hhhh
resources.assets	8496	MonoBehaviour	dialogLineSets[6].dialogLines[2].dialogText	aaaa  hhhh
resources.assets	8496	MonoBehaviour	dialogLineSets[7].dialogLines[0].dialogText	aaaa    hh
resources.assets	8496	MonoBehaviour	dialogLineSets[7].dialogLines[1].dialogText	aaaa  hhhh
resources.assets	8496	MonoBehaviour	dialogLineSets[7].dialogLines[2].dialogText	ooooaaaa
resources.assets	8496	MonoBehaviour	dialogLineSets[8].dialogLines[0].dialogText	mm hhmhh
resources.assets	8496	MonoBehaviour	dialogLineSets[8].dialogLines[1].dialogText	oooo hh
resources.assets	8496	MonoBehaviour	dialogLineSets[8].dialogLines[2].dialogText	uuuuhh
resources.assets	8496	MonoBehaviour	dialogLineSets[9].dialogLines[0].dialogText	mmmm
resources.assets	8496	MonoBehaviour	dialogLineSets[9].dialogLines[1].dialogText	ooohh
resources.assets	8496	MonoBehaviour	dialogLineSets[9].dialogLines[2].dialogText	mmmmhhmm
resources.assets	8496	MonoBehaviour	dialogLineSets[10].dialogLines[0].dialogText	aaaa hhhh
resources.assets	8496	MonoBehaviour	dialogLineSets[10].dialogLines[1].dialogText	mmmm hhhh
resources.assets	8496	MonoBehaviour	dialogLineSets[10].dialogLines[2].dialogText	aaaa hhhh
resources.assets	8496	MonoBehaviour	dialogLineSets[11].dialogLines[0].dialogText	aaaa    hh
resources.assets	8496	MonoBehaviour	dialogLineSets[11].dialogLines[1].dialogText	oooohhhh
resources.assets	8496	MonoBehaviour	dialogLineSets[11].dialogLines[2].dialogText	aaaa    hh
resources.assets	8496	MonoBehaviour	dialogLineSets[12].dialogLines[0].dialogText	aaaa  hh
resources.assets	8496	MonoBehaviour	dialogLineSets[12].dialogLines[1].dialogText	aaaa  hh
resources.assets	8496	MonoBehaviour	dialogLineSets[12].dialogLines[2].dialogText	aaaa  hh
resources.assets	8496	MonoBehaviour	dialogLineSets[14].dialogLines[0].dialogText	aaaa  hhhh
resources.assets	8496	MonoBehaviour	dialogLineSets[14].dialogLines[1].dialogText	aaaa   hhhh
resources.assets	8496	MonoBehaviour	dialogLineSets[14].dialogLines[2].dialogText	aaaa  hhhh
resources.assets	8496	MonoBehaviour	dialogLineSets[15].dialogLines[0].dialogText	aaaa   hhhh
resources.assets	8496	MonoBehaviour	dialogLineSets[15].dialogLines[1].dialogText	aaaa    hhhh
resources.assets	8496	MonoBehaviour	dialogLineSets[15].dialogLines[2].dialogText	aaaa    hhhh
resources.assets	8497	MonoBehaviour	dialogLineSets[0].dialogLines[0].dialogText	AAAAAAAAAAAAAAA
resources.assets	8497	MonoBehaviour	dialogLineSets[1].dialogLines[0].dialogText	aaaa  hhhh
resources.assets	8497	MonoBehaviour	dialogLineSets[1].dialogLines[1].dialogText	aaaa   hhhh
resources.assets	8497	MonoBehaviour	dialogLineSets[1].dialogLines[2].dialogText	aaaa  hhhh
resources.assets	8497	MonoBehaviour	dialogLineSets[2].dialogLines[0].dialogText	aahh
resources.assets	8497	MonoBehaviour	dialogLineSets[2].dialogLines[1].dialogText	mmhhmm
resources.assets	8497	MonoBehaviour	dialogLineSets[2].dialogLines[2].dialogText	oohh
resources.assets	8497	MonoBehaviour	dialogLineSets[3].dialogLines[0].dialogText	aaaa  hhh
resources.assets	8497	MonoBehaviour	dialogLineSets[3].dialogLines[1].dialogText	oooo  hhh
resources.assets	8497	MonoBehaviour	dialogLineSets[3].dialogLines[2].dialogText	oohh  hh
resources.assets	8497	MonoBehaviour	dialogLineSets[4].dialogLines[0].dialogText	hhmm
resources.assets	8497	MonoBehaviour	dialogLineSets[4].dialogLines[1].dialogText	oooo
resources.assets	8497	MonoBehaviour	dialogLineSets[4].dialogLines[2].dialogText	ssshit hh
resources.assets	8497	MonoBehaviour	dialogLineSets[5].dialogLines[0].dialogText	aaaahh  hh
resources.assets	8497	MonoBehaviour	dialogLineSets[5].dialogLines[1].dialogText	aaaa  hh
resources.assets	8497	MonoBehaviour	dialogLineSets[5].dialogLines[2].dialogText	hhaahh  hh
resources.assets	8497	MonoBehaviour	dialogLineSets[6].dialogLines[0].dialogText	aaaa  hhhh
resources.assets	8497	MonoBehaviour	dialogLineSets[6].dialogLines[1].dialogText	aaaa hhhh
resources.assets	8497	MonoBehaviour	dialogLineSets[6].dialogLines[2].dialogText	aaaa hhhh
resources.assets	8497	MonoBehaviour	dialogLineSets[7].dialogLines[0].dialogText	aaaa   hhhh
resources.assets	8497	MonoBehaviour	dialogLineSets[7].dialogLines[1].dialogText	aaaoo   hh
resources.assets	8497	MonoBehaviour	dialogLineSets[7].dialogLines[2].dialogText	oohhahhh
resources.assets	8497	MonoBehaviour	dialogLineSets[8].dialogLines[0].dialogText	oooooohh hh
resources.assets	8497	MonoBehaviour	dialogLineSets[8].dialogLines[1].dialogText	oooohh
resources.assets	8497	MonoBehaviour	dialogLineSets[8].dialogLines[2].dialogText	mm hhmhh
resources.assets	8497	MonoBehaviour	dialogLineSets[9].dialogLines[0].dialogText	aaaahh
resources.assets	8497	MonoBehaviour	dialogLineSets[9].dialogLines[1].dialogText	aaaa    hh
resources.assets	8497	MonoBehaviour	dialogLineSets[9].dialogLines[2].dialogText	aaaahh
resources.assets	8497	MonoBehaviour	dialogLineSets[10].dialogLines[0].dialogText	aaaa   hhhh
resources.assets	8497	MonoBehaviour	dialogLineSets[10].dialogLines[1].dialogText	aaaa hhhh
resources.assets	8497	MonoBehaviour	dialogLineSets[10].dialogLines[2].dialogText	aaaa hhhh
resources.assets	8497	MonoBehaviour	dialogLineSets[11].dialogLines[0].dialogText	aaaa  hhhh
resources.assets	8497	MonoBehaviour	dialogLineSets[11].dialogLines[1].dialogText	oooo  hhhh
resources.assets	8497	MonoBehaviour	dialogLineSets[11].dialogLines[2].dialogText	yeah  hh
resources.assets	8497	MonoBehaviour	dialogLineSets[12].dialogLines[0].dialogText	aaaa  hh
resources.assets	8497	MonoBehaviour	dialogLineSets[12].dialogLines[1].dialogText	aaaa hhh
resources.assets	8497	MonoBehaviour	dialogLineSets[12].dialogLines[2].dialogText	aaaa  hhh
resources.assets	8497	MonoBehaviour	dialogLineSets[14].dialogLines[0].dialogText	aaaaaa    hhhh
resources.assets	8497	MonoBehaviour	dialogLineSets[14].dialogLines[1].dialogText	aaaa  hhhh
resources.assets	8497	MonoBehaviour	dialogLineSets[14].dialogLines[2].dialogText	aaaa   hhhh
resources.assets	8497	MonoBehaviour	dialogLineSets[15].dialogLines[0].dialogText	aaaa hhhh
resources.assets	8497	MonoBehaviour	dialogLineSets[15].dialogLines[1].dialogText	oooo hhhh
resources.assets	8497	MonoBehaviour	dialogLineSets[15].dialogLines[2].dialogText	aaaa  hhhh
resources.assets	8498	MonoBehaviour	dialogLineSets[0].dialogLines[0].dialogText	AAAAAAAAAAAAAAA
resources.assets	8498	MonoBehaviour	dialogLineSets[1].dialogLines[0].dialogText	aaaa  hhhh
resources.assets	8498	MonoBehaviour	dialogLineSets[1].dialogLines[1].dialogText	aaaa  hhhh
resources.assets	8498	MonoBehaviour	dialogLineSets[1].dialogLines[2].dialogText	aaaa   hhhh
resources.assets	8498	MonoBehaviour	dialogLineSets[2].dialogLines[0].dialogText	aaaa hh
resources.assets	8498	MonoBehaviour	dialogLineSets[2].dialogLines[1].dialogText	aahhaahh  hh
resources.assets	8498	MonoBehaviour	dialogLineSets[2].dialogLines[2].dialogText	aahhaahh    hh
resources.assets	8498	MonoBehaviour	dialogLineSets[3].dialogLines[0].dialogText	aahh  oh
resources.assets	8498	MonoBehaviour	dialogLineSets[3].dialogLines[1].dialogText	mmhh  hm  aa
resources.assets	8498	MonoBehaviour	dialogLineSets[3].dialogLines[2].dialogText	hhaaaa  hh
resources.assets	8498	MonoBehaviour	dialogLineSets[4].dialogLines[0].dialogText	yes more hh
resources.assets	8498	MonoBehaviour	dialogLineSets[4].dialogLines[1].dialogText	hhmm
resources.assets	8498	MonoBehaviour	dialogLineSets[4].dialogLines[2].dialogText	aaaa  hhhh
resources.assets	8498	MonoBehaviour	dialogLineSets[5].dialogLines[0].dialogText	aaaaa   hhh
resources.assets	8498	MonoBehaviour	dialogLineSets[5].dialogLines[1].dialogText	hhaaaa    hhh
resources.assets	8498	MonoBehaviour	dialogLineSets[5].dialogLines[2].dialogText	dont stop hh
resources.assets	8498	MonoBehaviour	dialogLineSets[6].dialogLines[0].dialogText	aaaa hhhh
resources.assets	8498	MonoBehaviour	dialogLineSets[6].dialogLines[1].dialogText	aaaa hhhh
resources.assets	8498	MonoBehaviour	dialogLineSets[6].dialogLines[2].dialogText	aaaa hhhh
resources.assets	8498	MonoBehaviour	dialogLineSets[7].dialogLines[0].dialogText	aaaa   hhhh
resources.assets	8498	MonoBehaviour	dialogLineSets[7].dialogLines[1].dialogText	aaaa   hhhh
resources.assets	8498	MonoBehaviour	dialogLineSets[7].dialogLines[2].dialogText	aaaa   yeah hh
resources.assets	8498	MonoBehaviour	dialogLineSets[8].dialogLines[0].dialogText	  aaaaa  hhh
resources.assets	8498	MonoBehaviour	dialogLineSets[8].dialogLines[1].dialogText	mmaahhmmhh
resources.assets	8498	MonoBehaviour	dialogLineSets[8].dialogLines[2].dialogText	oooaaa  hh
resources.assets	8498	MonoBehaviour	dialogLineSets[9].dialogLines[0].dialogText	aaaahhah
resources.assets	8498	MonoBehaviour	dialogLineSets[9].dialogLines[1].dialogText	aaaoooohhh
resources.assets	8498	MonoBehaviour	dialogLineSets[9].dialogLines[2].dialogText	yyyess
resources.assets	8498	MonoBehaviour	dialogLineSets[10].dialogLines[0].dialogText	aaaa  hhhh
resources.assets	8498	MonoBehaviour	dialogLineSets[10].dialogLines[1].dialogText	fuck  hhhh
resources.assets	8498	MonoBehaviour	dialogLineSets[10].dialogLines[2].dialogText	aaaa hhhh
resources.assets	8498	MonoBehaviour	dialogLineSets[11].dialogLines[0].dialogText	oh god hh
resources.assets	8498	MonoBehaviour	dialogLineSets[11].dialogLines[1].dialogText	hhhh  aaaa
resources.assets	8498	MonoBehaviour	dialogLineSets[11].dialogLines[2].dialogText	aaaa  hhhh
resources.assets	8498	MonoBehaviour	dialogLineSets[12].dialogLines[0].dialogText	aaaa  hhh
resources.assets	8498	MonoBehaviour	dialogLineSets[12].dialogLines[1].dialogText	aaaa  hhh
resources.assets	8498	MonoBehaviour	dialogLineSets[12].dialogLines[2].dialogText	aaaa  hhh
resources.assets	8498	MonoBehaviour	dialogLineSets[14].dialogLines[0].dialogText	aaaa aaaa    hhhh
resources.assets	8498	MonoBehaviour	dialogLineSets[14].dialogLines[1].dialogText	aaaa  aaaa    hhhh
resources.assets	8498	MonoBehaviour	dialogLineSets[14].dialogLines[2].dialogText	mmmm aaaa   hhhh
resources.assets	8498	MonoBehaviour	dialogLineSets[15].dialogLines[0].dialogText	aaaa hh    hhhh
resources.assets	8498	MonoBehaviour	dialogLineSets[15].dialogLines[1].dialogText	aaaa hh    hhhh
resources.assets	8498	MonoBehaviour	dialogLineSets[15].dialogLines[2].dialogText	aaaa  hhhh
resources.assets	8499	MonoBehaviour	dialogLineSets[0].dialogLines[0].dialogText	AAAAAAAAAAAAAAA
resources.assets	8499	MonoBehaviour	dialogLineSets[1].dialogLines[0].dialogText	   aaaa  hhhh
resources.assets	8499	MonoBehaviour	dialogLineSets[1].dialogLines[1].dialogText	aaaa   aa  hhhh
resources.assets	8499	MonoBehaviour	dialogLineSets[1].dialogLines[2].dialogText	aaaa   hhhh
resources.assets	8499	MonoBehaviour	dialogLineSets[2].dialogLines[0].dialogText	aaaa  hh
resources.assets	8499	MonoBehaviour	dialogLineSets[2].dialogLines[1].dialogText	aaaahhaa    hh
resources.assets	8499	MonoBehaviour	dialogLineSets[2].dialogLines[2].dialogText	aaaa  hh
resources.assets	8499	MonoBehaviour	dialogLineSets[3].dialogLines[0].dialogText	ooaaaahh  hh
resources.assets	8499	MonoBehaviour	dialogLineSets[3].dialogLines[1].dialogText	hhooaahhaa    hh
resources.assets	8499	MonoBehaviour	dialogLineSets[3].dialogLines[2].dialogText	aaaahh    hhhh
resources.assets	8499	MonoBehaviour	dialogLineSets[4].dialogLines[0].dialogText	oh yeah  hh
resources.assets	8499	MonoBehaviour	dialogLineSets[4].dialogLines[1].dialogText	aaaa  hhhh
resources.assets	8499	MonoBehaviour	dialogLineSets[4].dialogLines[2].dialogText	aahhaa  hh
resources.assets	8499	MonoBehaviour	dialogLineSets[5].dialogLines[0].dialogText	oohh yeeaahh  hh
resources.assets	8499	MonoBehaviour	dialogLineSets[5].dialogLines[1].dialogText	aaaa  hhhh
resources.assets	8499	MonoBehaviour	dialogLineSets[5].dialogLines[2].dialogText	aaaahhaa   hhh
resources.assets	8499	MonoBehaviour	dialogLineSets[6].dialogLines[0].dialogText	aaaa  hhhh
resources.assets	8499	MonoBehaviour	dialogLineSets[6].dialogLines[1].dialogText	aaaa   hhhh
resources.assets	8499	MonoBehaviour	dialogLineSets[6].dialogLines[2].dialogText	aaaa    hhhh
resources.assets	8499	MonoBehaviour	dialogLineSets[7].dialogLines[0].dialogText	aaaahh
resources.assets	8499	MonoBehaviour	dialogLineSets[7].dialogLines[1].dialogText	aaaahhhhah
resources.assets	8499	MonoBehaviour	dialogLineSets[7].dialogLines[2].dialogText	aaaaha   hhh
resources.assets	8499	MonoBehaviour	dialogLineSets[8].dialogLines[0].dialogText	aaaaaa  hhh
resources.assets	8499	MonoBehaviour	dialogLineSets[8].dialogLines[1].dialogText	aaaaaa  hhh
resources.assets	8499	MonoBehaviour	dialogLineSets[8].dialogLines[2].dialogText	aaaaaa  hh
resources.assets	8499	MonoBehaviour	dialogLineSets[9].dialogLines[0].dialogText	aaaahhah
resources.assets	8499	MonoBehaviour	dialogLineSets[9].dialogLines[1].dialogText	aaa  yes
resources.assets	8499	MonoBehaviour	dialogLineSets[9].dialogLines[2].dialogText	aaaoohhhh
resources.assets	8499	MonoBehaviour	dialogLineSets[10].dialogLines[0].dialogText	aaaa   hhhh
resources.assets	8499	MonoBehaviour	dialogLineSets[10].dialogLines[1].dialogText	aaaa   hhhh
resources.assets	8499	MonoBehaviour	dialogLineSets[10].dialogLines[2].dialogText	aaaa  hhhh
resources.assets	8499	MonoBehaviour	dialogLineSets[11].dialogLines[0].dialogText	aaaa
resources.assets	8499	MonoBehaviour	dialogLineSets[11].dialogLines[1].dialogText	aaaa  hh
resources.assets	8499	MonoBehaviour	dialogLineSets[11].dialogLines[2].dialogText	aaaa hhhh
resources.assets	8499	MonoBehaviour	dialogLineSets[12].dialogLines[0].dialogText	aa hh  aa  hh
resources.assets	8499	MonoBehaviour	dialogLineSets[12].dialogLines[1].dialogText	aaaa   hhh
resources.assets	8499	MonoBehaviour	dialogLineSets[12].dialogLines[2].dialogText	ooaaoohh hh
resources.assets	8499	MonoBehaviour	dialogLineSets[14].dialogLines[0].dialogText	aaaaaa    hhhh
resources.assets	8499	MonoBehaviour	dialogLineSets[14].dialogLines[1].dialogText	aaaa  hhhh
resources.assets	8499	MonoBehaviour	dialogLineSets[14].dialogLines[2].dialogText	aaaa   hhhh
resources.assets	8499	MonoBehaviour	dialogLineSets[15].dialogLines[0].dialogText	aaaa  hhhh
resources.assets	8499	MonoBehaviour	dialogLineSets[15].dialogLines[1].dialogText	aaaa hh  hhhh
resources.assets	8499	MonoBehaviour	dialogLineSets[15].dialogLines[2].dialogText	aaaa    hhhh
resources.assets	8500	MonoBehaviour	dialogLineSets[0].dialogLines[0].dialogText	AAAAAAAAAAAA     AAAAAAAAAAAA     AAAAAAAAAAAA     AAAAAAAAAAAA     AAAAAAAAAAAAAAAAA
resources.assets	8500	MonoBehaviour	dialogLineSets[1].dialogLines[0].dialogText	aaaa    aaaa    hhhhhhhh hhhh   aaaa    aaaaaaaaaaaa ▸▸▸▸▸▸▸▸▸▸▸▸▸▸▸▸▸▸▸▸▸▸▸▸▸▸▸▸▸▸▸▸▸▸▸▸▸▸▸▸▸▸▸▸▸▸▸▸▸▸
resources.assets	8500	MonoBehaviour	dialogLineSets[2].dialogLines[0].dialogText	aaaaaa hh    aahhaa hh    aaaa    aaaa    aaaaaaaaaaaa ▸▸▸▸▸▸▸▸▸▸▸▸▸▸▸▸▸▸▸▸▸▸▸▸▸▸▸▸▸▸▸▸▸▸▸▸▸▸▸▸▸▸▸▸▸▸▸▸▸▸
resources.assets	8500	MonoBehaviour	dialogLineSets[3].dialogLines[0].dialogText	aaa  hh  yeah  hh  aaa  hh    yeah  hh    aaaaaaaaaaaa ▸▸▸▸▸▸▸▸▸▸▸▸▸▸▸▸▸▸▸▸▸▸▸▸▸▸▸▸▸▸▸▸▸▸▸▸▸▸▸▸▸▸▸▸▸▸▸▸▸▸
resources.assets	8500	MonoBehaviour	dialogLineSets[4].dialogLines[0].dialogText	yes hh    yes hh    yes hh      aaaa hh       aaaaaaaaaaaa ▸▸▸▸▸▸▸▸▸▸▸▸▸▸▸▸▸▸▸▸▸▸▸▸▸▸▸▸▸▸▸▸▸▸▸▸▸▸▸▸▸▸▸▸▸▸▸▸▸▸
resources.assets	8500	MonoBehaviour	dialogLineSets[5].dialogLines[0].dialogText	aaaa hh aaaa hh aaaa hhhh  aaaa hhhh     ssuuggooiiaaaaaaaaaa ▸▸▸▸▸▸▸▸▸▸▸▸▸▸▸▸▸▸▸▸▸▸▸▸▸▸▸▸▸▸▸▸▸▸▸▸▸▸▸▸▸▸▸▸▸▸▸▸▸▸
resources.assets	8500	MonoBehaviour	dialogLineSets[6].dialogLines[0].dialogText	aaaa  aaaa  aaaa  aaaa  aaaa  aaaa   aaaaaaaaaaaa ▸▸▸▸▸▸▸▸▸▸▸▸▸▸▸▸▸▸▸▸▸▸▸▸▸▸▸▸▸▸▸▸▸▸▸▸▸▸▸▸▸▸▸▸▸▸▸▸▸▸
resources.assets	8500	MonoBehaviour	dialogLineSets[7].dialogLines[0].dialogText	aaa hh  aaa hh   aaa hh  aaa hh  aaa  hh   aaaaaaaaaaaa ▸▸▸▸▸▸▸▸▸▸▸▸▸▸▸▸▸▸▸▸▸▸▸▸▸▸▸▸▸▸▸▸▸▸▸▸▸▸▸▸▸▸▸▸▸▸▸▸▸▸
resources.assets	8500	MonoBehaviour	dialogLineSets[8].dialogLines[0].dialogText	aaaa hhhh  aaaa hhhh    aaaa   hhhh     aaaaaaaaaaaa ▸▸▸▸▸▸▸▸▸▸▸▸▸▸▸▸▸▸▸▸▸▸▸▸▸▸▸▸▸▸▸▸▸▸▸▸▸▸▸▸▸▸▸▸▸▸▸▸▸▸
resources.assets	8500	MonoBehaviour	dialogLineSets[9].dialogLines[0].dialogText	yes   hhh    yes   hhh    yes   hhh    aaaaaaaaaaaa ▸▸▸▸▸▸▸▸▸▸▸▸▸▸▸▸▸▸▸▸▸▸▸▸▸▸▸▸▸▸▸▸▸▸▸▸▸▸▸▸▸▸▸▸▸▸▸▸▸▸
resources.assets	8500	MonoBehaviour	dialogLineSets[10].dialogLines[0].dialogText	aaaa  aaaa    aaaaaa    hhhh      aaaaaaaaaaaa ▸▸▸▸▸▸▸▸▸▸▸▸▸▸▸▸▸▸▸▸▸▸▸▸▸▸▸▸▸▸▸▸▸▸▸▸▸▸▸▸▸▸▸▸▸▸▸▸▸▸
resources.assets	8500	MonoBehaviour	dialogLineSets[11].dialogLines[0].dialogText	aaaa    aaaa    oooo    aaaa      aaaaaaaaaaaa ▸▸▸▸▸▸▸▸▸▸▸▸▸▸▸▸▸▸▸▸▸▸▸▸▸▸▸▸▸▸▸▸▸▸▸▸▸▸▸▸▸▸▸▸▸▸▸▸▸▸
resources.assets	8500	MonoBehaviour	dialogLineSets[12].dialogLines[0].dialogText	aahh hh aa hhaa   aaaa  aaa    aaaaaaaaaaaa ▸▸▸▸▸▸▸▸▸▸▸▸▸▸▸▸▸▸▸▸▸▸▸▸▸▸▸▸▸▸▸▸▸▸▸▸▸▸▸▸▸▸▸▸▸▸▸▸▸▸
resources.assets	8500	MonoBehaviour	dialogLineSets[14].dialogLines[0].dialogText	aaaa  oooo   oooo    hhhh  aaaa    aaaaaaaaaaaa ▸▸▸▸▸▸▸▸▸▸▸▸▸▸▸▸▸▸▸▸▸▸▸▸▸▸▸▸▸▸▸▸▸▸▸▸▸▸▸▸▸▸▸▸▸▸▸▸▸▸
resources.assets	8500	MonoBehaviour	dialogLineSets[15].dialogLines[0].dialogText	aaaa hhhh hhhh hhhh aaaa aaaa aaaa aaaaaaaaaaaa ▸▸▸▸▸▸▸▸▸▸▸▸▸▸▸▸▸▸▸▸▸▸▸▸▸▸▸▸▸▸▸▸▸▸▸▸▸▸▸▸▸▸▸▸▸▸▸▸▸▸
resources.assets	8501	MonoBehaviour	dialogLineSets[0].dialogLines[0].dialogText	This is the GREETING_MORNING dialog trigger.
resources.assets	8501	MonoBehaviour	dialogLineSets[1].dialogLines[0].dialogText	Another day,▸▸▸ another dollar!
resources.assets	8501	MonoBehaviour	dialogLineSets[1].dialogLines[1].dialogText	No time to waste,▸▸▸▸▸ let's get this day started!
resources.assets	8501	MonoBehaviour	dialogLineSets[2].dialogLines[0].dialogText	Why am I so horny today?▸▸▸▸▸ Is that just me?
resources.assets	8501	MonoBehaviour	dialogLineSets[2].dialogLines[1].dialogText	Ahhhh...▸▸▸▸▸▸▸▸▸▸ this vacation is EXACTLY what I needed.
resources.assets	8501	MonoBehaviour	dialogLineSets[3].dialogLines[0].dialogText	Ughh... morning again?[h]▸▸▸[hh]▸▸ Why couldn't I die in my sleep?[h]
resources.assets	8501	MonoBehaviour	dialogLineSets[3].dialogLines[1].dialogText	[aaaahh]...huh?
resources.assets	8501	MonoBehaviour	dialogLineSets[4].dialogLines[0].dialogText	We are blessed with another bright and shining day.
resources.assets	8501	MonoBehaviour	dialogLineSets[4].dialogLines[1].dialogText	May the butterfly queen smile upon us each and every morning...
resources.assets	8501	MonoBehaviour	dialogLineSets[5].dialogLines[0].dialogText	Oh▸▸▸ay▸▸▸o▸▸▸▸▸ Go▸▸▸zai▸▸[eeee]▸▸ma▸▸▸su![hh]▸▸▸▸▸ Orrr, uhhh... something like that![h]
resources.assets	8501	MonoBehaviour	dialogLineSets[5].dialogLines[1].dialogText	Good morning![hh]▸▸▸▸▸ Did ya sleep well? Huh?  Did ya? Well, I did![h]
resources.assets	8501	MonoBehaviour	dialogLineSets[6].dialogLines[0].dialogText	I hope you're finding everything at Love Lei resort to your liking!
resources.assets	8501	MonoBehaviour	dialogLineSets[6].dialogLines[1].dialogText	Good morning!▸▸▸▸▸ It's another beautiful day on Inna De Poona!
resources.assets	8501	MonoBehaviour	dialogLineSets[7].dialogLines[0].dialogText	[aaaahh]▸▸▸▸▸[aah]▸▸▸▸▸▸▸▸▸▸ Oop▸▸sie...▸▸▸▸▸[hh]▸▸▸▸▸[hh] I stayed up all night again...[h]
resources.assets	8501	MonoBehaviour	dialogLineSets[7].dialogLines[1].dialogText	Mornin'!▸▸▸▸▸▸▸▸▸▸ Don't I look pretty today?
resources.assets	8501	MonoBehaviour	dialogLineSets[8].dialogLines[0].dialogText	Not a bad day,▸▸▸ huh?▸▸▸▸▸▸▸▸▸▸▸▸ Shit,▸▸[hh]▸▸ any day I wake up outside of a cell is a good day to me.
resources.assets	8501	MonoBehaviour	dialogLineSets[8].dialogLines[1].dialogText	It's kinda hard to be homesick when you're waking up to this clear blue sky every day.
resources.assets	8501	MonoBehaviour	dialogLineSets[9].dialogLines[0].dialogText	Another bright and shining day away from my husband!
resources.assets	8501	MonoBehaviour	dialogLineSets[9].dialogLines[1].dialogText	Just getting up, slackers?▸▸▸▸▸▸▸▸ I've been up for hours now!
resources.assets	8501	MonoBehaviour	dialogLineSets[10].dialogLines[0].dialogText	Mornin', sugartits!
resources.assets	8501	MonoBehaviour	dialogLineSets[10].dialogLines[1].dialogText	Well, look who it is!▸▸▸▸▸ Those people whose names I remember!
resources.assets	8501	MonoBehaviour	dialogLineSets[11].dialogLines[0].dialogText	Ahhh, I feel so lucky to be able to wake up in this beautiful paradise every morning!
resources.assets	8501	MonoBehaviour	dialogLineSets[11].dialogLines[1].dialogText	Good morning!▸▸▸▸▸ Boob-▸▸▸▸▸err-▸▸▸▸▸ I mean, uhh, [h]b-beautiful day,▸▸ isn't it?[heh]
resources.assets	8501	MonoBehaviour	dialogLineSets[12].dialogLines[0].dialogText	I'm never gonna get anything done with THESE two distracting me!▸▸▸▸▸▸▸▸▸▸▸▸▸▸▸
resources.assets	8501	MonoBehaviour	dialogLineSets[12].dialogLines[1].dialogText	Oh, perfect timing!▸▸▸▸▸ I just finished putting my face on.
resources.assets	8502	MonoBehaviour	dialogLineSets[0].dialogLines[0].dialogText	This is the GREETING_AFTERNOON dialog trigger.
resources.assets	8502	MonoBehaviour	dialogLineSets[1].dialogLines[0].dialogText	Did you have a productive morning so far?▸▸▸▸▸▸▸ I know I did!▸▸▸
resources.assets	8502	MonoBehaviour	dialogLineSets[1].dialogLines[1].dialogText	I hope you're making the most out of this gorgeous day!
resources.assets	8502	MonoBehaviour	dialogLineSets[2].dialogLines[0].dialogText	Oh, hey!▸▸▸▸▸▸▸▸▸▸ I was just thinking about you two.▸▸▸▸▸▸▸▸▸▸ Innocent thoughts, of course!▸▸[hhaahhaahhaa]
resources.assets	8502	MonoBehaviour	dialogLineSets[2].dialogLines[1].dialogText	Staying out of trouble you two?▸▸▸▸▸ I certainly hope not!
resources.assets	8502	MonoBehaviour	dialogLineSets[3].dialogLines[0].dialogText	Ummm,▸▸ could it▸▸▸▸▸ BE▸▸▸▸▸ hot▸▸ter?▸▸▸[hh]▸▸▸[hh]▸▸ I fucking hate summer...[h]
resources.assets	8502	MonoBehaviour	dialogLineSets[3].dialogLines[1].dialogText	Oh▸▸▸▸▸▸▸▸▸▸ my▸▸▸▸▸▸▸▸▸▸ GOOOOD...[h]▸▸▸▸▸[hh] how much longer do I have to be on this island?
resources.assets	8502	MonoBehaviour	dialogLineSets[4].dialogLines[0].dialogText	Greetings...
resources.assets	8502	MonoBehaviour	dialogLineSets[4].dialogLines[1].dialogText	It's always a good feeling to see some familiar faces.
resources.assets	8502	MonoBehaviour	dialogLineSets[5].dialogLines[0].dialogText	Hi hi hi hi hi hi HIIII!![h]
resources.assets	8502	MonoBehaviour	dialogLineSets[5].dialogLines[1].dialogText	Mmm!▸▸▸ Kon▸▸▸ichi▸▸▸wa!▸▸▸▸▸ That means hi,▸▸▸▸▸ in case you didn't know.
resources.assets	8502	MonoBehaviour	dialogLineSets[6].dialogLines[0].dialogText	It's such a lovely day today, isn't it?▸▸ The sun feels so nice...▸▸▸▸▸
resources.assets	8502	MonoBehaviour	dialogLineSets[6].dialogLines[1].dialogText	Good to see you!▸▸▸▸▸▸▸▸▸▸▸▸▸▸▸ Do you two have any fun activities planned for today?
resources.assets	8502	MonoBehaviour	dialogLineSets[7].dialogLines[0].dialogText	[ah]Hi▸▸ there,▸▸▸[hh] I'm Canda-▸▸▸▸▸▸▸▸▸▸ Oh,[hoho]▸▸ wait...▸▸▸▸▸▸▸▸▸▸▸▸▸ I▸▸▸▸▸ know▸▸▸▸▸ you!▸▸▸▸▸▸▸▸▸▸▸▸▸▸▸[hahahaha]▸▸[hhhh]
resources.assets	8502	MonoBehaviour	dialogLineSets[7].dialogLines[1].dialogText	Good mornin'!▸▸▸▸▸[hh]▸▸▸▸▸ Waaaaiitt...▸▸▸▸▸ is it still mornin'?
resources.assets	8502	MonoBehaviour	dialogLineSets[8].dialogLines[0].dialogText	Fin▸▸▸ally...▸▸▸▸▸▸▸▸▸▸ just got done cleanin' my rooms for the day.
resources.assets	8502	MonoBehaviour	dialogLineSets[8].dialogLines[1].dialogText	My cousin▸▸ Kyanna▸▸▸ would▸▸ LO[OO]VE it out here.▸▸▸[hh]▸▸▸ She could never afford it though...
resources.assets	8502	MonoBehaviour	dialogLineSets[9].dialogLines[0].dialogText	Why▸▸▸ hel▸lo▸▸▸ again!▸▸▸▸▸▸▸▸▸▸▸▸ I'm glad to see you're still staying with us.
resources.assets	8502	MonoBehaviour	dialogLineSets[9].dialogLines[1].dialogText	Phew,▸▸▸▸▸▸▸ it's a hot one today!▸▸▸▸▸▸▸▸▸▸▸▸▸▸▸ Worst part about big tits?▸▸▸▸▸▸▸▸▸▸ Underboob sweat...[t]
resources.assets	8502	MonoBehaviour	dialogLineSets[10].dialogLines[0].dialogText	Hey sluts!
resources.assets	8502	MonoBehaviour	dialogLineSets[10].dialogLines[1].dialogText	...and here I was thinking I might just stay out of trouble today.▸▸▸▸▸▸▸▸▸▸ So much for that!
resources.assets	8502	MonoBehaviour	dialogLineSets[11].dialogLines[0].dialogText	Oh,▸▸▸▸▸▸▸▸▸▸ hello!▸▸▸▸▸▸▸▸▸▸▸▸▸▸▸ I didn't think I'd be running into you two this afternoon.
resources.assets	8502	MonoBehaviour	dialogLineSets[11].dialogLines[1].dialogText	Does anyone need any sunblock?▸▸ I'd be happy to help,▸▸▸▸▸▸▸▸▸▸ uhh...▸▸▸▸▸ r-▸▸▸▸▸rub it on you...[hh]
resources.assets	8502	MonoBehaviour	dialogLineSets[12].dialogLines[0].dialogText	Hey▸▸▸ gal▸▸▸ pa[a]ls![s]▸▸▸▸▸▸▸▸▸▸[hahaha]▸▸[hhhh]▸▸▸ That's my channel intro.▸▸▸▸▸ It's simple,▸▸ but the gal pals love it!
resources.assets	8502	MonoBehaviour	dialogLineSets[12].dialogLines[1].dialogText	Look at the three of us!▸▸ Are we adorable together, or are we adorable together?
resources.assets	8503	MonoBehaviour	dialogLineSets[0].dialogLines[0].dialogText	This is the GREETING_EVENING dialog trigger.
resources.assets	8503	MonoBehaviour	dialogLineSets[1].dialogLines[0].dialogText	How's it going you two?▸▸▸▸▸ Hangin' in there?
resources.assets	8503	MonoBehaviour	dialogLineSets[1].dialogLines[1].dialogText	Have you seen the reflection of the sunset on the water?▸▸ It's beautiful!▸▸
resources.assets	8503	MonoBehaviour	dialogLineSets[2].dialogLines[0].dialogText	I swear,▸▸▸▸▸ you two get sexier every time I see you!
resources.assets	8503	MonoBehaviour	dialogLineSets[2].dialogLines[1].dialogText	Let's go somewhere where I won't get in trouble for smoking.[hh]▸▸▸ I'm dying for a cigarette.
resources.assets	8503	MonoBehaviour	dialogLineSets[3].dialogLines[0].dialogText	Oh,▸▸ hey...▸▸[hh]▸▸ can you like,▸▸▸ hang on a second?▸▸▸[hh]▸▸▸ My friend just texted me...
resources.assets	8503	MonoBehaviour	dialogLineSets[3].dialogLines[1].dialogText	I'm▸▸▸▸▸ SO,▸▸▸▸▸▸▸ FUCKING,▸▸▸▸▸▸▸ BOOOORREED...[hh]▸▸▸▸▸[hh] why▸▸ is there never▸▸ anything to do?
resources.assets	8503	MonoBehaviour	dialogLineSets[4].dialogLines[0].dialogText	Ahh,▸▸▸▸▸▸▸▸▸▸ you're right on time.▸▸▸▸▸▸▸▸▸▸ I thought you'd be arriving about now...
resources.assets	8503	MonoBehaviour	dialogLineSets[4].dialogLines[1].dialogText	I had a feeling I'd be seeing you two this evening...
resources.assets	8503	MonoBehaviour	dialogLineSets[5].dialogLines[0].dialogText	Du du du du▸▸▸ duu▸▸ duu▸▸ duu▸▸ duuuu![hh]▸▸▸▸▸ Hel[h]lo!
resources.assets	8503	MonoBehaviour	dialogLineSets[5].dialogLines[1].dialogText	Ni▸▸▸▸ Hao![hh]▸▸▸▸▸▸▸▸ Wait...▸▸ no, that doesn't sound right...[hh]
resources.assets	8503	MonoBehaviour	dialogLineSets[6].dialogLines[0].dialogText	Hello again!▸▸▸▸▸▸▸▸▸▸▸▸▸▸▸ If there's anything I can do for you, don't hesitate to ask!
resources.assets	8503	MonoBehaviour	dialogLineSets[6].dialogLines[1].dialogText	Good evening!▸▸▸▸▸ Welcome to Love Le- Oh,▸▸▸▸▸[haha]▸▸▸▸▸ wait, sorry,[haha]▸▸▸▸▸ I'm so used to saying that...
resources.assets	8503	MonoBehaviour	dialogLineSets[7].dialogLines[0].dialogText	The sun's goin' away!▸▸▸▸▸ Bye bye Mr. Sun!▸▸[h]
resources.assets	8503	MonoBehaviour	dialogLineSets[7].dialogLines[1].dialogText	Yay!▸▸▸▸▸[hh]▸▸▸ My friends are here!▸▸▸▸▸▸▸▸[hahahaha]▸▸[hh]
resources.assets	8503	MonoBehaviour	dialogLineSets[8].dialogLines[0].dialogText	Da▸▸▸mn,▸▸▸▸▸ you guys again?▸▸▸▸▸▸▸▸▸▸▸▸ You got some kinda trackin' device on me or somethin'?
resources.assets	8503	MonoBehaviour	dialogLineSets[8].dialogLines[1].dialogText	[h]▸[hahahahaha]▸[hahahaha]▸▸▸▸▸[hh]Oh,▸▸ hmm?▸▸▸ Oh,▸▸ sorry...▸▸[hh]▸▸ my cousin just texted me a funny picture of her kid.
resources.assets	8503	MonoBehaviour	dialogLineSets[9].dialogLines[0].dialogText	Ah[hhh]h,▸▸▸ per▸▸fect![t]▸▸▸▸▸▸▸ Just the two I wanted to see!
resources.assets	8503	MonoBehaviour	dialogLineSets[9].dialogLines[1].dialogText	Sometimes I look out over this sprawling resort and think...[k]▸▸▸▸▸▸▸▸▸▸ ehh,▸▸▸▸▸▸▸▸ I could do better.
resources.assets	8503	MonoBehaviour	dialogLineSets[10].dialogLines[0].dialogText	Still here,▸▸▸▸▸ huh?▸▸▸▸▸▸▸▸▸▸ I was startin' to think you pussed out and flew home.▸▸▸▸▸
resources.assets	8503	MonoBehaviour	dialogLineSets[10].dialogLines[1].dialogText	I was wondering when I'd be seein' that sorry excuse for a face again!
resources.assets	8503	MonoBehaviour	dialogLineSets[11].dialogLines[0].dialogText	Did...▸▸▸▸▸ uhh,▸▸▸▸▸ did you two come to visit▸▸ [h]m-▸▸me?▸▸▸▸▸
resources.assets	8503	MonoBehaviour	dialogLineSets[11].dialogLines[1].dialogText	Gahh!▸▸▸▸▸ Oh,▸▸ h-▸▸▸▸▸hi!▸▸▸▸▸▸▸▸▸▸ I Uhh,▸▸▸▸▸▸▸▸▸▸ I wasn't doing anything!▸▸▸▸▸ I just had an...▸▸▸▸▸ itch,▸▸▸▸▸ down there!▸▸[heh]
resources.assets	8503	MonoBehaviour	dialogLineSets[12].dialogLines[0].dialogText	I didn't expect to see you two here!▸▸[hh]▸▸▸ Oh, I hope my makeup is okay![h]
resources.assets	8503	MonoBehaviour	dialogLineSets[12].dialogLines[1].dialogText	What do you think about this hair style?▸▸▸▸▸▸▸▸▸▸ You think it goes with my outfit?
resources.assets	8504	MonoBehaviour	dialogLineSets[0].dialogLines[0].dialogText	This is the GREETING_NIGHT dialog trigger.
resources.assets	8504	MonoBehaviour	dialogLineSets[1].dialogLines[0].dialogText	The day just flies by when you're enjoying yourself,▸▸ doesn't it?
resources.assets	8504	MonoBehaviour	dialogLineSets[1].dialogLines[1].dialogText	[aaaaaaaa]I might need to get another coffee to keep me going!
resources.assets	8504	MonoBehaviour	dialogLineSets[2].dialogLines[0].dialogText	[aaaaaa]▸▸▸▸▸▸▸▸▸▸▸▸▸▸▸I wonder what my daughter is up to right now...
resources.assets	8504	MonoBehaviour	dialogLineSets[2].dialogLines[1].dialogText	Come on!▸▸▸▸▸▸▸▸▸▸▸▸▸▸▸ Unlike me,▸▸▸▸▸ the night is still young!▸▸[hahahaha]▸▸[hhhh]
resources.assets	8504	MonoBehaviour	dialogLineSets[3].dialogLines[0].dialogText	I wish it would just stay this dark out forever...
resources.assets	8504	MonoBehaviour	dialogLineSets[3].dialogLines[1].dialogText	Is there like a party we can go to or something?
resources.assets	8504	MonoBehaviour	dialogLineSets[4].dialogLines[0].dialogText	The stars...▸▸▸▸▸▸▸▸▸▸▸▸▸▸▸ they shine so beautifully tonight,▸▸▸▸▸▸▸ do they not?
resources.assets	8504	MonoBehaviour	dialogLineSets[4].dialogLines[1].dialogText	Mmm,▸▸▸▸▸▸▸ yes...▸▸▸▸▸▸▸▸▸▸▸▸▸▸▸ I believe the moon foretold of our meeting tonight.
resources.assets	8504	MonoBehaviour	dialogLineSets[5].dialogLines[0].dialogText	There you guys are!▸▸▸ I was looking everywhere for you two![h]
resources.assets	8504	MonoBehaviour	dialogLineSets[5].dialogLines[1].dialogText	[aaaaaahh]▸▸[hh]▸▸▸▸▸Awwww!▸▸▸ I don't wanna go to bed yet![h]
resources.assets	8504	MonoBehaviour	dialogLineSets[6].dialogLines[0].dialogText	Please be careful walking around at night!▸▸▸▸▸▸▸▸▸▸ Be sure to stay on illuminated pathways.
resources.assets	8504	MonoBehaviour	dialogLineSets[6].dialogLines[1].dialogText	Don't you just love how clear and bright the stars look from the island?
resources.assets	8504	MonoBehaviour	dialogLineSets[7].dialogLines[0].dialogText	Wait...▸▸▸▸▸[hh]▸▸ did I have work to▸▸▸night?▸▸▸▸▸[t]▸▸▸▸▸▸▸ I hope I don't get in trouble...
resources.assets	8504	MonoBehaviour	dialogLineSets[7].dialogLines[1].dialogText	Uhhhh...▸▸[hh]▸▸▸▸▸ did we go on a date yet?▸▸▸▸▸ I can't remember...
resources.assets	8504	MonoBehaviour	dialogLineSets[8].dialogLines[0].dialogText	Aye,▸▸▸▸▸▸▸▸ if either of you guys wanna party, I can get you some good shit...▸▸▸▸▸ Just sayin'...
resources.assets	8504	MonoBehaviour	dialogLineSets[8].dialogLines[1].dialogText	Da[a]mn,▸▸▸▸▸▸▸▸ you guys are still up too?▸▸▸▸▸ Does anybody fuckin' sleep on this island?
resources.assets	8504	MonoBehaviour	dialogLineSets[9].dialogLines[0].dialogText	Looking for something to do?▸▸▸▸▸▸▸▸ We have plenty of night time entertainment options!
resources.assets	8504	MonoBehaviour	dialogLineSets[9].dialogLines[1].dialogText	[aaaaaahh]▸▸▸▸▸▸▸I▸▸ have▸▸▸▸ no idea how people can stay up this late every night.▸▸[hh]
resources.assets	8504	MonoBehaviour	dialogLineSets[10].dialogLines[0].dialogText	I'm stuck with you two again tonight, huh?▸▸▸▸▸▸▸▸▸▸ [aaaa]▸▸▸▸▸▸▸▸▸▸▸▸▸ I guess I'll have to make do...
resources.assets	8504	MonoBehaviour	dialogLineSets[10].dialogLines[1].dialogText	It's kinda weird seeing you at night,▸▸ OUTSIDE of your apartment.▸▸[hahahaha]▸▸[hhhh]
resources.assets	8504	MonoBehaviour	dialogLineSets[11].dialogLines[0].dialogText	I can't believe I went all day without-▸▸▸▸▸▸▸▸▸▸ Wait,▸▸ no...▸▸▸▸▸ I forgot about this morning...[hh]▸▸▸▸▸ a-▸▸and this afternoon...
resources.assets	8504	MonoBehaviour	dialogLineSets[11].dialogLines[1].dialogText	This is my favorite time of the day.▸▸▸▸▸▸▸▸▸▸ It's about when my parents would go to bed.
resources.assets	8504	MonoBehaviour	dialogLineSets[12].dialogLines[0].dialogText	So,▸▸▸▸▸ mis▸▸▸ter,▸▸▸▸▸▸▸▸▸▸ what are your intentions for tonight, huh?
resources.assets	8504	MonoBehaviour	dialogLineSets[12].dialogLines[0].yuriDialogText	So,▸▸▸▸▸ little miss,▸▸▸▸▸▸▸▸▸▸ what are your intentions for tonight, huh?
resources.assets	8504	MonoBehaviour	dialogLineSets[12].dialogLines[1].dialogText	You guys thinkin' what I'm thinkin'?▸▸▸▸▸ Ladies night!▸▸▸▸▸[hh]▸▸▸▸▸ Plus one boy, of course!▸▸▸▸▸[hahaha]▸▸[hh]
resources.assets	8504	MonoBehaviour	dialogLineSets[12].dialogLines[1].yuriDialogText	You guys thinkin' what I'm thinkin'?[hh]▸▸▸▸▸ Ladies▸▸ night![hh]▸▸▸▸▸▸▸ No▸▸ boys▸▸ allowed!▸▸▸▸▸[hahaha]▸▸[hh]
resources.assets	8505	MonoBehaviour	dialogLineSets[0].dialogLines[0].dialogText	This is the ASK_DATE dialog trigger.
resources.assets	8505	MonoBehaviour	dialogLineSets[1].dialogLines[0].dialogText	I suppose I can squeeze a little bit of fun into my schedule!
resources.assets	8505	MonoBehaviour	dialogLineSets[1].dialogLines[1].dialogText	Damn,▸▸ I already like you too much to turn you down now!▸▸ [hahaha]▸▸▸▸▸[hhhh]
resources.assets	8505	MonoBehaviour	dialogLineSets[1].dialogLines[2].dialogText	If there's anything I've learned, it's to never turn down a potential opportunity!▸▸▸
resources.assets	8505	MonoBehaviour	dialogLineSets[1].dialogLines[3].dialogText	As long as we're on vacation, it'd be a shame not to, right?
resources.assets	8505	MonoBehaviour	dialogLineSets[2].dialogLines[0].dialogText	I'm not exactly the type to turn down a good time!
resources.assets	8505	MonoBehaviour	dialogLineSets[2].dialogLines[1].dialogText	I was wondering when somebody was gonna suggest something fun!▸▸▸
resources.assets	8505	MonoBehaviour	dialogLineSets[2].dialogLines[2].dialogText	Sure, why not?▸▸▸▸▸ After all,▸▸▸▸▸ what are vacations for?
resources.assets	8505	MonoBehaviour	dialogLineSets[2].dialogLines[3].dialogText	As long as you two sexy beasts are going,▸▸▸▸▸ you can count me in!
resources.assets	8505	MonoBehaviour	dialogLineSets[3].dialogLines[0].dialogText	I guess▸▸ anything's▸▸ better▸▸ than hanging around here!
resources.assets	8505	MonoBehaviour	dialogLineSets[3].dialogLines[1].dialogText	As long as I don't have to like,▸▸ do anything?▸▸▸[hh]▸▸▸ Then, I'll go.
resources.assets	8505	MonoBehaviour	dialogLineSets[3].dialogLines[2].dialogText	I mean...▸▸[hh]▸▸ if you guys are going,▸▸▸[hh]▸▸▸ I'm not gonna stay here by myself.
resources.assets	8505	MonoBehaviour	dialogLineSets[3].dialogLines[3].dialogText	Sure,▸▸▸▸▸ what▸▸ever...▸▸▸▸▸ I really don't care▸▸ either way.
resources.assets	8505	MonoBehaviour	dialogLineSets[4].dialogLines[0].dialogText	I▸▸▸▸▸▸▸ don't know why...▸▸▸▸▸▸▸▸▸▸ but I've got a good feeling about this one.
resources.assets	8505	MonoBehaviour	dialogLineSets[4].dialogLines[1].dialogText	Yes,▸▸▸▸▸▸▸▸▸▸ this is a perfect time.▸▸▸▸▸▸▸▸▸▸ The air is thick with the essence of love...
resources.assets	8505	MonoBehaviour	dialogLineSets[4].dialogLines[2].dialogText	May the butterfly queen grant us good fortune...▸▸▸▸▸▸▸▸▸▸▸▸▸▸▸ and▸▸ good▸▸ pussy...
resources.assets	8505	MonoBehaviour	dialogLineSets[4].dialogLines[3].dialogText	If that is what must be done...▸▸▸▸▸▸▸▸▸▸▸▸▸▸▸ then I will follow your lead.
resources.assets	8505	MonoBehaviour	dialogLineSets[5].dialogLines[0].dialogText	[aaaa]▸▸A date!?▸▸ Like,▸▸ a DATE date?▸▸ With you two?▸▸ Sugoii[iiii]ii![hh]
resources.assets	8505	MonoBehaviour	dialogLineSets[5].dialogLines[1].dialogText	Uhh[hh]hh...▸▸▸▸▸ mmmmmm...[h]▸▸▸ eh[hh]h[hh]h[hh]h▸▸▸[hh]...▸▸ O▸KAY!
resources.assets	8505	MonoBehaviour	dialogLineSets[5].dialogLines[2].dialogText	Sure!▸▸[hh]▸▸▸▸▸▸▸ Come on, let's go!▸▸▸▸▸ Come on, come on, come on![hh]
resources.assets	8505	MonoBehaviour	dialogLineSets[5].dialogLines[3].dialogText	Nn[nn]nnope![h]▸▸▸▸▸▸▸▸▸▸▸▸▸ Just▸▸ kidding!▸▸▸▸▸[haha]▸▸[hh]
resources.assets	8505	MonoBehaviour	dialogLineSets[6].dialogLines[0].dialogText	Okay!▸▸▸▸▸▸▸▸▸▸▸▸▸▸▸▸▸▸▸▸ As long as you don't think I'd be a bother,▸▸▸▸▸▸▸▸▸▸ I'd love to go with you two!
resources.assets	8505	MonoBehaviour	dialogLineSets[6].dialogLines[1].dialogText	I suppose it couldn't hurt to take a break and do something fun!
resources.assets	8505	MonoBehaviour	dialogLineSets[6].dialogLines[2].dialogText	It might be against policy to go out with customers...▸▸▸▸▸▸▸▸▸▸ but,▸▸▸▸▸ I think we can make an exception!
resources.assets	8505	MonoBehaviour	dialogLineSets[6].dialogLines[3].dialogText	[hahahaha]▸▸▸▸▸[hhhh]▸▸▸▸▸Sure!▸▸▸▸▸▸▸▸▸▸▸▸▸▸▸ After all,▸▸▸▸▸▸▸▸▸▸ it would be rude not to accept such a polite offer!
resources.assets	8505	MonoBehaviour	dialogLineSets[7].dialogLines[0].dialogText	Ok▸▸▸ay!▸▸▸▸▸▸▸▸▸▸ Sure!▸▸▸▸▸[hh]▸▸▸▸▸ That's awful sweet of ya to ask us out like that!
resources.assets	8505	MonoBehaviour	dialogLineSets[7].dialogLines[1].dialogText	Whatever▸▸ you▸▸ want,▸▸ handsome![hh]▸ I'd do anything for you!
resources.assets	8505	MonoBehaviour	dialogLineSets[7].dialogLines[1].yuriDialogText	Whatever you want, cutie-pie![hh]▸▸▸ I'd do anything for you!▸▸▸
resources.assets	8505	MonoBehaviour	dialogLineSets[7].dialogLines[2].dialogText	If you two are gonna go play together,[hh] I wanna play too!
resources.assets	8505	MonoBehaviour	dialogLineSets[7].dialogLines[3].dialogText	I usually get paid for datin'...▸▸[hh]▸▸▸▸▸ buuuutt,▸▸▸▸▸[hh]▸▸▸ I can do a freebie for ya!
resources.assets	8505	MonoBehaviour	dialogLineSets[8].dialogLines[0].dialogText	Hey,▸▸▸ you know what?▸▸▸▸▸ Fuck it!▸▸▸ Let's go.
resources.assets	8505	MonoBehaviour	dialogLineSets[8].dialogLines[1].dialogText	Hmmm,▸▸▸▸▸▸▸▸ should I?▸▸▸▸▸▸▸▸▸▸▸▸▸▸▸▸▸▸▸▸ I guess I got some time to kill...
resources.assets	8505	MonoBehaviour	dialogLineSets[8].dialogLines[2].dialogText	I don't usually go on too many dates,▸▸ but,▸▸ ehh...▸▸▸▸▸▸▸▸ it could be fun.
resources.assets	8505	MonoBehaviour	dialogLineSets[8].dialogLines[3].dialogText	Yeah,▸▸▸▸▸ okay▸▸ sure.▸▸▸▸▸▸▸▸▸▸▸▸ I mean,▸▸ what's the worst thing that could happen?
resources.assets	8505	MonoBehaviour	dialogLineSets[9].dialogLines[0].dialogText	Woooww[hh],▸▸ a date I'm not paying for!▸▸▸▸▸ What a novel concept!
resources.assets	8505	MonoBehaviour	dialogLineSets[9].dialogLines[1].dialogText	Of course I'll go!▸▸▸▸▸▸▸▸▸▸ I want to see where this leads...
resources.assets	8505	MonoBehaviour	dialogLineSets[9].dialogLines[2].dialogText	How▸▸▸▸▸ could I turn down such a well mannered request from such a well mannered young man?
resources.assets	8505	MonoBehaviour	dialogLineSets[9].dialogLines[2].yuriDialogText	How▸▸▸▸▸ could I turn down such a well mannered request from such a well mannered young woman?
resources.assets	8505	MonoBehaviour	dialogLineSets[9].dialogLines[3].dialogText	Think you can handle both of us?▸▸▸▸▸▸▸▸▸▸▸▸▸▸▸ I▸▸ guess▸▸ we'll▸▸ find▸▸ out...[t]
resources.assets	8505	MonoBehaviour	dialogLineSets[10].dialogLines[0].dialogText	Hey,▸▸▸▸▸ as long as you're paying!▸▸[hahahaha]▸▸[ha]
resources.assets	8505	MonoBehaviour	dialogLineSets[10].dialogLines[1].dialogText	I WAS gonna lay around and do nothing...▸▸▸▸▸ buuuutt...▸▸▸▸▸ I guess that can wait.
resources.assets	8505	MonoBehaviour	dialogLineSets[10].dialogLines[2].dialogText	Alright...▸▸▸▸▸▸▸▸▸▸ I'll play along with your little scheme...
resources.assets	8505	MonoBehaviour	dialogLineSets[10].dialogLines[3].dialogText	I suppose I can pencil you in to my extremely busy important person schedule...
resources.assets	8505	MonoBehaviour	dialogLineSets[11].dialogLines[0].dialogText	Yes!▸▸▸▸▸▸▸▸▸▸ Take me, please!▸▸▸▸▸ Uhh-▸▸▸▸▸ On the date,▸▸ I mean![hh]
resources.assets	8505	MonoBehaviour	dialogLineSets[11].dialogLines[1].dialogText	A date with three people?▸▸▸▸▸▸▸▸▸▸ I'm breaking all sorts of taboos lately...
resources.assets	8505	MonoBehaviour	dialogLineSets[11].dialogLines[2].dialogText	My family would NEVER approve of me dating...▸▸▸▸▸ but,▸▸▸ well...▸▸▸▸▸ they're not here!
resources.assets	8505	MonoBehaviour	dialogLineSets[11].dialogLines[3].dialogText	Really!?▸▸▸▸▸ Y-▸▸▸▸▸yeah!▸▸▸▸▸▸▸▸▸▸ I'd love to go!▸▸▸▸▸▸▸▸▸▸ Thank you for including me!
resources.assets	8505	MonoBehaviour	dialogLineSets[12].dialogLines[0].dialogText	I thought you'd never ask![hh]
resources.assets	8505	MonoBehaviour	dialogLineSets[12].dialogLines[1].dialogText	Miss a chance to go out with two lookers like you?▸▸▸[hh] Nev▸▸▸er!
resources.assets	8505	MonoBehaviour	dialogLineSets[12].dialogLines[2].dialogText	A▸ date▸ with two of my new favorite people?▸▸ Ab▸▸▸so▸▸▸lute▸▸ly!
resources.assets	8505	MonoBehaviour	dialogLineSets[12].dialogLines[3].dialogText	I was just about to propose the same thing![hh]▸▸ Shall▸▸ we?
resources.assets	8506	MonoBehaviour	dialogLineSets[0].dialogLines[0].dialogText	This is the VALEDICTION dialog trigger.
resources.assets	8506	MonoBehaviour	dialogLineSets[1].dialogLines[0].dialogText	We'll have to plan something later then, for sure!
resources.assets	8506	MonoBehaviour	dialogLineSets[1].dialogLines[1].dialogText	Yeah,▸▸▸▸▸ I should probably get going too.▸▸▸▸▸ Be seeing youse!
resources.assets	8506	MonoBehaviour	dialogLineSets[2].dialogLines[0].dialogText	Bye bye...
resources.assets	8506	MonoBehaviour	dialogLineSets[2].dialogLines[1].dialogText	See you soon...
resources.assets	8506	MonoBehaviour	dialogLineSets[3].dialogLines[0].dialogText	Whatever...[hh] I'm going back to bed.
resources.assets	8506	MonoBehaviour	dialogLineSets[3].dialogLines[1].dialogText	S[s]oo[oo]oo[oo]...▸▸ I guess we just met up for no reason?▸▸[hh]▸▸▸▸▸▸▸▸ Cool.▸▸
resources.assets	8506	MonoBehaviour	dialogLineSets[4].dialogLines[0].dialogText	You're leaving?▸▸▸▸▸▸▸▸▸▸ So soon?▸▸▸▸▸▸▸▸▸▸ [HH]Hmmm...▸▸▸▸▸▸▸▸▸▸▸▸▸▸▸ I'll have to trust your judgment.
resources.assets	8506	MonoBehaviour	dialogLineSets[4].dialogLines[1].dialogText	I▸▸▸ trust we'll be meeting again soon?
resources.assets	8506	MonoBehaviour	dialogLineSets[5].dialogLines[0].dialogText	[h]▸Say▸▸▸o▸▸▸nara!
resources.assets	8506	MonoBehaviour	dialogLineSets[5].dialogLines[1].dialogText	Awww,[hh]▸▸▸▸▸ you're leaving already?▸▸▸▸▸ But,▸▸ but,▸▸ we just got here...[hh]
resources.assets	8506	MonoBehaviour	dialogLineSets[6].dialogLines[0].dialogText	Have a wonderful rest of your day!
resources.assets	8506	MonoBehaviour	dialogLineSets[6].dialogLines[1].dialogText	Take care!▸▸▸▸▸▸▸▸▸▸▸▸▸▸▸ You know where to find me if you need anything!
resources.assets	8506	MonoBehaviour	dialogLineSets[7].dialogLines[0].dialogText	[AA]Aww[ww]ww![hh]▸▸▸▸▸ Come see me again real soon![hh]
resources.assets	8506	MonoBehaviour	dialogLineSets[7].dialogLines[1].dialogText	Don't forget,▸▸▸▸▸[hh]▸▸ it's two for one songs tomorrow night at the club!
resources.assets	8506	MonoBehaviour	dialogLineSets[8].dialogLines[0].dialogText	That's cool...▸▸▸▸▸ I gotta get back to work anyway.
resources.assets	8506	MonoBehaviour	dialogLineSets[8].dialogLines[1].dialogText	O[o]h[h]...▸▸▸▸▸ so,▸▸▸ we ain't like▸▸▸▸▸ chillin'▸▸▸ or▸▸ whatever?
resources.assets	8506	MonoBehaviour	dialogLineSets[9].dialogLines[0].dialogText	Toodle-▸oo[oo]!
resources.assets	8506	MonoBehaviour	dialogLineSets[9].dialogLines[1].dialogText	I suppose I ought to go and check on some of the guests.▸▸▸▸▸▸▸ Cheers!▸[s]
resources.assets	8506	MonoBehaviour	dialogLineSets[10].dialogLines[0].dialogText	Later sweet cheeks!
resources.assets	8506	MonoBehaviour	dialogLineSets[10].dialogLines[1].dialogText	Oh,▸▸▸▸▸ too busy for me?▸▸▸▸▸▸▸▸▸▸[hhaha]▸▸[hhhh]▸▸ Okay,▸▸▸▸▸ I see how it is!
resources.assets	8506	MonoBehaviour	dialogLineSets[11].dialogLines[0].dialogText	I look forward to our next meeting!
resources.assets	8506	MonoBehaviour	dialogLineSets[11].dialogLines[1].dialogText	Oh,▸▸▸▸▸ we're not going to?▸▸▸▸▸▸▸▸▸▸ Okay...
resources.assets	8506	MonoBehaviour	dialogLineSets[12].dialogLines[0].dialogText	Call▸▸ me[e]!▸▸▸▸▸▸▸▸[haha]▸▸[hh]
resources.assets	8506	MonoBehaviour	dialogLineSets[12].dialogLines[1].dialogText	Be sure to stay hydrated out there!
resources.assets	8507	MonoBehaviour	dialogLineSets[0].dialogLines[0].dialogText	This is the DATE_GREETING dialog trigger.
resources.assets	8507	MonoBehaviour	dialogLineSets[1].dialogLines[0].dialogText	This is just what I needed!▸▸▸▸▸ My shoulders have been tight for days now.
resources.assets	8507	MonoBehaviour	dialogLineSets[1].dialogLines[1].dialogText	All these wild fish colors and patterns are giving me new design ideas!
resources.assets	8507	MonoBehaviour	dialogLineSets[1].dialogLines[2].dialogText	You can't beat the feeling of sand between your toes!
resources.assets	8507	MonoBehaviour	dialogLineSets[1].dialogLines[3].dialogText	Last one in the pool buys the first round of drinks!▸▸[hahahaha]▸▸▸
resources.assets	8507	MonoBehaviour	dialogLineSets[1].dialogLines[4].dialogText	I don't play golf very often,▸▸▸▸▸ so it'll take some getting used to!
resources.assets	8507	MonoBehaviour	dialogLineSets[1].dialogLines[5].dialogText	There's probably a lot of wealthy people here...▸▸▸▸▸ could be a good networking opportunity!
resources.assets	8507	MonoBehaviour	dialogLineSets[1].dialogLines[6].dialogText	Is it just me,▸▸ or do you feel like you've heard this song before?
resources.assets	8507	MonoBehaviour	dialogLineSets[1].dialogLines[7].dialogText	Whoa,▸▸▸ deja▸▸ vu!▸▸▸▸▸▸▸▸▸▸ Didn't you take me to a casino a couple of years ago?
resources.assets	8507	MonoBehaviour	dialogLineSets[1].dialogLines[8].dialogText	I knew you could plan a romantic date but▸▸▸ THIS is really something else!
resources.assets	8507	MonoBehaviour	dialogLineSets[1].dialogLines[9].dialogText	Careful now,▸▸▸▸▸ one too many drinks and I'LL be the one up on that stage!▸▸[hahahaha]▸▸
resources.assets	8507	MonoBehaviour	dialogLineSets[1].dialogLines[10].dialogText	How'd you find out about this place?▸▸▸▸▸ It isn't on any of the tourist maps.▸▸▸
resources.assets	8507	MonoBehaviour	dialogLineSets[1].dialogLines[11].dialogText	Wow, would you look at that?▸▸▸▸▸ The view from this room is incredible...
resources.assets	8507	MonoBehaviour	dialogLineSets[2].dialogLines[0].dialogText	Oh▸▸ god...▸▸▸▸▸▸▸▸▸▸ this reminds me of a scene I once did.▸▸▸▸▸ We went through a LOT of oil that day.
resources.assets	8507	MonoBehaviour	dialogLineSets[2].dialogLines[1].dialogText	Awww,▸▸▸▸▸ this is nice.▸▸▸▸▸▸▸▸▸▸ Nobody ever takes me out on a cute date like this.
resources.assets	8507	MonoBehaviour	dialogLineSets[2].dialogLines[2].dialogText	Finally,▸▸▸▸▸ a nice quiet place we can just lay back and relax...
resources.assets	8507	MonoBehaviour	dialogLineSets[2].dialogLines[3].dialogText	I wonder if they have one of those HUGE cocktails you can order...
resources.assets	8507	MonoBehaviour	dialogLineSets[2].dialogLines[4].dialogText	I'm actually pretty good at golf, you know.▸▸▸▸▸ It's one of my MANY▸▸▸ hidden talents.▸▸▸▸▸[hahaha]
resources.assets	8507	MonoBehaviour	dialogLineSets[2].dialogLines[5].dialogText	You're never too old to get hammered on a boat!▸▸▸▸▸▸▸▸▸▸▸▸▸▸▸ I may have made that rule up...
resources.assets	8507	MonoBehaviour	dialogLineSets[2].dialogLines[6].dialogText	I love it up here.▸▸▸▸▸ Don't you?▸▸▸▸▸ You can see almost the entire resort!
resources.assets	8507	MonoBehaviour	dialogLineSets[2].dialogLines[7].dialogText	You know the best part about a casino?▸▸▸ Free▸▸ dri-▸▸▸▸▸ Wait...▸▸▸▸▸▸▸▸▸▸ did I already say that?
resources.assets	8507	MonoBehaviour	dialogLineSets[2].dialogLines[8].dialogText	This is the kind of date I always imagined being taken on.▸▸▸▸▸▸▸▸[hhaahh]▸[hh]▸▸▸▸▸▸▸▸▸▸ Better late than never!
resources.assets	8507	MonoBehaviour	dialogLineSets[2].dialogLines[9].dialogText	Ah,▸▸▸ the strip club,▸▸▸▸▸ my old stomping ground.▸▸▸▸▸ I was so innocent back then.▸▸[hahaha]
resources.assets	8507	MonoBehaviour	dialogLineSets[2].dialogLines[10].dialogText	So...▸▸▸▸▸ is clothing optional here?▸▸▸▸▸[hhmmhhmm]
resources.assets	8507	MonoBehaviour	dialogLineSets[2].dialogLines[11].dialogText	Wooooww,▸▸▸▸▸▸▸▸ you really went all out here,▸▸▸▸▸ didn't you?
resources.assets	8507	MonoBehaviour	dialogLineSets[3].dialogLines[0].dialogText	Oh good,▸▸▸ at least▸▸ I can go back to sleep here...
resources.assets	8507	MonoBehaviour	dialogLineSets[3].dialogLines[1].dialogText	I wish it was▸▸ me▸▸ floating in this tank right now...
resources.assets	8507	MonoBehaviour	dialogLineSets[3].dialogLines[2].dialogText	Okay,▸▸ well,▸▸ we're here,▸▸ soooo...▸▸ now what?[h]
resources.assets	8507	MonoBehaviour	dialogLineSets[3].dialogLines[3].dialogText	If I get my hair wet,▸▸▸▸▸ I'm gonna be like,▸▸▸ real▸ly pissed?[t]
resources.assets	8507	MonoBehaviour	dialogLineSets[3].dialogLines[4].dialogText	Ughh,▸▸ I should have brought an umbrella.[hh]▸▸▸▸▸ The sun▸▸▸ is like,▸▸▸▸▸ burn▸▸ing▸▸ my▸▸ fuck▸▸ing▸▸ skin.▸▸▸[h]
resources.assets	8507	MonoBehaviour	dialogLineSets[3].dialogLines[5].dialogText	Wouldn't it be funny if we sailed to the Bermuda Triangle▸▸ and▸▸ NEVER▸▸ came back?▸▸▸
resources.assets	8507	MonoBehaviour	dialogLineSets[3].dialogLines[6].dialogText	How▸▸ high▸▸ up are we?▸▸▸[hh]▸▸▸ Do you think you'd like,▸▸▸ die▸▸ if you jumped from up here?
resources.assets	8507	MonoBehaviour	dialogLineSets[3].dialogLines[7].dialogText	If this place is twenty-one and up,▸▸[hh]▸▸▸ don't worry,▸▸▸▸▸ I got a fake▸▸ I▸▸D.
resources.assets	8507	MonoBehaviour	dialogLineSets[3].dialogLines[8].dialogText	Oh my▸▸▸▸▸ GO[O]D...[h]▸▸ is this supposed to be like, ro▸▸man▸▸tic?▸▸▸[ah]▸[ha]▸▸▸ I think▸▸▸ I'm gonna▸▸ barf...▸▸
resources.assets	8507	MonoBehaviour	dialogLineSets[3].dialogLines[9].dialogText	O▸▸kaaaay...▸▸[hh]▸▸▸ this place▸▸ looks like▸▸▸▸▸▸▸ it MIGHT be cool...
resources.assets	8507	MonoBehaviour	dialogLineSets[3].dialogLines[10].dialogText	Fuck...▸▸ I can't drown myself in water this shallow.▸▸▸[hhh]▸▸▸▸▸[aahh]▸▸▸ Oh well...
resources.assets	8507	MonoBehaviour	dialogLineSets[3].dialogLines[11].dialogText	Do you think anybody was ever murdered in this room?▸▸[hh]▸▸▸▸▸ That'd be cool...
resources.assets	8507	MonoBehaviour	dialogLineSets[4].dialogLines[0].dialogText	What a beautiful spa...▸▸▸▸▸▸▸▸▸▸ a peaceful place to restore and reunify the body,▸▸▸▸▸ mind,▸▸▸▸▸ and spirit...
resources.assets	8507	MonoBehaviour	dialogLineSets[4].dialogLines[1].dialogText	I wish us all a wonderful date free of broken hearts,▸▸▸▸▸▸▸▸▸▸ and negative energy...
resources.assets	8507	MonoBehaviour	dialogLineSets[4].dialogLines[2].dialogText	Yes,▸▸▸▸▸▸▸▸▸▸▸▸▸▸▸ I▸▸ don't know why...▸▸▸▸▸▸▸▸▸▸ but this location resonates with me quite strongly...
resources.assets	8507	MonoBehaviour	dialogLineSets[4].dialogLines[3].dialogText	I rather dislike water...▸▸▸▸▸▸▸▸▸▸ but,▸▸▸▸▸▸▸▸▸▸ I should be okay,▸▸▸▸▸ as▸▸▸▸▸ long as it's not too deep.
resources.assets	8507	MonoBehaviour	dialogLineSets[4].dialogLines[4].dialogText	A competitive game?▸▸▸▸▸▸▸▸▸▸ Hmm...▸▸▸▸▸▸▸▸▸▸ what a curious choice for a date activity.
resources.assets	8507	MonoBehaviour	dialogLineSets[4].dialogLines[5].dialogText	I▸▸▸▸▸▸▸▸▸▸ don't like being surrounded by all this water...▸▸▸▸▸▸▸▸▸▸ but,▸▸▸▸▸ I will do what must be done.
resources.assets	8507	MonoBehaviour	dialogLineSets[4].dialogLines[6].dialogText	I▸▸ believe I've had▸▸▸ dreams about this place...▸▸▸▸▸▸▸▸▸▸ yes,▸▸▸▸▸▸▸▸▸▸ this location is somehow significant...
resources.assets	8507	MonoBehaviour	dialogLineSets[4].dialogLines[7].dialogText	I can tell...▸▸▸▸▸▸▸▸▸▸▸▸▸ bringing girls to a casino has brought you luck in the past,▸▸▸▸▸▸▸ has it not?
resources.assets	8507	MonoBehaviour	dialogLineSets[4].dialogLines[8].dialogText	I'm▸▸▸ rather curious to see all that the butterfly people have taught you...
resources.assets	8507	MonoBehaviour	dialogLineSets[4].dialogLines[9].dialogText	The▸▸▸ sexual energy▸▸▸ here▸▸▸ is so palpable▸▸▸▸▸ I can smell it...▸▸▸▸▸▸▸▸▸▸▸▸▸▸▸▸▸▸▸▸ that might just be the B.O. though.
resources.assets	8507	MonoBehaviour	dialogLineSets[4].dialogLines[10].dialogText	A hidden grotto...▸▸▸▸▸▸▸▸▸▸ fascinating.▸▸▸▸▸▸▸▸▸▸▸▸▸▸▸ It seems the perfect setting for...▸▸▸▸▸ intimate activities...
resources.assets	8507	MonoBehaviour	dialogLineSets[4].dialogLines[11].dialogText	Mmmm,▸▸▸▸▸ yes.▸▸▸▸▸▸▸▸▸▸ A wise location choice.▸▸▸▸▸▸▸▸▸▸ Many, many nuts have been bust here.
resources.assets	8507	MonoBehaviour	dialogLineSets[4].dialogLines[11].yuriDialogText	Mmmm,▸▸▸▸▸ yes.▸▸▸▸▸▸▸▸▸▸ A wise location choice.▸▸▸▸▸▸▸▸▸▸ Many, many sheets have been soiled here.
resources.assets	8507	MonoBehaviour	dialogLineSets[5].dialogLines[0].dialogText	Uh-oh,▸▸▸▸▸▸▸ I didn't know we were gonna relax...▸▸▸▸▸ I had three energy drinks!▸▸[s]
resources.assets	8507	MonoBehaviour	dialogLineSets[5].dialogLines[1].dialogText	This reminds me▸▸ of my fish▸▸ tank▸▸ at home!▸▸▸▸▸[hh]▸▸▸▸▸ 'Cept all of these fish are still alive...[hh]
resources.assets	8507	MonoBehaviour	dialogLineSets[5].dialogLines[2].dialogText	Hey, who got a bunch of sand in the bed!?▸▸▸▸▸▸▸ Oh,▸▸▸ that was me...[h]
resources.assets	8507	MonoBehaviour	dialogLineSets[5].dialogLines[3].dialogText	Last one in the pool is a rotten sticky smelly egg![h]
resources.assets	8507	MonoBehaviour	dialogLineSets[5].dialogLines[4].dialogText	I've seen EVERY episode of "My Girlfriend Is a Pro Golfer!?",▸▸ so this'll be EA[AAA]SY▸▸ PE[E]AS[A]Y!
resources.assets	8507	MonoBehaviour	dialogLineSets[5].dialogLines[5].dialogText	Uhhh,▸▸ can we go back to the hotel?▸▸ I forgot my sunglasses...
resources.assets	8507	MonoBehaviour	dialogLineSets[5].dialogLines[6].dialogText	Heeeeyy...[hh]▸▸▸▸▸[hh] this sorta looks like that one hentai I saw!▸▸▸▸▸ 'Cept everyone here is wearing clothes...
resources.assets	8507	MonoBehaviour	dialogLineSets[5].dialogLines[7].dialogText	I've never▸▸ been to an arcade like▸▸ this▸▸ before!▸▸▸▸▸▸▸▸▸▸▸▸▸ Do you think they have Dance Fiesta here!?
resources.assets	8507	MonoBehaviour	dialogLineSets[5].dialogLines[8].dialogText	Whoooa-▸▸▸ho-▸▸▸HO!▸▸▸▸▸[hh]▸▸▸▸▸ This is faa[aa]aan-▸▸▸cee!▸▸▸▸▸▸▸▸▸▸▸▸▸▸▸ With a capital F!▸▸▸▸▸ And a capital A!▸▸▸▸▸ And a capital...▸▸▸▸▸ the other letters!
resources.assets	8507	MonoBehaviour	dialogLineSets[5].dialogLines[9].dialogText	This is a really weird convention...▸▸▸▸▸ who are all these girls cosplaying as?
resources.assets	8507	MonoBehaviour	dialogLineSets[5].dialogLines[10].dialogText	It's just like the hot spring scene in the first episode of Poki Poki Swim Club!
resources.assets	8507	MonoBehaviour	dialogLineSets[5].dialogLines[11].dialogText	Pilllooow fiiiiiight![hh]▸▸▸▸▸[hehehehehehehehe]▸▸[hh]
resources.assets	8507	MonoBehaviour	dialogLineSets[6].dialogLines[0].dialogText	I'm a certified massage therapist too!▸▸▸▸▸ So,▸▸▸▸▸▸▸▸▸▸ who wants to go first?
resources.assets	8507	MonoBehaviour	dialogLineSets[6].dialogLines[1].dialogText	Don't you just love it here?▸▸▸▸▸▸▸▸▸▸▸▸▸▸▸ This is where I come on my breaks.
resources.assets	8507	MonoBehaviour	dialogLineSets[6].dialogLines[2].dialogText	I always forget about this beach!▸▸▸▸▸▸▸▸▸▸▸▸▸▸▸ I should really come here more often.
resources.assets	8507	MonoBehaviour	dialogLineSets[6].dialogLines[3].dialogText	I hope I don't get too wet!▸▸▸▸▸[haha]▸▸▸▸▸ I still have to go to work later.
resources.assets	8507	MonoBehaviour	dialogLineSets[6].dialogLines[4].dialogText	I suppose it's never too late to learn how to play a new game!
resources.assets	8507	MonoBehaviour	dialogLineSets[6].dialogLines[5].dialogText	I hope I'm not spotted by any of my co-workers out here.
resources.assets	8507	MonoBehaviour	dialogLineSets[6].dialogLines[6].dialogText	It feels a little strange being out here while I'm off the clock.▸▸[hahahaha]▸▸[hhhh]
resources.assets	8507	MonoBehaviour	dialogLineSets[6].dialogLines[7].dialogText	I'll do my best,▸▸▸▸▸▸▸▸▸▸ but I swear,▸▸▸▸▸▸▸▸▸▸▸▸▸▸▸ I have▸▸▸▸▸ the worst luck in the world...
resources.assets	8507	MonoBehaviour	dialogLineSets[6].dialogLines[8].dialogText	It's so pretty here.▸▸▸▸▸▸▸▸▸▸▸▸▸▸▸ I rarely ever get taken to places as nice as this.
resources.assets	8507	MonoBehaviour	dialogLineSets[6].dialogLines[9].dialogText	Oh my...▸▸▸▸▸▸▸▸▸▸▸▸▸▸▸ all the girls here are so pretty...▸▸▸▸▸ and so...▸▸▸▸▸▸▸▸▸▸ confident.
resources.assets	8507	MonoBehaviour	dialogLineSets[6].dialogLines[10].dialogText	Even though I work for the resort,▸▸▸▸▸ I almost never get to come here!
resources.assets	8507	MonoBehaviour	dialogLineSets[6].dialogLines[11].dialogText	Oh...▸▸▸▸▸▸▸▸▸▸ you reserved the royal suite?▸▸▸▸▸▸▸▸▸▸ What, uhhh...▸▸▸▸▸▸▸▸▸▸▸▸▸▸▸ what did you have in mind?
resources.assets	8507	MonoBehaviour	dialogLineSets[7].dialogLines[0].dialogText	I'm real good at givin' massages!▸▸[hh]▸▸▸▸▸ They ain't back massages though...
resources.assets	8507	MonoBehaviour	dialogLineSets[7].dialogLines[1].dialogText	[hahahaha]▸▸[hhhh]Look at all the fishies![s]
resources.assets	8507	MonoBehaviour	dialogLineSets[7].dialogLines[2].dialogText	You wanna see me climb that tree?▸▸▸▸▸ I got real▸▸ strong▸▸ legs!▸▸▸▸▸[s]
resources.assets	8507	MonoBehaviour	dialogLineSets[7].dialogLines[3].dialogText	Do they got floaties here?[hh]▸▸▸▸▸ I can't swim too good...[hh]
resources.assets	8507	MonoBehaviour	dialogLineSets[7].dialogLines[4].dialogText	[aa]▸▸Oh!▸▸[aa]▸▸ This'll be fun!▸▸▸▸▸ I'm real good at tennis![s]
resources.assets	8507	MonoBehaviour	dialogLineSets[7].dialogLines[5].dialogText	I got a little boat just like this in my bathtub![h]
resources.assets	8507	MonoBehaviour	dialogLineSets[7].dialogLines[6].dialogText	Waaaaiitt...▸▸▸▸▸ why are we here again?▸▸▸▸▸▸▸▸▸▸[hh] Oh,▸▸▸▸▸ right!▸▸[hh]▸▸ The date![t]
resources.assets	8507	MonoBehaviour	dialogLineSets[7].dialogLines[7].dialogText	I don't get how the slot machines are supposta work...[hh]▸▸▸▸▸ it's too hard...[h]
resources.assets	8507	MonoBehaviour	dialogLineSets[7].dialogLines[8].dialogText	Do they got a bathroom here?▸▸▸▸▸[hh]▸▸▸ I gotta,▸▸▸▸▸ uhhh...▸▸▸▸▸▸▸ powder my nose.[heh]
resources.assets	8507	MonoBehaviour	dialogLineSets[7].dialogLines[9].dialogText	Hey![hh]▸▸▸▸▸ This is where I work![h]▸▸▸▸▸ You wanna see me dance?[s]
resources.assets	8507	MonoBehaviour	dialogLineSets[7].dialogLines[10].dialogText	I hope my glitter don't come off in the water...
resources.assets	8507	MonoBehaviour	dialogLineSets[7].dialogLines[11].dialogText	Woooooww!▸▸[hh]▸▸▸▸▸ Now this here's a LOT fancier than the back alleyway!
resources.assets	8507	MonoBehaviour	dialogLineSets[8].dialogLines[0].dialogText	After cleanin' this place▸▸ so many times,▸▸▸▸▸▸▸ it's kinda cool to like,▸▸▸▸▸ use it.
resources.assets	8507	MonoBehaviour	dialogLineSets[8].dialogLines[1].dialogText	It's actually kinda cool in here,▸▸ you know?▸▸▸▸▸▸▸▸▸▸ I should come here more often.
resources.assets	8507	MonoBehaviour	dialogLineSets[8].dialogLines[2].dialogText	Real talk?▸▸▸▸▸▸▸▸▸▸ I ain't been on many dates...▸▸▸▸▸ so,▸▸▸▸▸ like,▸▸▸▸▸▸▸▸▸▸ I'm still tryna figure this shit out.
resources.assets	8507	MonoBehaviour	dialogLineSets[8].dialogLines[3].dialogText	Shiiiit...[t]▸▸▸▸▸▸▸▸ did I forget to add chlorine to the water yesterday?
resources.assets	8507	MonoBehaviour	dialogLineSets[8].dialogLines[4].dialogText	O▸▸kay,▸▸▸▸▸ I got like▸▸▸ no idea what the fuck▸▸ I'm doin' here.▸▸▸▸▸ You gotta teach me.
resources.assets	8507	MonoBehaviour	dialogLineSets[8].dialogLines[5].dialogText	I feel bad for whoever's gotta clean all the rooms on this fuckin' thing.
resources.assets	8507	MonoBehaviour	dialogLineSets[8].dialogLines[6].dialogText	I definitely don't mind sitting down after the fuckin' day I've had today...
resources.assets	8507	MonoBehaviour	dialogLineSets[8].dialogLines[7].dialogText	I ain't stupid enough to put my money in these things...▸▸▸▸▸▸▸▸▸▸ I'll just watch you guys.
resources.assets	8507	MonoBehaviour	dialogLineSets[8].dialogLines[8].dialogText	Da[aaa]mn...▸▸▸▸▸ none of my broke ass exes ever took me to a place like this.
resources.assets	8507	MonoBehaviour	dialogLineSets[8].dialogLines[9].dialogText	I thought about working here,▸▸▸▸ but,▸▸ nah.▸▸▸▸▸▸▸▸▸▸ I did a webcam gig for a while...▸▸▸▸▸ not really my thing.
resources.assets	8507	MonoBehaviour	dialogLineSets[8].dialogLines[10].dialogText	This is the only pool in the resort people ain't fuckin' peein' in all day...
resources.assets	8507	MonoBehaviour	dialogLineSets[8].dialogLines[11].dialogText	Yeah, the room looks nice now,▸▸ but you should see it when I have to clean it...
resources.assets	8507	MonoBehaviour	dialogLineSets[9].dialogLines[0].dialogText	I was JUST thinking I could do with some pampering...
resources.assets	8507	MonoBehaviour	dialogLineSets[9].dialogLines[1].dialogText	The aquarium cost a FORTUNE to build, but,▸▸▸▸▸ the guests do seem to enjoy it.
resources.assets	8507	MonoBehaviour	dialogLineSets[9].dialogLines[2].dialogText	Let's see what you're made of, kid!
resources.assets	8507	MonoBehaviour	dialogLineSets[9].dialogLines[3].dialogText	You'd be surprised just how buoyant silicone is!
resources.assets	8507	MonoBehaviour	dialogLineSets[9].dialogLines[4].dialogText	I should warn you,▸▸▸ I AM rich, which makes me automatically good at golf.
resources.assets	8507	MonoBehaviour	dialogLineSets[9].dialogLines[5].dialogText	This▸▸▸ reminds▸▸▸▸▸ me...▸▸▸▸▸▸▸▸▸▸ I need to get on my husband about buying a new yacht.
resources.assets	8507	MonoBehaviour	dialogLineSets[9].dialogLines[6].dialogText	Now▸▸ remem▸▸ber...▸▸▸▸▸ it's important to respect your elders and do what you're told!▸▸▸▸▸▸▸▸▸▸
resources.assets	8507	MonoBehaviour	dialogLineSets[9].dialogLines[7].dialogText	There's nothing like spending money at your own casino!▸▸▸▸▸ You can't lose!
resources.assets	8507	MonoBehaviour	dialogLineSets[9].dialogLines[8].dialogText	I've been on many,▸▸▸▸▸▸▸ MAN▸▸Y▸▸▸ up▸▸scale▸▸▸ dates.[s]▸▸▸▸▸▸▸ So[o],▸▸▸▸▸▸▸▸▸▸ your work is cut out for you!
resources.assets	8507	MonoBehaviour	dialogLineSets[9].dialogLines[9].dialogText	You like the girls?▸▸▸▸▸ I personally vet them all myself...
resources.assets	8507	MonoBehaviour	dialogLineSets[9].dialogLines[10].dialogText	So[o],▸▸ you found our little the secret, huh?▸▸▸▸▸▸▸▸▸▸ Just don't go telling ALL the guests!
resources.assets	8507	MonoBehaviour	dialogLineSets[9].dialogLines[11].dialogText	Ahhh,▸▸▸▸▸ the▸▸ ro▸▸yal▸▸▸▸ suite!▸[tt]▸▸▸▸▸▸▸▸▸ I probably reserve this room more than our guests do!
resources.assets	8507	MonoBehaviour	dialogLineSets[10].dialogLines[0].dialogText	Aww▸▸▸▸▸ yeah...▸▸▸▸▸▸▸▸▸▸ THIS,▸▸▸▸▸▸▸▸▸▸ I can definitely do.
resources.assets	8507	MonoBehaviour	dialogLineSets[10].dialogLines[1].dialogText	Really?▸▸▸▸▸ An aquarium?▸▸▸▸▸▸▸▸▸▸▸▸▸▸▸ Alright...▸▸▸▸▸▸▸▸▸▸ I▸▸▸▸▸ hope you know what you're doing...
resources.assets	8507	MonoBehaviour	dialogLineSets[10].dialogLines[2].dialogText	Well this looks boring...▸▸▸▸▸▸▸▸▸▸ you better have somethin' good up your sleeve!
resources.assets	8507	MonoBehaviour	dialogLineSets[10].dialogLines[3].dialogText	So THIS▸▸▸▸▸▸▸▸▸▸ is your plan to get us WET,▸▸▸▸▸ huh?▸▸▸▸▸▸▸▸▸▸[hahahahahahahaha]▸▸▸▸▸[hhhhhh]▸▸▸▸▸ Ahhh,▸▸▸ I crack myself up...
resources.assets	8507	MonoBehaviour	dialogLineSets[10].dialogLines[4].dialogText	What does a girl▸▸▸▸▸ have in common with a golf course?▸▸▸▸▸▸▸▸▸▸▸▸▸▸▸ A bunch of holes you're tryin' to shoot your balls in!▸▸▸▸▸▸▸[ha][ha][ha]
resources.assets	8507	MonoBehaviour	dialogLineSets[10].dialogLines[5].dialogText	If anyone needs me,▸▸▸▸▸▸▸ I'll be kicking back in one of these lounge chairs.
resources.assets	8507	MonoBehaviour	dialogLineSets[10].dialogLines[6].dialogText	I'd say I'm at like...▸▸▸▸▸ twenty percent wetness right now.▸▸▸▸▸ So,▸▸▸▸▸▸▸▸▸▸ you've got some work to do!▸▸▸▸▸
resources.assets	8507	MonoBehaviour	dialogLineSets[10].dialogLines[7].dialogText	Ahhh,▸▸▸▸▸▸▸▸▸▸ tryin' to get...▸▸▸▸▸ LUCKY,▸▸▸▸▸ are we?▸▸▸▸▸▸▸▸▸▸ No?▸▸▸▸▸ Okay,▸▸▸▸▸ I'll stop.
resources.assets	8507	MonoBehaviour	dialogLineSets[10].dialogLines[8].dialogText	Oooo,▸▸▸▸▸ fan▸▸▸▸▸cy!▸▸▸▸▸▸▸▸▸▸▸▸▸▸▸ Is this how you get all the girls to fall for you?
resources.assets	8507	MonoBehaviour	dialogLineSets[10].dialogLines[9].dialogText	You think these chicks realize they could be making WAAAA[AAAAYY]YY more by selling lewds online?▸▸▸▸▸
resources.assets	8507	MonoBehaviour	dialogLineSets[10].dialogLines[10].dialogText	Alright,▸▸▸▸▸▸▸▸▸▸ let's see whatcha got, big shot!
resources.assets	8507	MonoBehaviour	dialogLineSets[10].dialogLines[11].dialogText	[oooooooo]▸▸▸▸▸▸▸▸▸▸Damn,▸▸▸▸▸▸▸▸▸▸▸▸▸▸▸ why couldn't my boss put me up in a place like this?
resources.assets	8507	MonoBehaviour	dialogLineSets[11].dialogLines[0].dialogText	I hope I don't have any...▸▸ e-▸▸▸▸▸embarrassing accidents again...
resources.assets	8507	MonoBehaviour	dialogLineSets[11].dialogLines[1].dialogText	Being out on a real date,▸▸▸▸▸ with people...[hh]▸▸▸▸▸ it's all so new to me!▸▸▸▸▸ I like it though!
resources.assets	8507	MonoBehaviour	dialogLineSets[11].dialogLines[2].dialogText	Oh,▸▸▸▸▸ look...[hh]▸▸▸▸▸▸▸▸▸▸ there's nobody else around.▸▸▸▸▸▸▸▸▸▸ It's...▸▸▸▸▸ just the three of us...
resources.assets	8507	MonoBehaviour	dialogLineSets[11].dialogLines[3].dialogText	Mmmmnnhh,▸▸▸▸▸▸▸▸▸▸ I'm all wet now...▸▸▸▸▸▸▸▸▸▸▸▸▸▸▸ and I haven't even gotten in the water yet...
resources.assets	8507	MonoBehaviour	dialogLineSets[11].dialogLines[4].dialogText	I'll hold onto your balls for you!▸▸▸▸▸ Uhh-▸▸ Wait,▸▸ no!▸▸▸▸▸ That came out wrong!
resources.assets	8507	MonoBehaviour	dialogLineSets[11].dialogLines[5].dialogText	Wow!▸▸▸▸▸[hh]▸▸▸▸▸ I never thought I'd have the chance to be on an actual cruise ship!
resources.assets	8507	MonoBehaviour	dialogLineSets[11].dialogLines[6].dialogText	I'm horny to be here with you!▸▸▸▸▸▸▸▸▸▸ Uhh-▸▸▸▸▸ Happy!▸▸▸▸▸ Uhh,▸▸ not horny!▸▸[haha] Well, yes horny, but... uhhh,[uhuhuh]▸▸▸▸▸ never mind!
resources.assets	8507	MonoBehaviour	dialogLineSets[11].dialogLines[7].dialogText	I wonder what my family would say if they knew I was gambling...
resources.assets	8507	MonoBehaviour	dialogLineSets[11].dialogLines[8].dialogText	[OOOOO]Ohhh!▸▸▸▸▸▸▸▸▸▸ THIS▸▸▸▸▸ is what you meant by▸▸▸ pri▸▸▸vate!▸▸▸▸▸▸▸▸▸▸▸▸▸▸▸ I was thinking...▸▸ umm,▸▸▸▸▸ s-▸▸▸something else...[heh]
resources.assets	8507	MonoBehaviour	dialogLineSets[11].dialogLines[9].dialogText	Unnghhawww...▸▸▸▸▸ every time I come in here I end up leaving without any money...[hh]
resources.assets	8507	MonoBehaviour	dialogLineSets[11].dialogLines[10].dialogText	You know,▸▸▸▸▸▸▸▸▸▸ there's a spot over there you can use to▸▸▸▸▸ spy on-▸▸▸▸▸▸▸▸▸▸▸▸▸▸▸ Err,▸▸▸▸▸▸▸▸▸▸ uhh,▸▸▸▸▸ n-▸▸ Uhh,▸▸ n-▸▸nothing!▸▸▸▸▸ Nothing!▸▸▸ Nevermind!▸▸[heh]▸▸[hhhh]
resources.assets	8507	MonoBehaviour	dialogLineSets[11].dialogLines[11].dialogText	Okay...▸▸▸▸▸[hhhh]▸▸[oooo]▸▸▸▸▸ control yourself Abia.▸▸▸▸▸ Try to to think about...▸▸▸▸▸ mmmm,▸▸▸▸▸ oh no,▸▸▸▸▸ too late...
resources.assets	8507	MonoBehaviour	dialogLineSets[12].dialogLines[0].dialogText	Ooo,▸▸▸ mass▸▸▸▸▸ag▸▸▸es!▸▸▸▸▸ This'll▸▸ be▸▸ n[iii]ice!▸▸▸▸▸▸▸▸▸▸ A-▸▸▸▸▸As long as I don't have to get▸▸▸▸▸ COMPLETELY naked...
resources.assets	8507	MonoBehaviour	dialogLineSets[12].dialogLines[1].dialogText	Int▸▸eres▸▸ting...▸▸▸▸▸[hh]▸▸▸ does anybody else have the sudden urge to go ice skating?
resources.assets	8507	MonoBehaviour	dialogLineSets[12].dialogLines[2].dialogText	I can't wait to see what you have in store for us lovely ladies!
resources.assets	8507	MonoBehaviour	dialogLineSets[12].dialogLines[3].dialogText	Who wants to play Marco Polo?
resources.assets	8507	MonoBehaviour	dialogLineSets[12].dialogLines[4].dialogText	Don't hold back on me now!▸▸▸[hh]▸▸▸ I've got a pretty good swing for a girl!
resources.assets	8507	MonoBehaviour	dialogLineSets[12].dialogLines[5].dialogText	Hold on,▸▸[hh]▸▸ I'm gonna update my status to[ooo]... I'm▸▸ on▸▸ a▸▸ boat,▸▸ bi[i▸▸i]tche[ee]s!
resources.assets	8507	MonoBehaviour	dialogLineSets[12].dialogLines[6].dialogText	Ughh!▸▸▸▸▸ I have the perfect outfit for this occasion, but I left it at ho[oo]me!
resources.assets	8507	MonoBehaviour	dialogLineSets[12].dialogLines[7].dialogText	Want me to blow on your dice for good luck?▸▸▸▸▸▸▸▸▸▸▸▸▸
resources.assets	8507	MonoBehaviour	dialogLineSets[12].dialogLines[8].dialogText	[aaaahh]▸▸▸Will you LOOK▸▸ at this table?▸▸▸▸▸ And▸▸ that▸▸ view!▸▸▸▸▸ Oh,▸▸ this is just too much!▸▸
resources.assets	8507	MonoBehaviour	dialogLineSets[12].dialogLines[9].dialogText	We[ee]ll[hh]...▸▸▸▸▸[hh]▸▸ the ladies here certainly don't leave anything to the imagination!
resources.assets	8507	MonoBehaviour	dialogLineSets[12].dialogLines[10].dialogText	Should we go skinny dipping?[hhahaha] I'm▸ so▸▸ bad![hh]
resources.assets	8507	MonoBehaviour	dialogLineSets[12].dialogLines[11].dialogText	I'm gonna post a selfie from the balcony.[hh]▸▸▸▸▸ Cap▸▸▸tion...[hh]▸▸▸▸▸ livin' my best life!▸▸▸
resources.assets	8507	MonoBehaviour	dialogLineSets[14].dialogLines[0].dialogText	You can't be serious...▸▸▸▸▸ YOU▸▸▸ again!?
resources.assets	8507	MonoBehaviour	dialogLineSets[14].dialogLines[1].dialogText	Back to suffer another HUMILIATION,▸▸ are you!?
resources.assets	8507	MonoBehaviour	dialogLineSets[14].dialogLines[2].dialogText	Give▸▸ up,▸▸ boy!▸▸▸▸▸ Your efforts are hopeless!
resources.assets	8507	MonoBehaviour	dialogLineSets[14].dialogLines[2].yuriDialogText	Give up, girl!▸▸▸▸▸ Your efforts are hopeless!
resources.assets	8507	MonoBehaviour	dialogLineSets[15].dialogLines[0].dialogText	How much more disappointment are we to TOLERATE!?
resources.assets	8507	MonoBehaviour	dialogLineSets[15].dialogLines[1].dialogText	They never learn...▸▸▸▸▸ do they?
resources.assets	8507	MonoBehaviour	dialogLineSets[15].dialogLines[2].dialogText	Ahhhh,▸▸▸▸▸▸▸▸▸▸▸▸▸ look who's returned Moxie...
resources.assets	8508	MonoBehaviour	dialogLineSets[0].dialogLines[0].dialogText	This is the DATE_SUCCESS dialog trigger.
resources.assets	8508	MonoBehaviour	dialogLineSets[1].dialogLines[0].dialogText	Now I'm feeling all refreshed and recharged!▸▸▸▸▸ Time to get back at it!
resources.assets	8508	MonoBehaviour	dialogLineSets[1].dialogLines[1].dialogText	I'm definitely coming back here at least once more before the vacay is over!
resources.assets	8508	MonoBehaviour	dialogLineSets[1].dialogLines[2].dialogText	Mmm▸▸▸hmm...▸▸▸▸▸▸▸▸▸▸ NOW I remember why I like you so much.▸▸▸▸▸[hahahaha]▸▸[hhhh]
resources.assets	8508	MonoBehaviour	dialogLineSets[1].dialogLines[3].dialogText	I▸▸▸ really need to remember to get out and enjoy myself more often!
resources.assets	8508	MonoBehaviour	dialogLineSets[2].dialogLines[0].dialogText	Ahhh,▸▸▸▸▸ that was exactly the distraction I needed to take my mind of shit for a while.
resources.assets	8508	MonoBehaviour	dialogLineSets[2].dialogLines[1].dialogText	I feel like it's been YEARS since I had that much fun!
resources.assets	8508	MonoBehaviour	dialogLineSets[2].dialogLines[2].dialogText	[hahahaha]▸▸[hhhh]▸▸You never cease to amaze me...
resources.assets	8508	MonoBehaviour	dialogLineSets[2].dialogLines[3].dialogText	Awww,▸▸▸▸▸ time to leave already?▸▸▸▸▸▸▸ We were having such a good time!▸▸▸▸▸
resources.assets	8508	MonoBehaviour	dialogLineSets[3].dialogLines[0].dialogText	Ummm,▸▸▸▸▸ o▸▸kay,▸▸▸▸▸[hh]▸▸ that was actually like...▸▸▸▸▸ not▸▸ shitty?▸▸▸
resources.assets	8508	MonoBehaviour	dialogLineSets[3].dialogLines[1].dialogText	[aah]▸▸▸I guess that was a little better▸▸ than just sitting in the hotel room...
resources.assets	8508	MonoBehaviour	dialogLineSets[3].dialogLines[2].dialogText	O▸▸kay...▸▸▸▸▸ fi[i]ne,▸▸ I had an▸▸ okay time,▸▸ al▸▸right?▸▸▸[hh]▸▸▸▸▸ Just▸▸ don't expect me to like,▸▸▸▸▸▸▸ smi▸▸le...▸▸▸▸▸
resources.assets	8508	MonoBehaviour	dialogLineSets[3].dialogLines[3].dialogText	Tch!▸▸[hh]▸▸ Something▸▸ GOOD▸▸ actually happened?▸▸▸[hh]▸▸▸ This▸▸ literally▸▸ CAN▸▸NOT▸▸ be my life...
resources.assets	8508	MonoBehaviour	dialogLineSets[4].dialogLines[0].dialogText	It would appear that the stars were in perfect alignment for us today...
resources.assets	8508	MonoBehaviour	dialogLineSets[4].dialogLines[1].dialogText	Mmm,▸▸▸▸▸▸▸▸▸▸ yes...▸▸▸▸▸▸▸▸▸▸▸▸▸▸▸ I believe I may understand why you were chosen...
resources.assets	8508	MonoBehaviour	dialogLineSets[4].dialogLines[2].dialogText	I▸▸▸ must admit...▸▸▸▸▸▸▸▸▸▸ I thoroughly enjoyed myself on that date.
resources.assets	8508	MonoBehaviour	dialogLineSets[4].dialogLines[3].dialogText	The light of hope grows brighter with every success...
resources.assets	8508	MonoBehaviour	dialogLineSets[5].dialogLines[0].dialogText	Al▸▸▸right![hh]▸▸▸ I did it![hh]▸▸▸▸▸ I'm pretty good at dating,▸▸▸ huh?
resources.assets	8508	MonoBehaviour	dialogLineSets[5].dialogLines[1].dialogText	That▸▸ was▸▸ fun!▸▸▸[hh]▸▸▸ Do we have sex now?▸▸▸▸▸▸▸▸▸▸ I'm not really sure how it works...
resources.assets	8508	MonoBehaviour	dialogLineSets[5].dialogLines[2].dialogText	Huh?▸▸▸▸▸ Oh,▸▸▸ did we win?▸▸▸▸▸ Sorry,▸▸▸ I wasn't paying attention...
resources.assets	8508	MonoBehaviour	dialogLineSets[5].dialogLines[3].dialogText	Another one!▸ Another one! Another one!
resources.assets	8508	MonoBehaviour	dialogLineSets[6].dialogLines[0].dialogText	Thank you so much for inviting me!▸▸▸▸▸▸▸▸▸▸ I had a wonderful time!
resources.assets	8508	MonoBehaviour	dialogLineSets[6].dialogLines[1].dialogText	[hahahaha]▸▸▸▸▸[hhhh]▸▸▸▸▸▸▸▸▸▸Awww,▸▸▸▸▸▸▸▸▸▸▸▸▸▸▸ I wish we didn't have to go!
resources.assets	8508	MonoBehaviour	dialogLineSets[6].dialogLines[2].dialogText	Wow,▸▸▸▸▸ you're really quite good!▸▸▸▸▸▸▸▸▸▸▸▸▸▸▸ Is this a special talent of yours?
resources.assets	8508	MonoBehaviour	dialogLineSets[6].dialogLines[3].dialogText	I'm gonna have to think of a way to repay you both for such a great date!
resources.assets	8508	MonoBehaviour	dialogLineSets[7].dialogLines[0].dialogText	[hahahaha]▸▸▸▸[hhhh]▸▸That▸▸ was▸▸ fun!▸▸▸▸▸[hh]▸▸▸▸▸ I like goin' on dates with you two!
resources.assets	8508	MonoBehaviour	dialogLineSets[7].dialogLines[1].dialogText	You're▸▸ real▸▸ good at this!▸▸▸▸▸[hh]▸▸▸▸▸ Where'd you learn all them fancy moves?▸▸▸▸▸[ss]
resources.assets	8508	MonoBehaviour	dialogLineSets[7].dialogLines[2].dialogText	Awwww!▸▸[hh]▸▸▸▸▸ That's it?▸▸▸▸▸▸▸▸▸▸ Poop![h]▸▸▸▸▸ I was havin' fun![h]
resources.assets	8508	MonoBehaviour	dialogLineSets[7].dialogLines[3].dialogText	Good▸▸ job!▸▸▸[hh]▸▸ I'd give ya a gold star▸▸▸▸▸ AND a smiley face sticker!▸▸[hahahaha]▸▸[hhhh]
resources.assets	8508	MonoBehaviour	dialogLineSets[8].dialogLines[0].dialogText	Ay[y]e▸▸, you know what?▸▸▸▸ That was actually kinda okay.
resources.assets	8508	MonoBehaviour	dialogLineSets[8].dialogLines[1].dialogText	O▸▸kay,▸▸▸▸▸▸▸ o▸▸kay,▸▸▸▸▸▸▸▸ I'll admit it...▸▸▸▸▸ those were some pretty slick moves.
resources.assets	8508	MonoBehaviour	dialogLineSets[8].dialogLines[2].dialogText	If you guys wanna like,▸[hh]▸▸▸▸▸ go out again,▸▸ or whatever...▸▸▸▸▸ I'm down.
resources.assets	8508	MonoBehaviour	dialogLineSets[8].dialogLines[3].dialogText	Shiiiiit...▸▸▸▸▸ now I kinda like,▸▸▸▸▸▸▸ don't wanna go back to work.
resources.assets	8508	MonoBehaviour	dialogLineSets[9].dialogLines[0].dialogText	Not▸▸ bad,▸▸▸▸▸ kid.[h]▸▸▸▸▸▸▸▸▸▸ I might just have to let you take me out again!
resources.assets	8508	MonoBehaviour	dialogLineSets[9].dialogLines[1].dialogText	I have to admit,▸▸▸ you do know how to make a woman feel young again...
resources.assets	8508	MonoBehaviour	dialogLineSets[9].dialogLines[2].dialogText	If my husband could do that,▸▸▸ I might actually fuck him!
resources.assets	8508	MonoBehaviour	dialogLineSets[9].dialogLines[3].dialogText	Fin▸▸▸all▸▸▸y!▸▸▸▸▸▸▸▸▸▸ It's about time I had a little excitement in my life!
resources.assets	8508	MonoBehaviour	dialogLineSets[10].dialogLines[0].dialogText	Not▸▸▸▸▸ bad!▸▸▸▸▸▸▸▸▸▸▸▸▸▸▸ I mean,▸▸▸▸▸ you know...▸▸▸▸▸ for you.
resources.assets	8508	MonoBehaviour	dialogLineSets[10].dialogLines[1].dialogText	Wow,▸▸▸▸▸ you pulled it off!▸▸▸▸▸▸▸▸▸▸ Wasn't lookin' so good for a second there!
resources.assets	8508	MonoBehaviour	dialogLineSets[10].dialogLines[2].dialogText	[oooooooo]▸▸▸▸▸Close one!▸▸▸▸▸▸▸▸▸▸▸▸▸ You're lucky I was here to save us!
resources.assets	8508	MonoBehaviour	dialogLineSets[10].dialogLines[3].dialogText	Never had any doubt!▸▸▸▸▸▸▸▸▸▸ Nah,▸▸▸▸▸ jay-kay,▸▸▸▸▸ I was actually▸▸▸ very doubtful.
resources.assets	8508	MonoBehaviour	dialogLineSets[11].dialogLines[0].dialogText	Thank you for eating us out!▸▸▸▸▸▸▸▸▸▸ Uhh-▸▸▸▸▸ I mean,[hh]▸▸▸▸▸ treating!▸▸▸▸▸ Treating us out!▸▸ Uhhh,▸▸▸▸▸ s-▸▸sorry!
resources.assets	8508	MonoBehaviour	dialogLineSets[11].dialogLines[1].dialogText	That was such fun!▸▸▸▸[hh]▸▸▸▸ Wow!▸▸▸▸[hh]▸▸▸▸ I should have left home years ago!
resources.assets	8508	MonoBehaviour	dialogLineSets[11].dialogLines[2].dialogText	I can't believe I've been missing out on THIS▸▸ for all those years!
resources.assets	8508	MonoBehaviour	dialogLineSets[11].dialogLines[3].dialogText	Oops...[hh]▸▸▸▸▸ ummm...[hh]▸▸ I may have, accidentally...▸▸ uhh,▸▸▸ l-▸▸▸leaked a little bit...[heh]
resources.assets	8508	MonoBehaviour	dialogLineSets[12].dialogLines[0].dialogText	Good▸▸ness...[hh]▸▸▸▸▸▸▸▸ you know, moves like that do certain things to a lady...[hh]
resources.assets	8508	MonoBehaviour	dialogLineSets[12].dialogLines[1].dialogText	Wait until my subscribers hear about this!
resources.assets	8508	MonoBehaviour	dialogLineSets[12].dialogLines[2].dialogText	What a dream▸▸boat![hh]▸▸▸▸▸ How in the WORLD▸▸▸ are you still single?
resources.assets	8508	MonoBehaviour	dialogLineSets[12].dialogLines[2].yuriDialogText	What▸▸▸▸▸ a▸▸▸▸▸ dream▸▸▸▸▸ girl!▸▸▸▸▸▸▸▸▸▸ How in the WORLD are you still single?
resources.assets	8508	MonoBehaviour	dialogLineSets[12].dialogLines[3].dialogText	I feel like the lu[uu]ckiest girl in the world right now!▸▸▸▸▸▸▸▸▸▸
resources.assets	8509	MonoBehaviour	dialogLineSets[0].dialogLines[0].dialogText	This is the DATE_FAILURE dialog trigger.
resources.assets	8509	MonoBehaviour	dialogLineSets[1].dialogLines[0].dialogText	Sorry, but,▸▸▸▸▸ I have to say,▸▸▸ I'm a little disappointed in you...
resources.assets	8509	MonoBehaviour	dialogLineSets[1].dialogLines[1].dialogText	Of all people,▸▸▸▸▸ I would never have expected THAT from YOU...
resources.assets	8509	MonoBehaviour	dialogLineSets[1].dialogLines[2].dialogText	I'd appreciate it if you'd stop wasting our time with stunts like THAT...
resources.assets	8509	MonoBehaviour	dialogLineSets[1].dialogLines[3].dialogText	How in the world did you manage to do better in an airplane bathroom...
resources.assets	8509	MonoBehaviour	dialogLineSets[2].dialogLines[0].dialogText	Sorry sweetie,▸▸▸▸▸▸▸▸ but I expect better than THAT from you.
resources.assets	8509	MonoBehaviour	dialogLineSets[2].dialogLines[1].dialogText	What's wrong?▸▸▸▸▸▸▸▸ This isn't like you at all...
resources.assets	8509	MonoBehaviour	dialogLineSets[2].dialogLines[2].dialogText	[aaaa]▸▸▸▸▸Of course...▸▸▸▸▸ welcome to my life.▸▸▸▸▸ What else is new?
resources.assets	8509	MonoBehaviour	dialogLineSets[2].dialogLines[3].dialogText	Well,▸▸▸▸▸ so much for that enjoyable vacation...
resources.assets	8509	MonoBehaviour	dialogLineSets[3].dialogLines[0].dialogText	Can▸▸ somebody▸▸ PLEASE▸▸ kill me,▸▸ like,▸▸ right now? Like,▸▸[hh]▸▸▸▸▸▸▸ I literally wish I was dead...
resources.assets	8509	MonoBehaviour	dialogLineSets[3].dialogLines[1].dialogText	THIS▸▸▸▸▸ is why I'd rather just▸▸ fucking▸▸ lay▸▸ in▸▸ bed▸▸ all day...
resources.assets	8509	MonoBehaviour	dialogLineSets[3].dialogLines[2].dialogText	U[u]mm...▸▸▸▸▸[hh]▸▸ if that's what dating is gonna be like,▸▸▸ yeeeeahh...▸[hh]▸▸▸▸▸ I think I'll just stay single.
resources.assets	8509	MonoBehaviour	dialogLineSets[3].dialogLines[3].dialogText	[aaaahh]▸▸▸Why▸▸ is my▸▸▸ life like this...[h]
resources.assets	8509	MonoBehaviour	dialogLineSets[4].dialogLines[0].dialogText	It would appear that my recent premonitions were,▸▸▸ in fact,▸▸▸▸▸▸▸▸▸▸ correct...
resources.assets	8509	MonoBehaviour	dialogLineSets[4].dialogLines[1].dialogText	Hmmm...▸▸▸▸▸▸▸▸▸▸▸▸▸ yes,▸▸▸▸▸▸▸▸▸▸▸▸▸▸▸▸▸▸▸▸ I feared this may have been the outcome of our date.
resources.assets	8509	MonoBehaviour	dialogLineSets[4].dialogLines[2].dialogText	I'm▸▸▸▸▸ confused...▸▸▸▸▸▸▸▸▸▸▸▸▸▸▸▸▸ don't the butterfly people teach you how to do this?
resources.assets	8509	MonoBehaviour	dialogLineSets[4].dialogLines[3].dialogText	The light of hope grows dimmer with every failure...
resources.assets	8509	MonoBehaviour	dialogLineSets[5].dialogLines[0].dialogText	[ha]Whoops!▸▸▸▸▸▸▸▸▸▸ Uhhh,▸▸▸▸▸ I think that was supposed to go the other way...[hh]
resources.assets	8509	MonoBehaviour	dialogLineSets[5].dialogLines[1].dialogText	Heeeeyy![hh]▸▸▸▸▸ I thought you said we were going on a date!▸▸▸▸▸ Dates are supposed to be fun!
resources.assets	8509	MonoBehaviour	dialogLineSets[5].dialogLines[2].dialogText	That's not a very nice thing to do after inviting somebody out![hh]
resources.assets	8509	MonoBehaviour	dialogLineSets[5].dialogLines[3].dialogText	Ugh, that was super duper NOT fun!▸▸▸▸▸ Hmmpt!
resources.assets	8509	MonoBehaviour	dialogLineSets[6].dialogLines[0].dialogText	I should...▸▸▸▸▸▸▸▸ probably be getting back to the hotel now...
resources.assets	8509	MonoBehaviour	dialogLineSets[6].dialogLines[1].dialogText	Well,▸▸▸▸▸▸▸▸▸▸ that's okay...▸▸▸▸▸▸▸▸▸▸▸▸▸▸▸ there's always next time, right?
resources.assets	8509	MonoBehaviour	dialogLineSets[6].dialogLines[2].dialogText	I have to say,▸▸▸▸▸▸▸▸▸▸▸▸▸▸▸ I pictured that going much differently in my head.
resources.assets	8509	MonoBehaviour	dialogLineSets[6].dialogLines[3].dialogText	Was it something I did?▸▸▸▸▸▸▸▸▸▸▸▸▸▸▸ Sorry, I was trying my best not to screw anything up!
resources.assets	8509	MonoBehaviour	dialogLineSets[7].dialogLines[0].dialogText	Uhh[hhhh]hh...▸▸▸▸▸ was that supposta happen?
resources.assets	8509	MonoBehaviour	dialogLineSets[7].dialogLines[1].dialogText	I don't get it...▸▸▸▸▸▸▸▸▸▸ weren't you tryin' NOT to do that?
resources.assets	8509	MonoBehaviour	dialogLineSets[7].dialogLines[2].dialogText	Awww,[hh]▸▸▸ don't worry!▸▸▸▸▸[hh] I meet lots of men with performance issues![s]
resources.assets	8509	MonoBehaviour	dialogLineSets[7].dialogLines[2].yuriDialogText	Awww,▸▸▸▸▸▸▸▸▸▸ don't worry!▸▸▸▸▸[hh] I meet lots of women with performance issues![s]
resources.assets	8509	MonoBehaviour	dialogLineSets[7].dialogLines[3].dialogText	Yay!▸▸▸▸▸ We did it!▸▸▸▸▸▸▸▸▸▸ R-▸▸▸▸▸right?
resources.assets	8509	MonoBehaviour	dialogLineSets[8].dialogLines[0].dialogText	I thought you said we were going on a date?▸▸▸▸▸ What the fuck kinda date was that?
resources.assets	8509	MonoBehaviour	dialogLineSets[8].dialogLines[1].dialogText	Uhhh,▸▸▸▸▸ if you're tryna impress me with THAT?▸▸▸▸▸▸▸ Ehhh...▸▸▸▸▸ no.
resources.assets	8509	MonoBehaviour	dialogLineSets[8].dialogLines[2].dialogText	Ehhh,▸▸▸▸ at this point in my life,▸▸▸▸▸▸▸ I'm used to the disappointment...
resources.assets	8509	MonoBehaviour	dialogLineSets[8].dialogLines[3].dialogText	I think I've had more fun sitting in a prison cell...
resources.assets	8509	MonoBehaviour	dialogLineSets[9].dialogLines[0].dialogText	Ughh!▸▸▸▸▸▸▸▸▸▸ If I wanted a date like that I'd just go out with my husband!
resources.assets	8509	MonoBehaviour	dialogLineSets[9].dialogLines[1].dialogText	I am▸▸ NOT▸▸ impressed...▸▸▸▸▸ not▸▸▸ impressed▸▸ at▸▸ all...
resources.assets	8509	MonoBehaviour	dialogLineSets[9].dialogLines[2].dialogText	Well I'm not sure what to make of THAT...▸▸▸▸▸▸▸▸ but, it's not good.
resources.assets	8509	MonoBehaviour	dialogLineSets[9].dialogLines[3].dialogText	If I was paying for that,▸▸ I'd be demanding a refund.
resources.assets	8509	MonoBehaviour	dialogLineSets[10].dialogLines[0].dialogText	Ohhh,▸▸▸▸▸ sweet.▸▸▸▸▸▸▸▸▸▸ What a great date.▸▸▸▸▸▸▸▸▸▸ No,▸▸▸▸▸ girls▸▸ LOVE having a terrible time!
resources.assets	8509	MonoBehaviour	dialogLineSets[10].dialogLines[1].dialogText	What's it feel like to fall on your ass like that?▸▸▸▸▸ I wouldn't know.
resources.assets	8509	MonoBehaviour	dialogLineSets[10].dialogLines[2].dialogText	Weak▸▸▸ dude...▸▸▸▸▸▸▸▸▸▸ weak.▸▸▸▸▸▸▸▸▸▸▸▸▸▸▸ Come on,▸▸▸▸▸ I KNOW you can do better than that.
resources.assets	8509	MonoBehaviour	dialogLineSets[10].dialogLines[2].yuriDialogText	Weak▸▸▸ babe...▸▸▸▸▸▸▸▸▸▸ weak.▸▸▸▸▸▸▸▸▸▸▸▸▸▸▸ Come on,▸▸▸▸▸ I KNOW you can do better than that.
resources.assets	8509	MonoBehaviour	dialogLineSets[10].dialogLines[3].dialogText	Pull yourself together man!▸▸▸▸▸ You can't be out here choking like this.
resources.assets	8509	MonoBehaviour	dialogLineSets[10].dialogLines[3].yuriDialogText	Pull yourself together bitch!▸▸▸▸▸ You can't be out here choking like this.
resources.assets	8509	MonoBehaviour	dialogLineSets[11].dialogLines[0].dialogText	Awww[wwww]...▸▸▸▸▸▸▸▸ wait,▸▸▸▸▸ can we still?▸▸▸▸▸[hh]▸▸▸▸▸▸▸▸▸▸ N-▸▸▸▸▸no,▸▸▸▸▸▸▸▸ no,▸▸▸▸▸ I guess that wouldn't be right...
resources.assets	8509	MonoBehaviour	dialogLineSets[11].dialogLines[1].dialogText	I don't quite understand this feeling...▸▸▸▸▸▸▸▸▸▸ how am I...▸▸▸▸▸▸▸▸▸▸ turned▸▸▸▸▸ OFF?▸▸▸▸▸
resources.assets	8509	MonoBehaviour	dialogLineSets[11].dialogLines[2].dialogText	Oh...▸▸▸▸▸▸▸▸▸▸ I see.▸▸▸▸▸[hh]▸▸▸▸▸ I suppose this is what they make vibrators for...
resources.assets	8509	MonoBehaviour	dialogLineSets[11].dialogLines[3].dialogText	Well,▸▸▸▸[hh]▸▸▸▸ it was very nice of you to try at least...
resources.assets	8509	MonoBehaviour	dialogLineSets[12].dialogLines[0].dialogText	Nn, nn, nn...▸▸▸▸▸▸▸ that's really too bad...
resources.assets	8509	MonoBehaviour	dialogLineSets[12].dialogLines[1].dialogText	...and here I thought I finally met a nice man.▸▸▸▸▸▸▸▸▸▸[aaaahh]
resources.assets	8509	MonoBehaviour	dialogLineSets[12].dialogLines[1].yuriDialogText	...and here I thought I finally met a nice woman.▸▸▸▸▸▸▸▸▸▸[aaaahh]
resources.assets	8509	MonoBehaviour	dialogLineSets[12].dialogLines[2].dialogText	Uhhhh,▸▸▸▸▸▸▸▸▸▸ one sec...▸▸▸▸▸ let me just update my status...▸▸▸▸▸ to disappointed.
resources.assets	8509	MonoBehaviour	dialogLineSets[12].dialogLines[3].dialogText	I think we deserve a little better than that,▸▸ don't you?
resources.assets	8509	MonoBehaviour	dialogLineSets[14].dialogLines[0].dialogText	[hahahahahahahahahahahahaha]▸▸A truly PATHETIC performance!
resources.assets	8509	MonoBehaviour	dialogLineSets[14].dialogLines[1].dialogText	Human males!▸▸▸▸▸ Just as impotent as I expected!
resources.assets	8509	MonoBehaviour	dialogLineSets[14].dialogLines[1].yuriDialogText	Human females!▸▸▸▸▸ Just as impotent as I expected!
resources.assets	8509	MonoBehaviour	dialogLineSets[14].dialogLines[2].dialogText	My body is overflowing with sexual frustration!
resources.assets	8509	MonoBehaviour	dialogLineSets[15].dialogLines[0].dialogText	I'm going to enjoy destroying this world...
resources.assets	8509	MonoBehaviour	dialogLineSets[15].dialogLines[1].dialogText	This is their supposed savior?▸▸▸ How...▸▸▸▸▸ disappointing...▸▸▸
resources.assets	8509	MonoBehaviour	dialogLineSets[15].dialogLines[2].dialogText	Ten▸▸ thousand years of celibacy...▸▸▸▸▸ for THAT!?
resources.assets	8510	MonoBehaviour	dialogLineSets[0].dialogLines[0].dialogText	What up player!?▸▸▸▸▸▸▸▸ How's it goin' out there?▸▸▸▸▸ You crushin' it?
resources.assets	8510	MonoBehaviour	dialogLineSets[0].dialogLines[1].dialogText	What are you doing here?▸▸▸▸▸ Shouldn't you be nads▸▸ deep▸▸ in some kinda hole right now?
resources.assets	8510	MonoBehaviour	dialogLineSets[0].dialogLines[1].yuriDialogText	What are you doing here?▸▸▸▸▸ Shouldn't you be knees▸▸ deep▸▸ in some kinda hole right now?
resources.assets	8510	MonoBehaviour	dialogLineSets[0].dialogLines[2].dialogText	[uuggghh]▸▸I can't believe you get to smack all these titties around and I just have to watch...▸▸▸▸▸ what▸ a▸ gyp!▸▸
resources.assets	8510	MonoBehaviour	dialogLineSets[0].dialogLines[3].dialogText	What do you want from me THIS time?▸▸▸▸▸▸▸▸▸▸ ASIDE from▸▸▸ THAT,▸▸▸▸▸ of course.
resources.assets	8510	MonoBehaviour	dialogLineSets[0].dialogLines[4].dialogText	Don't forget to chat these broads up a little.▸▸▸▸▸▸▸▸▸▸ You'd be surprised what you can learn about them!
resources.assets	8510	MonoBehaviour	dialogLineSets[0].dialogLines[5].dialogText	If you're having trouble,▸▸▸ try feeding these chicks before your date.▸▸▸▸▸▸▸ Bitches LO[OOO]VE to eat.
resources.assets	8510	MonoBehaviour	dialogLineSets[0].dialogLines[6].dialogText	Ughh,▸▸[hh]▸▸ I just saw myself in the mirror...▸▸▸▸▸▸▸▸ is▸▸ my▸▸ ass▸▸▸▸▸ REAL[h]LY▸▸▸ that▸▸▸ fat?▸▸▸▸▸▸▸▸▸▸▸▸▸▸▸▸▸▸▸▸ I gotta lay off the candy...
resources.assets	8510	MonoBehaviour	dialogLineSets[0].dialogLines[7].dialogText	You'd be surprised how many porn channels they have here.▸▸▸▸▸▸▸ Honestly,▸▸▸▸▸▸▸ it's▸▸▸▸▸ MO[OO]STLY porn channels...[s]▸▸
resources.assets	8511	MonoBehaviour	dialogLineSets[0].dialogLines[0].dialogText	Venture forth,▸▸ brave hero!▸▸▸▸▸ Into the unknown!▸▸▸▸▸ Through milky mountains,▸▸▸▸▸ and treacherous tunnels!
resources.assets	8511	MonoBehaviour	dialogLineSets[0].dialogLines[1].dialogText	Go get 'em,▸▸▸ champ!▸▸▸▸▸ Make me proud to be your love fairy!
resources.assets	8511	MonoBehaviour	dialogLineSets[0].dialogLines[2].dialogText	See▸▸ ya!▸▸▸▸▸▸▸▸▸▸ Kinda WOULD wanna be ya on account of all this CAVE you get to explore...
resources.assets	8511	MonoBehaviour	dialogLineSets[0].dialogLines[3].dialogText	I'll catch up with you later!▸▸▸▸▸ I gotta wax the ol' hunie maker.▸▸▸▸▸▸▸▸ Gotta be presentable, right?
resources.assets	8511	MonoBehaviour	dialogLineSets[0].dialogLines[4].dialogText	Good,▸▸▸▸▸▸▸▸▸▸ get out there▸▸ and don't come back until you've contracted something horrible!
resources.assets	8511	MonoBehaviour	dialogLineSets[0].dialogLines[5].dialogText	Toodles!
resources.assets	8511	MonoBehaviour	dialogLineSets[0].dialogLines[6].dialogText	Later!
resources.assets	8511	MonoBehaviour	dialogLineSets[0].dialogLines[7].dialogText	Buh-bye!
resources.assets	8512	MonoBehaviour	dialogLineSets[0].dialogLines[0].dialogText	Sleeping▸▸ on▸▸ the▸▸ jo[oo]b!?[h]▸▸▸▸▸▸▸▸▸▸ Pssh...▸▸▸▸▸ alright,▸▸ fine.▸▸▸▸▸▸▸▸▸▸ I guess I can let it slide this once.
resources.assets	8512	MonoBehaviour	dialogLineSets[0].dialogLines[1].dialogText	O[o]▸▸▸kaaaay...▸▸▸▸▸ but,▸▸▸▸▸ fair warning,▸▸▸▸▸▸▸▸▸▸ I'm probably gonna do weird stuff to you while you sleep.[aa]
resources.assets	8512	MonoBehaviour	dialogLineSets[0].dialogLines[2].dialogText	Nighty-▸▸night!▸▸▸▸▸ Don't let the pube lice bite!
resources.assets	8512	MonoBehaviour	dialogLineSets[0].dialogLines[3].dialogText	S[ss]-wet dreams![s]
resources.assets	8512	MonoBehaviour	dialogLineSets[0].dialogLines[4].dialogText	I'll keep a lookout on the balcony.▸▸▸▸▸ If I see any hotties,▸▸▸ I'll scream!
resources.assets	8513	MonoBehaviour	dialogLineSets[0].dialogLines[0].dialogText	Time to get up!▸▸▸ You've got some DNA deliveries to make!
resources.assets	8513	MonoBehaviour	dialogLineSets[0].dialogLines[0].yuriDialogText	Time to get up!▸▸▸▸▸▸▸ You've got some scissor babies to make!
resources.assets	8513	MonoBehaviour	dialogLineSets[0].dialogLines[1].dialogText	Wakey wakey, legs and cakey!
resources.assets	8513	MonoBehaviour	dialogLineSets[0].dialogLines[2].dialogText	I'd love to let you sleep in,▸▸▸▸▸ but these muff mines▸▸ ain't gonna excavate themselves!
resources.assets	8513	MonoBehaviour	dialogLineSets[0].dialogLines[3].dialogText	Rise and shine!▸▸▸▸▸ Time to get back to work!
resources.assets	8513	MonoBehaviour	dialogLineSets[0].dialogLines[4].dialogText	Don't▸▸ worry,▸▸▸▸▸▸▸ I definitely did NOT draw a dick on your face while you were asleep!
resources.assets	8514	MonoBehaviour	dialogLineSets[0].dialogLines[0].dialogText	Bro...▸▸▸▸▸▸▸ why would you even ask me that?▸▸▸▸▸ You haven't even had a single threesome yet!
resources.assets	8514	MonoBehaviour	dialogLineSets[0].dialogLines[0].yuriDialogText	Sis...[s]▸▸▸▸▸▸▸ why would you even ask me that?▸▸▸▸▸ You haven't even had a single threesome yet!
resources.assets	8514	MonoBehaviour	dialogLineSets[0].dialogLines[1].dialogText	You expect to be able to take on the Nymphojinn with such little experience?▸▸▸▸▸▸▸ Get▸▸ real!
resources.assets	8514	MonoBehaviour	dialogLineSets[0].dialogLines[2].dialogText	Mmmm...▸▸▸▸▸▸▸▸ no,▸▸▸ we're not ready yet.▸▸▸▸▸▸▸ Get back out there and get me some more wings![a]
resources.assets	8514	MonoBehaviour	dialogLineSets[0].dialogLines[3].dialogText	You're doing good so far...▸▸▸▸▸ buuutt,▸▸▸▸▸ we don't have▸▸ quite enough wings for a proper sacrifice.
resources.assets	8514	MonoBehaviour	dialogLineSets[0].dialogLines[4].dialogText	We're close!▸▸▸▸▸▸▸ I can feel it![a]▸▸▸▸▸▸▸ We only need a few more!▸▸▸▸▸▸▸ Don't go limp on me yet![a]
resources.assets	8514	MonoBehaviour	dialogLineSets[0].dialogLines[4].yuriDialogText	We're close!▸▸▸▸▸ I can feel it!▸▸▸▸▸▸▸ We only need a few more!▸▸▸▸▸▸▸ Don't go dry on me yet![a]
resources.assets	8515	MonoBehaviour	dialogLineSets[0].dialogLines[0].dialogText	You got it this time!▸▸▸▸▸▸▸▸ I can feel it in my nether regions, and my nethers are never wrong!
resources.assets	8515	MonoBehaviour	dialogLineSets[0].dialogLines[1].dialogText	No pressure,▸▸▸▸▸ but you can only fuck this up so many times before everyone dies...▸▸▸▸▸▸▸▸▸▸▸▸▸▸▸ good luck!
resources.assets	8515	MonoBehaviour	dialogLineSets[0].dialogLines[2].dialogText	Give those sluts a punch in the cunt for me!▸▸▸▸▸ And▸▸ I do mean▸▸▸▸▸ IN▸▸▸▸▸ the cunt.
resources.assets	8516	MonoBehaviour	dialogLineSets[0].dialogLines[0].dialogText	Wanna re-live your moment of glory, huh?▸▸▸▸▸▸▸ I think we can arrange that!
resources.assets	8516	MonoBehaviour	dialogLineSets[0].dialogLines[1].dialogText	Sure▸ thing!▸▸▸▸ A little fairy magic▸▸▸ and I can take you right back!▸▸▸▸▸ Have funzi[ii]es!
resources.assets	8516	MonoBehaviour	dialogLineSets[0].dialogLines[2].dialogText	You got it!▸▸▸▸▸▸▸▸▸▸ Two space hookers coming RIGHT up!▸▸▸▸▸▸▸▸▸▸ Give 'em a kiss for ME too!
resources.assets	8517	MonoBehaviour	dialogLineSets[0].dialogLines[0].dialogText	I hope you're ready for some non-stop nookie!▸▸▸▸▸▸▸▸▸▸ Let's see how far you can get!
resources.assets	8517	MonoBehaviour	dialogLineSets[0].dialogLines[1].dialogText	You think you can beat your personal record?▸▸▸▸▸▸▸ We'll see about that!▸▸▸▸▸▸▸ Good▸▸▸ luck!▸▸
resources.assets	8517	MonoBehaviour	dialogLineSets[0].dialogLines[2].dialogText	Ahhh▸▸▸▸▸ yes,▸▸▸▸▸ the gauntlet date...▸▸▸▸▸ or what I like to call,▸▸▸▸▸ the coochie conveyor belt!
resources.assets	8518	MonoBehaviour	dialogLineSets[0].dialogLines[0].dialogText	Oooo,▸▸▸▸▸ fun!▸▸▸▸▸▸▸▸▸▸ Pick out some slutty stuff so we have some eye candy to enjoy around here!
resources.assets	8518	MonoBehaviour	dialogLineSets[0].dialogLines[1].dialogText	I'd say I don't understand your obsession with dressing girls up, but...▸▸▸▸▸▸▸ I▸▸ DO▸▸ understand▸ it.
resources.assets	8518	MonoBehaviour	dialogLineSets[0].dialogLines[2].dialogText	Don't▸▸ spend▸▸ TOO much time in there!▸▸▸▸▸▸▸ There's more to life than playing dress up!
resources.assets	8519	MonoBehaviour	dialogLineSets[0].dialogLines[0].dialogText	Don't▸ forget,▸▸▸▸ there's plenty of complimentary lotion and tissues in the bathroom!
resources.assets	8519	MonoBehaviour	dialogLineSets[0].dialogLines[1].dialogText	Taking a▸▸▸▸ stroke down memory lane,▸▸▸▸ huh?▸▸▸▸▸▸▸▸▸▸▸▸▸ Just make sure to clean up after yourself.
resources.assets	8519	MonoBehaviour	dialogLineSets[0].dialogLines[2].dialogText	You should really be saving that energy...▸▸▸▸ but,▸▸▸ I get it.▸▸▸▸▸▸▸▸ Sometimes you gotta exorcize the demon!
resources.assets	8520	MonoBehaviour	dialogLineSets[0].dialogLines[0].dialogText	This is the MISC_TEST dialog trigger.
resources.assets	8520	MonoBehaviour	dialogLineSets[1].dialogLines[0].dialogText	Another day,▸ another dollar!
resources.assets	8520	MonoBehaviour	dialogLineSets[1].dialogLines[1].dialogText	Whooooooaa,▸ de▸ja▸▸▸ vu!▸▸▸▸▸▸▸▸ Didn't you take me to a casino a couple of years ago?
resources.assets	8520	MonoBehaviour	dialogLineSets[1].dialogLines[2].dialogText	Awww, thanks!▸▸▸▸▸
resources.assets	8520	MonoBehaviour	dialogLineSets[2].dialogLines[0].dialogText	Why▸▸▸ am I so horny today?▸▸▸▸▸ Is that just me?▸▸▸
resources.assets	8520	MonoBehaviour	dialogLineSets[2].dialogLines[1].dialogText	Come on!▸▸▸▸▸ [aaaaa]Unlike me,▸▸▸▸▸ the night is still young.▸▸▸▸▸ [hahahahahaha]
resources.assets	8520	MonoBehaviour	dialogLineSets[2].dialogLines[2].dialogText	Oh my god!▸▸▸▸▸
resources.assets	8520	MonoBehaviour	dialogLineSets[2].dialogLines[3].dialogText	[Hahahahahaha]No... come on, seriously. What brings you to a place like this?
resources.assets	8520	MonoBehaviour	dialogLineSets[13].dialogLines[0].dialogText	Boioioioioioioing!▸▸▸ Is there anything better than a MILF!?▸▸▸ Uhhh, yeah!▸▸▸▸▸ Two MILFS!▸▸▸▸▸▸▸▸
resources.assets	8520	MonoBehaviour	dialogLineSets[13].dialogLines[1].dialogText	My▸▸ god...▸▸▸▸▸ between the two of 'em,▸▸▸▸▸ there's enough titty milk to end world hunger!▸▸▸▸▸
resources.assets	8520	MonoBehaviour	dialogLineSets[13].dialogLines[2].dialogText	There ya go!
resources.assets	8520	MonoBehaviour	dialogLineSets[13].dialogLines[3].dialogText	Well, well, well, look at this mother fucker!▸▸▸
resources.assets	8520	MonoBehaviour	dialogLineSets[13].dialogLines[4].dialogText	Daaaa[aaaaaa]mn▸▸▸ son!▸▸▸▸▸▸▸▸ Looks like I might be right about you after all.▸▸▸
resources.assets	8521	MonoBehaviour	dialogLineSets[0].dialogLines[0].dialogText	This is the SMOOTHIE_ACCEPT dialog trigger.
resources.assets	8521	MonoBehaviour	dialogLineSets[1].dialogLines[0].dialogText	Wow!▸▸▸▸▸ I feel like a million bucks!
resources.assets	8521	MonoBehaviour	dialogLineSets[1].dialogLines[1].dialogText	Now THAT'S a refreshing beverage!
resources.assets	8521	MonoBehaviour	dialogLineSets[1].dialogLines[2].dialogText	What flavor is that? It's amazing!▸▸
resources.assets	8521	MonoBehaviour	dialogLineSets[1].dialogLines[3].dialogText	Mmmm...▸▸▸ the way that first sip hits ya...
resources.assets	8521	MonoBehaviour	dialogLineSets[1].dialogLines[4].dialogText	I swear,▸▸▸▸▸ I could replace whole meals with these!
resources.assets	8521	MonoBehaviour	dialogLineSets[2].dialogLines[0].dialogText	Oh▸ my▸ god,▸▸▸▸[hh]▸▸▸▸▸▸▸ that's actually REALLY good!▸▸▸
resources.assets	8521	MonoBehaviour	dialogLineSets[2].dialogLines[1].dialogText	Why do I like this so much?▸▸▸▸▸▸▸▸ Is there booze in this?
resources.assets	8521	MonoBehaviour	dialogLineSets[2].dialogLines[2].dialogText	In a word?▸▸▸▸▸ Orgasmic.
resources.assets	8521	MonoBehaviour	dialogLineSets[2].dialogLines[3].dialogText	Mmm!▸▸▸▸▸ That hits the spot!
resources.assets	8521	MonoBehaviour	dialogLineSets[2].dialogLines[4].dialogText	Yes,▸▸▸▸▸ puh-▸▸▸lease!▸▸▸▸[ss]▸▸▸▸[hahaha]▸▸[hhhh]
resources.assets	8521	MonoBehaviour	dialogLineSets[3].dialogLines[0].dialogText	Oh my▸▸ gooood...▸▸[hh]▸▸[hh] Starbrand▸▸ REAL▸LY▸▸ needs to start carrying these.▸▸[h]
resources.assets	8521	MonoBehaviour	dialogLineSets[3].dialogLines[1].dialogText	Oh,▸▸▸▸▸ yeah,▸▸ this is definitely like,[hh]▸▸ my▸▸ new▸▸ favorite.
resources.assets	8521	MonoBehaviour	dialogLineSets[3].dialogLines[2].dialogText	I am seriously▸▸[hh]▸▸ LIV▸▸ING for this smoothie right now...[h]
resources.assets	8521	MonoBehaviour	dialogLineSets[3].dialogLines[3].dialogText	Okay,▸ this is actually like,▸[hh]▸▸▸ sustaining my▸▸ fuck▸▸ing soul?▸[h]
resources.assets	8521	MonoBehaviour	dialogLineSets[3].dialogLines[4].dialogText	Ummm,▸▸▸▸▸▸▸ I would literally blow a thousand guys for this?
resources.assets	8521	MonoBehaviour	dialogLineSets[3].dialogLines[4].yuriDialogText	Ummm,▸▸▸▸▸[hh]▸▸ I would literally eat a thousand cunts for this.
resources.assets	8521	MonoBehaviour	dialogLineSets[4].dialogLines[0].dialogText	Yes...▸▸▸▸▸▸▸▸▸▸ I can feel the energy boost provided by this beverage!
resources.assets	8521	MonoBehaviour	dialogLineSets[4].dialogLines[1].dialogText	Recharged,▸▸▸▸▸ rejuvenated,▸▸▸▸▸ and revitalized!
resources.assets	8521	MonoBehaviour	dialogLineSets[4].dialogLines[2].dialogText	This▸▸▸ smoothie...▸▸▸▸▸ it's imbued with...▸▸▸▸▸ special properties,▸▸▸ is it not?
resources.assets	8521	MonoBehaviour	dialogLineSets[4].dialogLines[3].dialogText	I▸▸▸ can't put my finger on it,▸ but I feel...▸▸▸▸▸ somehow...▸▸▸▸▸ enlightened.
resources.assets	8521	MonoBehaviour	dialogLineSets[4].dialogLines[4].dialogText	Fascinating...▸▸▸▸▸▸▸▸▸▸▸▸▸ it's like some kind of...▸▸▸▸▸▸▸ dating enhancement potion...
resources.assets	8521	MonoBehaviour	dialogLineSets[5].dialogLines[0].dialogText	Mmmm!▸▸[hh]▸▸▸▸▸ That's▸▸ SUPER▸▸ sweet!▸▸▸▸▸ Like me!▸▸▸▸▸▸▸▸[hahaha]▸▸[hh]
resources.assets	8521	MonoBehaviour	dialogLineSets[5].dialogLines[1].dialogText	Good▸▸byyyyee sugar withdrawal![h]
resources.assets	8521	MonoBehaviour	dialogLineSets[5].dialogLines[2].dialogText	Can I get mine with BOBA next time!?[h]
resources.assets	8521	MonoBehaviour	dialogLineSets[5].dialogLines[3].dialogText	Does this flavor come in milk tea!?[h]
resources.assets	8521	MonoBehaviour	dialogLineSets[5].dialogLines[4].dialogText	Mmm!▸▸[hh]▸▸ Mmm!▸▸▸▸[hh]▸▸ MMM!!!▸▸▸[hh]
resources.assets	8521	MonoBehaviour	dialogLineSets[6].dialogLines[0].dialogText	Mmm![hh]▸▸▸▸▸▸▸▸▸▸ I didn't realize I was so thirsty...
resources.assets	8521	MonoBehaviour	dialogLineSets[6].dialogLines[1].dialogText	That's MUCH sweeter than the smoothies I usually get!
resources.assets	8521	MonoBehaviour	dialogLineSets[6].dialogLines[2].dialogText	Ugh,▸▸▸▸▸ you have to teach me how to make these!
resources.assets	8521	MonoBehaviour	dialogLineSets[6].dialogLines[3].dialogText	Wooooww...[hh]▸▸▸▸▸ that's just the pick-me-up I needed.
resources.assets	8521	MonoBehaviour	dialogLineSets[6].dialogLines[4].dialogText	I hope it doesn't turn my tongue a different color!▸▸[hahahaha]▸▸[hhhh]
resources.assets	8521	MonoBehaviour	dialogLineSets[7].dialogLines[0].dialogText	Oooo!▸▸[hh]▸▸ I like that kind!
resources.assets	8521	MonoBehaviour	dialogLineSets[7].dialogLines[1].dialogText	Mmm-Mmm!▸▸▸▸▸▸▸▸▸▸▸▸▸[hahahaha]▸▸▸▸[hhhh]
resources.assets	8521	MonoBehaviour	dialogLineSets[7].dialogLines[2].dialogText	Is this drugs?▸▸▸▸▸[hh]▸▸▸▸▸ 'Cause I like it!
resources.assets	8521	MonoBehaviour	dialogLineSets[7].dialogLines[3].dialogText	Drinkin' this makes me real happy!
resources.assets	8521	MonoBehaviour	dialogLineSets[7].dialogLines[4].dialogText	Now I'm gonna have to owe you a special favor!▸▸▸▸▸[hahahaha]
resources.assets	8521	MonoBehaviour	dialogLineSets[8].dialogLines[0].dialogText	Shii[iii]iit...▸▸▸ now THIS is what's up![h]
resources.assets	8521	MonoBehaviour	dialogLineSets[8].dialogLines[1].dialogText	Yeah, alright... I can get down with this.
resources.assets	8521	MonoBehaviour	dialogLineSets[8].dialogLines[2].dialogText	Is this laced with somethin'?▸▸▸▸▸ 'Cause, fuck it's good.
resources.assets	8521	MonoBehaviour	dialogLineSets[8].dialogLines[3].dialogText	Da[aa]mn,▸▸▸ I'm feelin'▸▸ kinda like, uhh, juiced up now!
resources.assets	8521	MonoBehaviour	dialogLineSets[8].dialogLines[4].dialogText	Ps[ss]sh!▸▸▸▸▸ You're god damn right I want a fuckin' smoothie!
resources.assets	8521	MonoBehaviour	dialogLineSets[9].dialogLines[0].dialogText	Mmm!▸▸▸▸▸ We'd make a kil▸ling sel▸ling these by the pool...
resources.assets	8521	MonoBehaviour	dialogLineSets[9].dialogLines[1].dialogText	Wooooww[hh]...▸▸ that's▸▸ real▸ly▸▸ quite refreshing!
resources.assets	8521	MonoBehaviour	dialogLineSets[9].dialogLines[2].dialogText	Extraordinary!▸▸▸▸▸ Just extraordinary!
resources.assets	8521	MonoBehaviour	dialogLineSets[9].dialogLines[3].dialogText	I▸▸▸ swear...▸▸▸▸▸▸▸▸ it's like I feel ten years younger all the sudden!
resources.assets	8521	MonoBehaviour	dialogLineSets[9].dialogLines[4].dialogText	These▸▸▸▸▸ are▸▸▸▸▸ ama▸▸▸▸▸zing!▸▸▸▸▸▸▸▸▸▸▸▸ Can I buy the recipe off you?
resources.assets	8521	MonoBehaviour	dialogLineSets[10].dialogLines[0].dialogText	You didn't put anything WEIRD in here,▸▸ did you?
resources.assets	8521	MonoBehaviour	dialogLineSets[10].dialogLines[1].dialogText	Mmm!▸▸▸▸▸▸▸▸▸▸▸▸▸▸▸▸▸▸▸▸ Super▸▸▸▸▸ yummy▸▸▸▸▸ senpai!▸▸▸▸▸▸▸▸▸▸▸▸▸▸▸▸▸▸▸▸▸▸▸▸▸[hahahahahaha]▸▸▸▸▸▸▸▸▸▸[hhhh]▸▸▸▸▸ That's what you want,▸▸▸▸▸ right?
resources.assets	8521	MonoBehaviour	dialogLineSets[10].dialogLines[2].dialogText	I bet I can chug this faster than you!
resources.assets	8521	MonoBehaviour	dialogLineSets[10].dialogLines[3].dialogText	Ah!▸▸▸▸▸ Shit!▸▸▸▸▸ Brain freeze!
resources.assets	8521	MonoBehaviour	dialogLineSets[10].dialogLines[4].dialogText	This is what I wish spunk tasted like.
resources.assets	8521	MonoBehaviour	dialogLineSets[10].dialogLines[4].yuriDialogText	This is what I wish girl spunk tasted like.
resources.assets	8521	MonoBehaviour	dialogLineSets[11].dialogLines[0].dialogText	Ahh, thank you for sharing this with me!▸▸▸ It's very good!
resources.assets	8521	MonoBehaviour	dialogLineSets[11].dialogLines[1].dialogText	It's simple pleasures like this that make me LOVE living here!
resources.assets	8521	MonoBehaviour	dialogLineSets[11].dialogLines[2].dialogText	Oops!▸▸▸▸▸▸▸▸▸▸ Uh, I think I got a little bit of it on my chin...
resources.assets	8521	MonoBehaviour	dialogLineSets[11].dialogLines[3].dialogText	I like to swish it around in my mouth before I...▸▸▸▸▸ uhh,▸▸▸▸▸ swallow...
resources.assets	8521	MonoBehaviour	dialogLineSets[11].dialogLines[4].dialogText	Is this...▸▸▸▸▸ an▸▸▸ aphrodisiac?▸▸▸▸▸▸▸▸▸▸ N-▸▸no...▸▸▸▸▸ it's▸▸▸▸▸ probably just me.
resources.assets	8521	MonoBehaviour	dialogLineSets[12].dialogLines[0].dialogText	It's▸▸ gone▸▸ al▸▸ready!?▸▸▸[hh]▸▸▸▸▸ I guess I must've liked it![h]
resources.assets	8521	MonoBehaviour	dialogLineSets[12].dialogLines[1].dialogText	Mmmm!▸▸▸▸▸▸▸ Even better than my post-workout smoothies!
resources.assets	8521	MonoBehaviour	dialogLineSets[12].dialogLines[2].dialogText	Smoothie▸▸ selfie!▸▸▸▸▸ Cap▸▸tion...▸▸ you▸▸ HAVE▸▸ to try these![s]
resources.assets	8521	MonoBehaviour	dialogLineSets[12].dialogLines[3].dialogText	You're gonna turn me into a smoothie-holic!▸▸▸[kk]▸▸▸▸▸[hahaha]▸▸[hh]
resources.assets	8521	MonoBehaviour	dialogLineSets[12].dialogLines[4].dialogText	We[e]ll,▸▸▸▸▸ we wouldn't want it to go to waste,▸▸ would we?
resources.assets	8522	MonoBehaviour	dialogLineSets[0].dialogLines[0].dialogText	This is the SMOOTHIE_FULL dialog trigger.
resources.assets	8522	MonoBehaviour	dialogLineSets[1].dialogLines[0].dialogText	Hmmm...▸▸ I wish I could, but I probably shouldn't...
resources.assets	8522	MonoBehaviour	dialogLineSets[1].dialogLines[1].dialogText	It's important not to overindulge while you're on vacation.
resources.assets	8522	MonoBehaviour	dialogLineSets[2].dialogLines[0].dialogText	Thanks hun,▸▸▸▸▸ but I think I'll pass for now.
resources.assets	8522	MonoBehaviour	dialogLineSets[2].dialogLines[1].dialogText	I shouldn't...▸▸▸▸▸▸▸▸▸▸ I promised myself I wouldn't gain too much weight on this trip.
resources.assets	8522	MonoBehaviour	dialogLineSets[3].dialogLines[0].dialogText	Probably▸▸▸▸▸ not, 'cause,▸▸[hh]▸▸ if I get fat,▸[hh]▸ I▸▸ literally▸▸▸ WILL▸▸▸ kill myself.▸▸[hh]
resources.assets	8522	MonoBehaviour	dialogLineSets[3].dialogLines[1].dialogText	Ummm,▸▸▸▸▸ ye[e]ah[h],▸▸▸▸▸ I don't want to just drink smoothies all day[yy]?
resources.assets	8522	MonoBehaviour	dialogLineSets[4].dialogLines[0].dialogText	I seem to have reached my current capacity for this particular flavor...
resources.assets	8522	MonoBehaviour	dialogLineSets[4].dialogLines[1].dialogText	You know what they say about having too much of a good thing,▸▸▸▸▸ don't you?
resources.assets	8522	MonoBehaviour	dialogLineSets[5].dialogLines[0].dialogText	No thanks!▸▸▸▸▸ I'm already kinda super hyped up on sugar anyway!
resources.assets	8522	MonoBehaviour	dialogLineSets[5].dialogLines[1].dialogText	Save it for me later,▸▸ 'kay?
resources.assets	8522	MonoBehaviour	dialogLineSets[6].dialogLines[0].dialogText	I couldn't...▸▸▸▸▸ really, you've already given me too much!▸▸▸▸▸
resources.assets	8522	MonoBehaviour	dialogLineSets[6].dialogLines[1].dialogText	I don't want to drink it all...▸▸▸▸▸ please,▸▸▸▸▸ share it with others!
resources.assets	8522	MonoBehaviour	dialogLineSets[7].dialogLines[0].dialogText	You already gave me that kind, sil[h]ly!
resources.assets	8522	MonoBehaviour	dialogLineSets[7].dialogLines[1].dialogText	I'm sick of that flavor!▸▸▸▸▸▸▸▸▸▸ I want somethin' else![s]
resources.assets	8522	MonoBehaviour	dialogLineSets[8].dialogLines[0].dialogText	Ehhhh,▸▸▸▸▸▸▸▸▸▸ I'm kinda good right now...▸▸▸▸▸ thanks though.
resources.assets	8522	MonoBehaviour	dialogLineSets[8].dialogLines[1].dialogText	Na[aa]h,▸▸▸▸▸ I'm startin' to get like,▸▸ smoothie cramps or somethin'...
resources.assets	8522	MonoBehaviour	dialogLineSets[9].dialogLines[0].dialogText	We don't want to give in to gluttony, now▸▸ do we?
resources.assets	8522	MonoBehaviour	dialogLineSets[9].dialogLines[1].dialogText	So[oo]▸▸rry,▸▸▸▸▸▸▸▸▸▸▸▸ just not in the mood for that at the moment.
resources.assets	8522	MonoBehaviour	dialogLineSets[10].dialogLines[0].dialogText	Nah,▸▸▸▸▸▸▸▸ too many of those▸▸▸▸▸ and I'm out of a modeling career!
resources.assets	8522	MonoBehaviour	dialogLineSets[10].dialogLines[1].dialogText	Ehhh,▸▸▸▸▸▸▸▸ I'm kinda smoothied out right now...
resources.assets	8522	MonoBehaviour	dialogLineSets[11].dialogLines[0].dialogText	That's alright!▸▸▸▸▸▸▸▸▸▸ I don't want to take all of your smoothies...
resources.assets	8522	MonoBehaviour	dialogLineSets[11].dialogLines[1].dialogText	I'm sure someone else would love a smoothie too!
resources.assets	8522	MonoBehaviour	dialogLineSets[12].dialogLines[0].dialogText	This▸▸ girl▸▸ knows▸▸ when she's had enough!
resources.assets	8522	MonoBehaviour	dialogLineSets[12].dialogLines[1].dialogText	Be▸▸ a▸▸ doll▸▸ and▸▸▸▸▸▸▸▸ hang onto that for me for later?
resources.assets	8523	MonoBehaviour	dialogLineSets[0].dialogLines[0].dialogText	This is the SMOOTHIE_REJECT dialog trigger.
resources.assets	8523	MonoBehaviour	dialogLineSets[1].dialogLines[0].dialogText	Sorry, that's probably the one flavor I just can't do.
resources.assets	8523	MonoBehaviour	dialogLineSets[2].dialogLines[0].dialogText	Not to be difficult,▸▸▸▸▸ but can you get me a different flavor?▸▸▸▸▸▸▸▸▸▸ Pretty please?
resources.assets	8523	MonoBehaviour	dialogLineSets[3].dialogLines[0].dialogText	Ba[a]rf!▸▸▸▸▸ No▸▸▸▸▸▸▸ thanks...[s]
resources.assets	8523	MonoBehaviour	dialogLineSets[4].dialogLines[0].dialogText	I▸▸▸▸▸ don't know why...▸▸▸▸▸▸▸▸▸▸▸▸▸ but I've got a bad feeling about that flavor...
resources.assets	8523	MonoBehaviour	dialogLineSets[5].dialogLines[0].dialogText	Blegh![h]
resources.assets	8523	MonoBehaviour	dialogLineSets[6].dialogLines[0].dialogText	[SSSSS]Sorry,▸▸▸▸▸▸▸▸▸▸ but,▸▸▸▸▸ something doesn't taste quite right about that flavor...
resources.assets	8523	MonoBehaviour	dialogLineSets[7].dialogLines[0].dialogText	Awww...▸▸[hh]▸▸▸▸▸ blue!?[aahh]▸▸▸▸▸▸▸▸▸ I hate blue!▸▸▸
resources.assets	8523	MonoBehaviour	dialogLineSets[8].dialogLines[0].dialogText	Pssh,▸▸▸▸▸▸▸▸ nah,▸▸▸▸▸▸▸▸ I'm all set on that flavor...
resources.assets	8523	MonoBehaviour	dialogLineSets[9].dialogLines[0].dialogText	Ughh,▸▸▸▸▸ no▸▸ thanks...[s]▸▸▸▸▸▸▸▸▸▸ orange is my HUSBAND'S favorite color...
resources.assets	8523	MonoBehaviour	dialogLineSets[10].dialogLines[0].dialogText	No can do!▸▸▸▸▸▸▸▸▸▸▸▸▸▸▸ I'm pretty sure I'm allergic to something in that flavor.
resources.assets	8523	MonoBehaviour	dialogLineSets[11].dialogLines[0].dialogText	I know it's a strange rule...▸▸▸▸▸ but,▸▸ in my culture, we don't▸▸▸ drink▸▸ blue.
resources.assets	8523	MonoBehaviour	dialogLineSets[12].dialogLines[0].dialogText	You don't▸▸▸ happen to have a different flavor by any chance,▸▸▸ do you?
resources.assets	8524	MonoBehaviour	dialogLineSets[0].dialogLines[0].dialogText	This is the FOOD_ACCEPT dialog trigger.
resources.assets	8524	MonoBehaviour	dialogLineSets[1].dialogLines[0].dialogText	Definitely gonna have to hit the gym later!
resources.assets	8524	MonoBehaviour	dialogLineSets[1].dialogLines[1].dialogText	Oh▸▸ god,▸▸ I'm such a foodie...
resources.assets	8524	MonoBehaviour	dialogLineSets[1].dialogLines[2].dialogText	Ughh... why does it taste so damn good!?
resources.assets	8524	MonoBehaviour	dialogLineSets[1].dialogLines[3].dialogText	I suppose it can't hurt to have a little bite...▸▸▸▸▸ or two!▸▸▸▸▸
resources.assets	8524	MonoBehaviour	dialogLineSets[1].dialogLines[4].dialogText	Cheat day!▸▸▸▸▸[hahahaha]
resources.assets	8524	MonoBehaviour	dialogLineSets[2].dialogLines[0].dialogText	Fuuuuck...▸▸▸▸▸[kk]▸▸▸▸▸ that is soooo good...
resources.assets	8524	MonoBehaviour	dialogLineSets[2].dialogLines[1].dialogText	I swear, this is my favorite thing to eat.▸▸▸▸▸ Well,▸▸▸▸▸ second favorite...▸▸▸
resources.assets	8524	MonoBehaviour	dialogLineSets[2].dialogLines[2].dialogText	The way to THIS woman's heart is definitely through her mouth.▸▸[hhaahhaahhaa]▸▸[hhhh]
resources.assets	8524	MonoBehaviour	dialogLineSets[2].dialogLines[3].dialogText	You're gonna fill me all up with meals like this...
resources.assets	8524	MonoBehaviour	dialogLineSets[2].dialogLines[4].dialogText	Ughh,▸▸ not fair!▸▸▸▸▸ You know all of my weaknesses...
resources.assets	8524	MonoBehaviour	dialogLineSets[3].dialogLines[0].dialogText	At▸▸▸ LEAST▸▸▸ food▸▸ still loves me...[h]
resources.assets	8524	MonoBehaviour	dialogLineSets[3].dialogLines[1].dialogText	If it wasn't for this kinda food,▸[hh]▸▸▸ I'd▸▸ definitely▸▸ be GONE by now.▸▸[h]
resources.assets	8524	MonoBehaviour	dialogLineSets[3].dialogLines[2].dialogText	Oh▸▸ my god,▸▸ I literally▸▸ NEVER▸ want to stop eating this!
resources.assets	8524	MonoBehaviour	dialogLineSets[3].dialogLines[3].dialogText	Wouldn't▸▸ it be funny▸▸ if I like,▸▸▸[hh]▸▸▸ choked on this and died?▸▸[h]
resources.assets	8524	MonoBehaviour	dialogLineSets[3].dialogLines[4].dialogText	What?▸▸▸▸▸[hh]▸▸▸ Just because▸▸ I'm▸▸ little▸▸ doesn't mean▸▸ I don't like to eat...[h]
resources.assets	8524	MonoBehaviour	dialogLineSets[4].dialogLines[0].dialogText	[H]Mmm,▸▸▸▸▸▸▸ yes...▸▸▸▸▸▸▸▸▸▸▸▸ this should serve as adequate nutrition.
resources.assets	8524	MonoBehaviour	dialogLineSets[4].dialogLines[1].dialogText	Thank you.▸▸▸▸▸▸▸▸▸▸ I will accept your generous offer of food.
resources.assets	8524	MonoBehaviour	dialogLineSets[4].dialogLines[2].dialogText	I eat to live,▸▸▸▸▸▸▸▸ not live to eat.▸▸▸▸▸▸▸▸▸▸ That said,▸▸▸▸▸▸▸ it was quite good!
resources.assets	8524	MonoBehaviour	dialogLineSets[4].dialogLines[3].dialogText	Often times I can go days without eating.▸▸▸▸▸▸▸▸▸▸▸▸▸▸▸▸▸▸▸▸ This is not one of those times...
resources.assets	8524	MonoBehaviour	dialogLineSets[4].dialogLines[4].dialogText	I've no idea▸▸ WHERE▸▸ this came from...▸▸▸▸▸▸▸▸ but I'll trust you...
resources.assets	8524	MonoBehaviour	dialogLineSets[5].dialogLines[0].dialogText	Ughh!▸▸ No fair![hh]▸▸▸ It's SOOOOO gooood![hh]
resources.assets	8524	MonoBehaviour	dialogLineSets[5].dialogLines[1].dialogText	Oh-▸▸▸Em-▸▸▸Gee!▸▸▸▸▸ That is super,▸▸ duper,▸▸ pooper DELISH![h]
resources.assets	8524	MonoBehaviour	dialogLineSets[5].dialogLines[2].dialogText	[ha]Sometimes I can't decide if I like anime more,▸▸▸ or food more...[hh]
resources.assets	8524	MonoBehaviour	dialogLineSets[5].dialogLines[3].dialogText	Oh▸▸▸ no...▸▸▸▸▸ will I still be cute if I get super fat?[hh]
resources.assets	8524	MonoBehaviour	dialogLineSets[5].dialogLines[4].dialogText	[aaaaaaahhh]▸▸▸▸▸▸▸▸▸▸▸▸▸▸▸Whoop▸▸sie!▸▸▸▸▸▸▸▸▸▸[hahahaha]▸▸[hh]
resources.assets	8524	MonoBehaviour	dialogLineSets[6].dialogLines[0].dialogText	I hope you didn't pay too much for this!▸▸▸▸▸▸▸▸▸▸ I know the resort prices can be a little excessive...
resources.assets	8524	MonoBehaviour	dialogLineSets[6].dialogLines[1].dialogText	Oh,▸▸▸▸▸ wow,▸▸▸▸▸ I really appreciate it!▸▸▸▸▸▸▸▸▸▸ You don't have to feed me though!
resources.assets	8524	MonoBehaviour	dialogLineSets[6].dialogLines[2].dialogText	[hahahaha]▸▸▸▸▸[hhhh]▸▸▸▸▸I guess you noticed my tummy grumbling too, huh?
resources.assets	8524	MonoBehaviour	dialogLineSets[6].dialogLines[3].dialogText	Ahhh,▸▸▸▸▸ much better!▸▸▸▸▸▸▸▸▸▸▸▸▸▸▸▸▸▸▸▸ I knew I shouldn't have skipped breakfast this morning...
resources.assets	8524	MonoBehaviour	dialogLineSets[6].dialogLines[4].dialogText	[aaaa]▸▸▸▸▸Oops![hahaha] Sorry!▸▸▸▸▸▸▸▸▸▸▸▸▸[hahahaha]▸▸▸▸▸ That's so embarrassing...
resources.assets	8524	MonoBehaviour	dialogLineSets[7].dialogLines[0].dialogText	Mmm!▸▸▸▸▸ Sure!▸▸▸▸▸▸▸▸ That's awful sweet of ya!
resources.assets	8524	MonoBehaviour	dialogLineSets[7].dialogLines[1].dialogText	[YYY]Yummy!▸▸▸▸▸▸▸[hahahaha]▸▸▸▸[hhhh]
resources.assets	8524	MonoBehaviour	dialogLineSets[7].dialogLines[2].dialogText	Thank you!▸▸▸▸▸[hh]▸▸ My tummy says thank you too!
resources.assets	8524	MonoBehaviour	dialogLineSets[7].dialogLines[3].dialogText	[ah]▸▸Don't▸▸ worry,▸▸▸▸▸[hh]▸▸ I'll just throw up later so I stay pretty!
resources.assets	8524	MonoBehaviour	dialogLineSets[7].dialogLines[4].dialogText	I can swallow a whole mouthful at once!▸[hh]▸▸▸▸▸ Wanna see?
resources.assets	8524	MonoBehaviour	dialogLineSets[8].dialogLines[0].dialogText	Thanks...[hh]▸▸▸▸▸▸▸▸ money is kinda tight, so,▸▸▸▸▸ this helps a lot.
resources.assets	8524	MonoBehaviour	dialogLineSets[8].dialogLines[1].dialogText	Aye,▸▸▸▸▸ I owe you one,▸▸▸▸▸ o▸▸kay?
resources.assets	8524	MonoBehaviour	dialogLineSets[8].dialogLines[2].dialogText	Sometimes I gotta skip lunch,▸▸▸ so,▸▸▸▸▸ like,▸▸▸ I appreciate▸▸ that.
resources.assets	8524	MonoBehaviour	dialogLineSets[8].dialogLines[3].dialogText	I ain't gonna complain about free food...
resources.assets	8524	MonoBehaviour	dialogLineSets[8].dialogLines[4].dialogText	He[e]y[y],▸▸ where I come from, you take what you can get!
resources.assets	8524	MonoBehaviour	dialogLineSets[9].dialogLines[0].dialogText	Simply...▸▸▸▸▸ delectable!
resources.assets	8524	MonoBehaviour	dialogLineSets[9].dialogLines[1].dialogText	Ahhhh...▸▸ a real treat for the taste buds!
resources.assets	8524	MonoBehaviour	dialogLineSets[9].dialogLines[2].dialogText	That's even better than our personal chef makes it!
resources.assets	8524	MonoBehaviour	dialogLineSets[9].dialogLines[3].dialogText	It's okay to indulgence every once in a while,▸▸ right?
resources.assets	8524	MonoBehaviour	dialogLineSets[9].dialogLines[4].dialogText	Something tells me I'll be scheduling another liposuction!
resources.assets	8524	MonoBehaviour	dialogLineSets[10].dialogLines[0].dialogText	At least you know how to make yourself useful!
resources.assets	8524	MonoBehaviour	dialogLineSets[10].dialogLines[1].dialogText	A girl's gotta eat!
resources.assets	8524	MonoBehaviour	dialogLineSets[10].dialogLines[2].dialogText	Oh▸▸ man,▸▸▸▸▸ my boss is gonna hate me...
resources.assets	8524	MonoBehaviour	dialogLineSets[10].dialogLines[3].dialogText	Thanks,▸▸▸▸▸▸▸▸▸▸ you gonna feed it to me too?▸▸▸▸▸[hahahaha]▸▸[hhhh]
resources.assets	8524	MonoBehaviour	dialogLineSets[10].dialogLines[4].dialogText	You're not like...▸▸▸▸▸ INTO watching girls eat,▸▸▸▸▸ are you?
resources.assets	8524	MonoBehaviour	dialogLineSets[11].dialogLines[0].dialogText	Thank you!▸▸▸▸▸[hh]▸▸▸▸▸ I was growing tired of eating airport food every day!
resources.assets	8524	MonoBehaviour	dialogLineSets[11].dialogLines[1].dialogText	You brought me food?▸▸▸▸▸▸▸▸▸▸ You...▸▸▸▸▸ you don't need to do that!
resources.assets	8524	MonoBehaviour	dialogLineSets[11].dialogLines[2].dialogText	Mmmm!▸▸▸▸▸[hh]▸▸▸▸▸ My mother never made anything like THIS for us!
resources.assets	8524	MonoBehaviour	dialogLineSets[11].dialogLines[3].dialogText	You won't mind if I...[hh]▸▸▸▸▸ l-▸▸▸▸▸lick my fingers clean,▸▸▸▸▸▸▸▸▸▸ will you?
resources.assets	8524	MonoBehaviour	dialogLineSets[11].dialogLines[4].dialogText	I'm still getting used to not having to cook for my brothers!
resources.assets	8524	MonoBehaviour	dialogLineSets[12].dialogLines[0].dialogText	Awww[hh]!▸▸▸▸▸▸▸▸▸▸ I'll cook for you sometime, I promise!
resources.assets	8524	MonoBehaviour	dialogLineSets[12].dialogLines[1].dialogText	One▸▸ teensy little bite couldn't hu[u]rt,▸▸ right?[t]
resources.assets	8524	MonoBehaviour	dialogLineSets[12].dialogLines[2].dialogText	Ughh![hh] How'd you discover my weakness!?
resources.assets	8524	MonoBehaviour	dialogLineSets[12].dialogLines[3].dialogText	I didn't even have to ask!▸▸ Oh, I like you!
resources.assets	8524	MonoBehaviour	dialogLineSets[12].dialogLines[4].dialogText	Why can't more men be this considerate?
resources.assets	8524	MonoBehaviour	dialogLineSets[12].dialogLines[4].yuriDialogText	Why can't more woman be this considerate?
resources.assets	8525	MonoBehaviour	dialogLineSets[0].dialogLines[0].dialogText	This is the FOOD_REJECT dialog trigger.
resources.assets	8525	MonoBehaviour	dialogLineSets[1].dialogLines[0].dialogText	None for me, thanks.▸▸▸▸▸ I have a tendency to get sick after I eat Mexican.
resources.assets	8525	MonoBehaviour	dialogLineSets[1].dialogLines[1].dialogText	...and undo my fitness progress for the week?▸▸▸▸▸ I don't think so!
resources.assets	8525	MonoBehaviour	dialogLineSets[2].dialogLines[0].dialogText	Blegh...▸▸▸▸▸▸▸▸▸▸ there are some things even I won't put in my mouth.
resources.assets	8525	MonoBehaviour	dialogLineSets[2].dialogLines[1].dialogText	There's only ONE type of seafood that I like to eat.▸▸[hahahaha]▸▸[hhhh]
resources.assets	8525	MonoBehaviour	dialogLineSets[3].dialogLines[0].dialogText	Do you like,▸▸▸▸▸ WANT me to throw up?▸▸[hh]▸▸▸ 'Caaaause,▸▸▸ that's▸▸ what▸▸ I'm▸▸ about▸▸ to do...
resources.assets	8525	MonoBehaviour	dialogLineSets[3].dialogLines[1].dialogText	Eww,▸▸▸▸▸ what the fuck...▸▸ is that?▸▸▸▸▸ Gro[o]ss...[s]
resources.assets	8525	MonoBehaviour	dialogLineSets[4].dialogLines[0].dialogText	I'm afraid that would require several hours of recovery sleep...
resources.assets	8525	MonoBehaviour	dialogLineSets[4].dialogLines[1].dialogText	Consuming too many treats can make my visions hazy and unclear...
resources.assets	8525	MonoBehaviour	dialogLineSets[5].dialogLines[0].dialogText	Nope!▸▸▸▸▸ I'm in the mood for...▸▸▸▸▸ ummmm...▸▸▸▸▸ something else!
resources.assets	8525	MonoBehaviour	dialogLineSets[5].dialogLines[1].dialogText	Awwww...[hh]▸▸▸▸▸ my dentist said I can't eat  candy no more 'cause I got too many cavities...[s]
resources.assets	8525	MonoBehaviour	dialogLineSets[6].dialogLines[0].dialogText	[SSSS]Sorry,▸▸▸▸▸ a big meal like that would put me right to sleep!
resources.assets	8525	MonoBehaviour	dialogLineSets[6].dialogLines[1].dialogText	It's very tempting...▸▸▸▸▸ but,▸▸▸▸▸ I can't!▸▸▸▸▸▸▸▸▸▸ It would go right to my thighs.
resources.assets	8525	MonoBehaviour	dialogLineSets[7].dialogLines[0].dialogText	If I▸▸ eat▸▸ that,▸▸[hh] I might get fat,▸▸▸[hh] and people won't like me no more!▸▸▸▸▸
resources.assets	8525	MonoBehaviour	dialogLineSets[7].dialogLines[1].dialogText	Ewww!▸▸▸▸▸[h]▸▸▸▸▸ Yucky!
resources.assets	8525	MonoBehaviour	dialogLineSets[8].dialogLines[0].dialogText	Nah,▸▸▸▸▸ sorry,▸▸▸▸▸ I been eatin' this kinda shit my entire life.▸▸ I'm sick of it.
resources.assets	8525	MonoBehaviour	dialogLineSets[8].dialogLines[1].dialogText	Who the fuck is still eatin' candy at my age?
resources.assets	8525	MonoBehaviour	dialogLineSets[9].dialogLines[0].dialogText	Nothing compares to the authentic French cuisine I've eaten on holiday.
resources.assets	8525	MonoBehaviour	dialogLineSets[9].dialogLines[1].dialogText	Oh,▸▸▸▸▸▸▸▸▸▸ no thanks.[s]▸▸▸▸▸▸▸▸▸▸▸▸▸ I don't even let my kids eat that stuff.
resources.assets	8525	MonoBehaviour	dialogLineSets[10].dialogLines[0].dialogText	Ooh la la!▸▸▸▸▸ Breaking out the fancy cuisine, huh?▸▸▸▸▸▸▸ Thanks,▸▸ but▸▸▸▸▸▸▸ I'll pass.▸▸▸▸▸
resources.assets	8525	MonoBehaviour	dialogLineSets[10].dialogLines[1].dialogText	That stuff▸▸▸ is WAY▸▸▸▸▸▸ too greasy.▸▸▸▸▸▸▸▸▸▸▸▸▸▸▸▸▸▸▸▸ I feel like I need a shower after eating it.
resources.assets	8525	MonoBehaviour	dialogLineSets[11].dialogLines[0].dialogText	Sorry,▸▸ but,▸▸ that makes me gag.▸▸▸▸▸▸▸▸▸▸ Not that I have a problem with...▸▸▸▸▸▸▸▸▸▸ gagging...
resources.assets	8525	MonoBehaviour	dialogLineSets[11].dialogLines[1].dialogText	I wanted to like that kind of food,▸▸▸ but,▸▸▸▸▸▸▸▸▸▸ it doesn't sit well in my stomach...
resources.assets	8525	MonoBehaviour	dialogLineSets[12].dialogLines[0].dialogText	Oh,▸▸ you do NOT want to see what happens to me when I eat that.▸▸▸▸▸ Mmm, it's▸▸ NOT▸▸ very▸▸ ladylike...[k]
resources.assets	8525	MonoBehaviour	dialogLineSets[12].dialogLines[1].dialogText	Oh▸▸ lord,▸▸ what I wouldn't give!▸▸▸▸▸ No,▸▸▸▸▸ no...▸▸▸▸▸ I have to show some restraint![t]
resources.assets	8526	MonoBehaviour	dialogLineSets[0].dialogLines[0].dialogText	This is the UNIQUE_ACCEPT dialog trigger.
resources.assets	8526	MonoBehaviour	dialogLineSets[1].dialogLines[0].dialogText	Hey,▸▸▸ what a coincidence!▸▸▸▸▸▸▸ I just recently lost my other one!
resources.assets	8526	MonoBehaviour	dialogLineSets[1].dialogLines[1].dialogText	This is▸▸ TOO▸▸ perfect!▸▸▸▸▸▸▸▸ It's exactly what I needed!
resources.assets	8526	MonoBehaviour	dialogLineSets[1].dialogLines[2].dialogText	Awww,▸▸ thank you!▸▸▸▸▸▸▸▸▸▸ It's nice to have somebody who supports my work.
resources.assets	8526	MonoBehaviour	dialogLineSets[2].dialogLines[0].dialogText	If you're just trying to get me drunk so you can take advantage of me...▸▸▸▸▸ then▸▸▸ keep▸▸▸ going!▸▸▸▸[hahahahahaha]▸▸[hhhh]▸▸▸▸▸▸▸
resources.assets	8526	MonoBehaviour	dialogLineSets[2].dialogLines[1].dialogText	You're so good to me...▸▸▸▸▸[hh]▸▸▸ I'll have to be EXTRA good to you...
resources.assets	8526	MonoBehaviour	dialogLineSets[2].dialogLines[2].dialogText	I'll TRY to save some of this for later...[hh]▸▸ but I can't make any promises!
resources.assets	8526	MonoBehaviour	dialogLineSets[3].dialogLines[0].dialogText	I can't believe you actually got me this!▸▸▸[hh]▸▸▸ That's actually like... sort▸▸ of▸▸ awesome?
resources.assets	8526	MonoBehaviour	dialogLineSets[3].dialogLines[1].dialogText	YEEEEAASSSS!▸▸▸▸▸ The evil spirit in this thing,▸▸[hh]▸▸ literally▸▸ speaks▸▸ to me.[h]
resources.assets	8526	MonoBehaviour	dialogLineSets[3].dialogLines[2].dialogText	Oh my god!▸▸ This is basically like,▸▸▸[hh]▸▸▸ exactly what I needed for my next seance...[s]
resources.assets	8526	MonoBehaviour	dialogLineSets[4].dialogLines[0].dialogText	You have my gratitude!▸▸▸▸▸▸▸▸▸▸▸▸▸▸▸▸▸ I feel more in-tune with the spirit world already...
resources.assets	8526	MonoBehaviour	dialogLineSets[4].dialogLines[1].dialogText	Yes...▸▸▸▸▸▸▸▸▸▸ I can sense this object is overflowing with positive spiritual energy...
resources.assets	8526	MonoBehaviour	dialogLineSets[4].dialogLines[2].dialogText	If▸▸▸▸▸ this is a means by which to increase my attraction towards you...▸▸▸▸▸▸▸▸▸▸▸▸ it▸▸▸ seems to be working...
resources.assets	8526	MonoBehaviour	dialogLineSets[5].dialogLines[0].dialogText	Gaaahh![hh]▸▸ Kawa▸▸ii![hh]▸▸▸▸▸ Ari▸▸ga▸▸tooooo!▸▸[hh]
resources.assets	8526	MonoBehaviour	dialogLineSets[5].dialogLines[1].dialogText	[aaaaaa][hh]▸▸▸▸▸Thank you,▸▸ thank you,▸ thank you!
resources.assets	8526	MonoBehaviour	dialogLineSets[5].dialogLines[2].dialogText	No[o]▸▸▸ WAY!▸▸[hh]▸▸▸▸▸▸▸▸▸▸ How'd you know I liked THIS kinda thing!?[h]
resources.assets	8526	MonoBehaviour	dialogLineSets[6].dialogLines[0].dialogText	For me?▸▸▸▸▸ Really?▸▸▸▸▸ Wow,▸▸▸▸▸ umm...▸▸▸▸▸ thank you so much!
resources.assets	8526	MonoBehaviour	dialogLineSets[6].dialogLines[1].dialogText	Aww,▸▸▸▸▸[hh]▸▸▸▸▸ that's really sweet of you!▸▸▸▸▸▸▸▸▸▸▸▸▸▸▸▸▸▸ You didn't have to get this for me!
resources.assets	8526	MonoBehaviour	dialogLineSets[6].dialogLines[2].dialogText	I don't know what to say!▸▸▸▸▸▸▸▸▸▸▸▸▸▸▸ I don't get too many gifts out of the blue like that.
resources.assets	8526	MonoBehaviour	dialogLineSets[7].dialogLines[0].dialogText	Oh![ohoh]▸▸▸▸▸[hh] I'm really good at this toy!▸▸▸▸[hh]▸▸▸ I practiced a lot!
resources.assets	8526	MonoBehaviour	dialogLineSets[7].dialogLines[1].dialogText	Yay!▸▸▸▸▸[hh]▸▸▸▸▸ I used to play with this all the time when I was a teenager!
resources.assets	8526	MonoBehaviour	dialogLineSets[7].dialogLines[2].dialogText	Wooooww!▸▸▸▸▸[hhhh]▸▸▸▸▸▸▸▸▸▸ Would you just look at all those real pretty colors?[h]▸▸▸
resources.assets	8526	MonoBehaviour	dialogLineSets[8].dialogLines[0].dialogText	Fuck,▸▸▸ yoooo,▸▸▸▸▸▸▸▸▸▸ I appreciate this,▸▸▸▸▸ a lo[oo]t.▸▸▸▸▸ It's perfect for when I babysit my little cousin.
resources.assets	8526	MonoBehaviour	dialogLineSets[8].dialogLines[1].dialogText	You're just giving this to me?▸▸▸▸▸ Shiit...▸▸▸▸▸ like,▸▸▸▸▸▸▸[hah]▸▸▸▸▸▸ I don't even know what to say...
resources.assets	8526	MonoBehaviour	dialogLineSets[8].dialogLines[2].dialogText	I was afraid I wouldn't be able to get nothin' for my cousin's birthday.▸▸▸▸▸ Thank you...
resources.assets	8526	MonoBehaviour	dialogLineSets[9].dialogLines[0].dialogText	Now why can't my husband surprise me with new bags like this?
resources.assets	8526	MonoBehaviour	dialogLineSets[9].dialogLines[1].dialogText	Wow,▸▸▸▸▸▸▸ this is real,▸▸▸ isn't it?▸▸▸▸▸▸▸▸▸▸ You must be doing okay for yourself!
resources.assets	8526	MonoBehaviour	dialogLineSets[9].dialogLines[2].dialogText	Per▸▸fect▸▸ tim▸▸ing!▸▸▸▸▸▸▸▸▸▸▸▸▸ I was just starting to get sick of the bag I bought last week.
resources.assets	8526	MonoBehaviour	dialogLineSets[10].dialogLines[0].dialogText	Don't go thinkin' this means I owe you anything!▸▸▸▸▸ I do enough for you already!
resources.assets	8526	MonoBehaviour	dialogLineSets[10].dialogLines[1].dialogText	What's with you being nice all the sudden?▸▸▸▸▸ Are you up to something?
resources.assets	8526	MonoBehaviour	dialogLineSets[10].dialogLines[2].dialogText	Aww,▸▸▸ sick,▸▸▸ thanks!▸▸▸▸▸▸▸▸▸▸▸▸▸▸▸ I'm looking forward to jamming out with this.
resources.assets	8526	MonoBehaviour	dialogLineSets[11].dialogLines[0].dialogText	Gahh!▸▸▸▸▸ T-▸▸▸this is...▸▸▸▸▸ exactly what they used in the video I saw last night...
resources.assets	8526	MonoBehaviour	dialogLineSets[11].dialogLines[1].dialogText	I,▸▸▸▸▸ umm...▸▸▸▸▸ oh my...▸▸▸▸▸ I've never used...▸▸▸▸▸ one of these before...
resources.assets	8526	MonoBehaviour	dialogLineSets[11].dialogLines[2].dialogText	Unnnghh,▸▸▸▸▸▸▸ I can't tell you how long I've wanted to...▸▸▸▸▸ experiment with this...
resources.assets	8526	MonoBehaviour	dialogLineSets[12].dialogLines[0].dialogText	Oh,▸▸ you[uh]!▸▸▸▸▸ Now you didn't have to go and get me this![s]
resources.assets	8526	MonoBehaviour	dialogLineSets[12].dialogLines[1].dialogText	I know it's an unusual hobby...▸▸[hh]▸▸ but I just▸▸ LO[O]VE▸▸ collecting antiques![s]
resources.assets	8526	MonoBehaviour	dialogLineSets[12].dialogLines[2].dialogText	A girl's gonna fall in love with you if you keep givin' her gifts like this![s]
resources.assets	8527	MonoBehaviour	dialogLineSets[0].dialogLines[0].dialogText	This is the UNIQUE_REJECT dialog trigger.
resources.assets	8527	MonoBehaviour	dialogLineSets[1].dialogLines[0].dialogText	Quit goofing around!▸▸▸▸▸ You know I'm not gonna take that from you.
resources.assets	8527	MonoBehaviour	dialogLineSets[1].dialogLines[1].dialogText	I've been trying to practice minimalism, so▸▸▸ I don't want too many new things.
resources.assets	8527	MonoBehaviour	dialogLineSets[2].dialogLines[0].dialogText	Hmmm...▸▸▸▸▸▸▸▸▸▸[hh]▸▸▸▸▸ don't you want to get me something that I like?
resources.assets	8527	MonoBehaviour	dialogLineSets[2].dialogLines[1].dialogText	I appreciate the thought...▸▸▸[hh]▸▸▸ but I don't see how this is gonna get me drunk.
resources.assets	8527	MonoBehaviour	dialogLineSets[3].dialogLines[0].dialogText	Umm,▸▸▸ yee[e]eeahh[h]...▸▸ I'm gonna have to go▸▸▸ with▸▸▸ NO[OO]...[h]
resources.assets	8527	MonoBehaviour	dialogLineSets[3].dialogLines[1].dialogText	Am I supposed to like,▸ want▸▸ that?[t]
resources.assets	8527	MonoBehaviour	dialogLineSets[4].dialogLines[0].dialogText	Surely this gift is meant for another?
resources.assets	8527	MonoBehaviour	dialogLineSets[4].dialogLines[1].dialogText	I'm afraid I have no need for such an object...
resources.assets	8527	MonoBehaviour	dialogLineSets[5].dialogLines[0].dialogText	Mmmmm...▸▸▸▸▸ nope![h]▸▸▸▸▸ Sorry,▸▸▸ I don't really like that kinda thing.
resources.assets	8527	MonoBehaviour	dialogLineSets[5].dialogLines[1].dialogText	Here,▸▸ you dropped this.
resources.assets	8527	MonoBehaviour	dialogLineSets[6].dialogLines[0].dialogText	Uhhhh...▸▸▸▸▸▸▸▸▸▸ did...▸▸▸▸▸▸▸▸▸▸ did you mean to give that to me?
resources.assets	8527	MonoBehaviour	dialogLineSets[6].dialogLines[1].dialogText	I'd hate to turn down such thoughtful gift,▸▸▸▸▸ but,▸▸▸▸▸ I'd really have no use for it!
resources.assets	8527	MonoBehaviour	dialogLineSets[7].dialogLines[0].dialogText	Now what am I gonna do with that, sil[h]ly?
resources.assets	8527	MonoBehaviour	dialogLineSets[7].dialogLines[1].dialogText	No thanks!▸▸[hhhh]▸▸▸▸▸ I got an online wishlist I can send ya if ya want!
resources.assets	8527	MonoBehaviour	dialogLineSets[8].dialogLines[0].dialogText	Look,▸▸▸▸▸ I appreciate it▸▸ and everything,▸▸▸ but,▸▸▸▸▸▸▸ I just ain't got a use for that.
resources.assets	8527	MonoBehaviour	dialogLineSets[8].dialogLines[1].dialogText	What's with the gifts,▸▸ huh?▸▸▸▸▸▸▸▸▸▸ Ain't you got your own self to worry about?
resources.assets	8527	MonoBehaviour	dialogLineSets[9].dialogLines[0].dialogText	My tastes are a bit mo[o]re...▸▸▸▸▸ expensive,▸▸▸▸▸▸▸▸ than...▸▸▸▸▸▸▸▸ that...
resources.assets	8527	MonoBehaviour	dialogLineSets[9].dialogLines[1].dialogText	Surely that's your idea of some kind of...▸▸▸▸▸ joke?
resources.assets	8527	MonoBehaviour	dialogLineSets[10].dialogLines[0].dialogText	[IIIIII]I'm not tryin' to shit on your gift... but,▸▸▸▸▸ it kinda sucks.▸▸[hahahaha]▸▸[hhhh]▸▸ Sorry.
resources.assets	8527	MonoBehaviour	dialogLineSets[10].dialogLines[1].dialogText	I'm not a mindless gift accepting machine.▸▸▸▸▸▸▸▸▸▸ You have to put SOME thought into it.
resources.assets	8527	MonoBehaviour	dialogLineSets[11].dialogLines[0].dialogText	No, no!▸▸▸▸▸ It's really nice, it is, but...▸▸▸▸▸▸▸▸▸▸ I don't deserve it!
resources.assets	8527	MonoBehaviour	dialogLineSets[11].dialogLines[1].dialogText	Why don't you give that to another girl?▸▸▸▸▸▸▸▸▸▸ I'm sure she would love it!
resources.assets	8527	MonoBehaviour	dialogLineSets[12].dialogLines[0].dialogText	No,▸▸ real▸ly,▸▸ I couldn't!▸▸ It wouldn't be right![t]
resources.assets	8527	MonoBehaviour	dialogLineSets[12].dialogLines[1].dialogText	I▸▸ wish▸▸ I could accept it!▸▸▸▸[hh]▸▸▸▸ There's just no room in my suitcases...[s]
resources.assets	8528	MonoBehaviour	dialogLineSets[0].dialogLines[0].dialogText	This is the SHOES_ACCEPT dialog trigger.
resources.assets	8528	MonoBehaviour	dialogLineSets[1].dialogLines[0].dialogText	Yes!▸▸▸▸▸ I have the PERFECT outfit to go with these!
resources.assets	8528	MonoBehaviour	dialogLineSets[1].dialogLines[1].dialogText	No▸▸ way!▸▸▸▸▸ I was thinking of a design JUST like this!
resources.assets	8528	MonoBehaviour	dialogLineSets[1].dialogLines[2].dialogText	These are SUPER cute!▸▸▸▸▸ I can't wait until winter!
resources.assets	8528	MonoBehaviour	dialogLineSets[2].dialogLines[0].dialogText	St▸▸▸▸▸op!▸▸▸▸▸ How fucking cute are these shoes? I fucking LOVE them.
resources.assets	8528	MonoBehaviour	dialogLineSets[2].dialogLines[1].dialogText	[aaaa]▸▸▸▸▸I was looking everywhere for this pair!▸▸▸ Aww,▸▸▸▸▸ you're the best!▸▸
resources.assets	8528	MonoBehaviour	dialogLineSets[2].dialogLines[2].dialogText	Have a little shoe fetish,▸▸ do we?▸▸▸▸▸[hahahaha]▸▸[hhhh]
resources.assets	8528	MonoBehaviour	dialogLineSets[3].dialogLines[0].dialogText	Fuck,▸▸ o▸▸kay,▸▸[hh]▸▸ these▸▸▸ are▸▸▸▸▸ LITERAL▸▸LY▸▸▸[hh]▸▸ the sickest shoes I think I've▸▸▸▸▸ EVER seen!▸[h]
resources.assets	8528	MonoBehaviour	dialogLineSets[3].dialogLines[1].dialogText	Wait...▸▸[hh]▸▸▸ you actually like,▸▸ understand▸▸ my▸▸ style?▸▸▸[hh]▸▸▸▸▸ That's...▸ like...▸▸ cool?[h]
resources.assets	8528	MonoBehaviour	dialogLineSets[3].dialogLines[2].dialogText	I▸▸ GUESS I'll have to live another day...▸▸▸[hh]▸▸▸ as long as I get to wear▸▸▸ these.[h]
resources.assets	8528	MonoBehaviour	dialogLineSets[4].dialogLines[0].dialogText	The gifting of footwear...▸▸▸▸▸▸▸▸▸▸ what peculiar rituals we humans partake in...
resources.assets	8528	MonoBehaviour	dialogLineSets[4].dialogLines[1].dialogText	Thank you...▸▸▸▸▸▸▸▸▸▸ it's not often I'm able to find a pair of boots that conforms to my aesthetic.
resources.assets	8528	MonoBehaviour	dialogLineSets[4].dialogLines[2].dialogText	I can only imagine the incredible butterfly technology that enabled you to attain these...
resources.assets	8528	MonoBehaviour	dialogLineSets[5].dialogLines[0].dialogText	[ha]Sugoi!▸ Sugoi!▸ Sugoiii!!![hh]
resources.assets	8528	MonoBehaviour	dialogLineSets[5].dialogLines[1].dialogText	Where did you get these!?▸▸▸ These are sooo[oo]ooo kawaiiiiii![hh]
resources.assets	8528	MonoBehaviour	dialogLineSets[5].dialogLines[2].dialogText	[aa]▸▸[hh]▸▸▸I used to have a pair just like these!
resources.assets	8528	MonoBehaviour	dialogLineSets[6].dialogLines[0].dialogText	I love the feeling of sand in my flip flops.▸▸▸▸▸[hahahaha]▸▸[hhhh]▸▸▸▸▸ Is that weird?
resources.assets	8528	MonoBehaviour	dialogLineSets[6].dialogLines[1].dialogText	I'd walk around barefoot if I could.▸▸▸▸▸▸▸▸▸▸ These are the next best thing though!▸▸[ha][ha]
resources.assets	8528	MonoBehaviour	dialogLineSets[6].dialogLines[2].dialogText	How'd you know!?▸▸▸▸▸▸▸▸▸▸▸▸ I just noticed the strap was coming loose on my other pair.
resources.assets	8528	MonoBehaviour	dialogLineSets[7].dialogLines[0].dialogText	[AA]Aww[ww]ww![hh]▸▸▸▸ You're the sweetest, bestest boy▸ ever!▸▸▸▸▸
resources.assets	8528	MonoBehaviour	dialogLineSets[7].dialogLines[0].yuriDialogText	[AA]Aww[ww]ww![hh]▸▸▸▸ You're the sweetest, bestest girl▸ ever!▸▸▸▸▸
resources.assets	8528	MonoBehaviour	dialogLineSets[7].dialogLines[1].dialogText	You got these for little ol' ME!?▸▸[hh]▸▸▸▸▸▸▸▸▸▸[mmmwah▸▸mwah▸mwah▸mwahmwah]
resources.assets	8528	MonoBehaviour	dialogLineSets[7].dialogLines[2].dialogText	They're▸▸ so▸ pretty!▸▸▸▸▸[hh]▸▸▸▸▸ I can wear these for ya if ya like!
resources.assets	8528	MonoBehaviour	dialogLineSets[8].dialogLines[0].dialogText	O▸▸kay,▸▸▸▸▸ these...▸▸▸▸▸ are dope as hell.▸▸▸▸▸ Hell yeah,▸▸ I'll take them.
resources.assets	8528	MonoBehaviour	dialogLineSets[8].dialogLines[1].dialogText	Yoo[oo]oo,▸▸▸▸▸ thank you.▸▸▸▸▸▸▸▸ You just saved me a FUCK ton of money on new shoes.
resources.assets	8528	MonoBehaviour	dialogLineSets[8].dialogLines[2].dialogText	These are SO fucking clean,▸▸▸[hh]▸▸▸ I don't know if I can even wear them...
resources.assets	8528	MonoBehaviour	dialogLineSets[9].dialogLines[0].dialogText	These▸▸ are▸▸ simply▸▸▸▸ ador▸▸able!▸▸▸▸▸▸▸▸▸▸▸▸ I'm surprised I don't own them already!
resources.assets	8528	MonoBehaviour	dialogLineSets[9].dialogLines[1].dialogText	O[o]h[h]!▸▸▸▸▸▸▸▸▸▸ I▸▸ do hope I have room for these in my shoe closet...
resources.assets	8528	MonoBehaviour	dialogLineSets[9].dialogLines[2].dialogText	Gor▸▸▸▸▸geous!▸▸▸▸▸▸▸▸▸▸ These will make an EXCELLENT addition to my wardrobe.
resources.assets	8528	MonoBehaviour	dialogLineSets[10].dialogLines[0].dialogText	Yo,▸▸▸▸▸ these are really nice!▸▸▸▸▸ Since when do YOU have taste?
resources.assets	8528	MonoBehaviour	dialogLineSets[10].dialogLines[1].dialogText	Oh,▸▸▸ nice!▸▸▸▸▸▸▸▸▸▸ I modeled a pair just like these for one of my favorite brands.
resources.assets	8528	MonoBehaviour	dialogLineSets[10].dialogLines[2].dialogText	What?▸▸▸▸▸▸▸▸▸▸▸▸▸▸▸ I didn't think these were coming out until next year.▸▸▸▸▸▸▸ How'd YOU get these?▸▸▸▸▸
resources.assets	8528	MonoBehaviour	dialogLineSets[11].dialogLines[0].dialogText	I'm▸▸▸▸▸ not accustomed to receiving this kind of attention...▸▸▸▸▸ so,▸▸▸▸▸ I'm not sure how to react!
resources.assets	8528	MonoBehaviour	dialogLineSets[11].dialogLines[1].dialogText	Are you sure!?▸▸[hh]▸▸▸▸▸ They're so nice...▸▸▸[hh]▸▸▸▸▸ I don't feel as though I've earned such a gift!
resources.assets	8528	MonoBehaviour	dialogLineSets[11].dialogLines[2].dialogText	T-▸▸▸▸▸▸▸▸thank you!▸▸▸▸[hh]▸▸▸▸ Is it customary to offer shoes to girls in your country?
resources.assets	8528	MonoBehaviour	dialogLineSets[12].dialogLines[0].dialogText	[aaaahh]▸▸▸▸▸You must have seen my video where I'm▸▸▸ GUSH▸▸ING about pumps!
resources.assets	8528	MonoBehaviour	dialogLineSets[12].dialogLines[1].dialogText	[aaaaaahh]▸▸▸▸▸▸▸▸▸▸I can match these with SO[O]▸▸ many▸▸ outfits...▸▸▸▸▸ ughh!▸▸▸▸▸ They're too perfect!
resources.assets	8528	MonoBehaviour	dialogLineSets[12].dialogLines[2].dialogText	I▸▸▸ think▸▸▸ I'm head over HEELS▸▸▸▸▸ in love with these shoes!▸▸▸▸▸▸▸▸▸▸▸▸▸ Get it?▸▸▸▸▸[hahaha]▸▸[hh]
resources.assets	8529	MonoBehaviour	dialogLineSets[0].dialogLines[0].dialogText	This is the SHOES_REJECT dialog trigger.
resources.assets	8529	MonoBehaviour	dialogLineSets[1].dialogLines[0].dialogText	Those ARE pretty cute...▸▸▸▸▸ but,▸▸ I just can't see myself wearing them.
resources.assets	8529	MonoBehaviour	dialogLineSets[1].dialogLines[1].dialogText	Sorry, but I can't be supporting this brand.▸▸▸▸▸ I'm gonna be competing with them someday!
resources.assets	8529	MonoBehaviour	dialogLineSets[2].dialogLines[0].dialogText	Oh,▸▸▸▸▸▸▸▸ those are▸▸▸ cute...▸▸▸▸▸▸▸▸▸▸ not really my style though.
resources.assets	8529	MonoBehaviour	dialogLineSets[2].dialogLines[1].dialogText	You've known me for over two years and you don't know what kind of shoes I like?
resources.assets	8529	MonoBehaviour	dialogLineSets[3].dialogLines[0].dialogText	Yeah,▸▸▸▸▸ I think I'd rather be DEAD▸▸ thanks?[s]
resources.assets	8529	MonoBehaviour	dialogLineSets[3].dialogLines[1].dialogText	Literally▸▸▸▸▸ WHO[O]▸▸ would wear these?[h]
resources.assets	8529	MonoBehaviour	dialogLineSets[4].dialogLines[0].dialogText	It appears you've attempted to give those to me by mistake...
resources.assets	8529	MonoBehaviour	dialogLineSets[4].dialogLines[1].dialogText	I'd feel completely out of alignment with my feet stuck in those...
resources.assets	8529	MonoBehaviour	dialogLineSets[5].dialogLines[0].dialogText	Oh,▸▸▸▸▸▸▸ cute![hh]▸▸▸▸▸ Who are those for?
resources.assets	8529	MonoBehaviour	dialogLineSets[5].dialogLines[1].dialogText	These don't look very Japanese to me...[hh]
resources.assets	8529	MonoBehaviour	dialogLineSets[6].dialogLines[0].dialogText	Those are very pretty,▸▸▸▸▸▸▸▸▸▸ but▸▸▸▸▸ I don't think they would fit me.
resources.assets	8529	MonoBehaviour	dialogLineSets[6].dialogLines[1].dialogText	[hahaha]▸▸[ha]▸▸▸▸▸[hhhh]▸▸▸▸▸I'm not sure I could walk in those even if I tried.
resources.assets	8529	MonoBehaviour	dialogLineSets[7].dialogLines[0].dialogText	My work says I gotta wear REAL high heels,▸[ss]▸▸▸ not those...[s]
resources.assets	8529	MonoBehaviour	dialogLineSets[7].dialogLines[1].dialogText	But...[hh]▸▸▸▸▸ if I wear those,[hh]▸▸▸▸ I won't be as pretty!
resources.assets	8529	MonoBehaviour	dialogLineSets[8].dialogLines[0].dialogText	I ain't really into girly shit like that.▸▸▸▸▸▸▸ I just like to wear sneakers.
resources.assets	8529	MonoBehaviour	dialogLineSets[8].dialogLines[1].dialogText	Pssh,▸▸▸▸▸ nah,▸▸▸▸▸ I couldn't even SELL those...
resources.assets	8529	MonoBehaviour	dialogLineSets[9].dialogLines[0].dialogText	Can you imagine ME wearing THOSE?
resources.assets	8529	MonoBehaviour	dialogLineSets[9].dialogLines[1].dialogText	Oh▸▸ my...▸▸▸▸▸ just,▸▸▸▸▸ n-no...
resources.assets	8529	MonoBehaviour	dialogLineSets[10].dialogLines[0].dialogText	WHAT are THO[OOO]SE?▸▸▸▸▸
resources.assets	8529	MonoBehaviour	dialogLineSets[10].dialogLines[1].dialogText	Sorry,▸▸▸▸▸ I have a reputation to keep up.▸▸▸▸▸ I can't be seen wearing those.
resources.assets	8529	MonoBehaviour	dialogLineSets[11].dialogLines[0].dialogText	I have▸▸▸▸▸ very little experience walking in shoes like that...▸▸▸▸▸ I'd fall right over!
resources.assets	8529	MonoBehaviour	dialogLineSets[11].dialogLines[1].dialogText	I like those,▸▸▸▸▸ I do,▸▸▸▸▸ but...▸▸▸▸▸ I don't own any clothes nice enough to wear with them.
resources.assets	8529	MonoBehaviour	dialogLineSets[12].dialogLines[0].dialogText	I really appreciate the trouble!▸[hh]▸▸▸ It's just...▸▸▸▸▸ not my sense of style.
resources.assets	8529	MonoBehaviour	dialogLineSets[12].dialogLines[1].dialogText	O[o]h[h]...▸▸▸[hh]▸▸▸▸▸▸▸ sorry, I just can't picture myself wearing a pair of shoes like that.
resources.assets	8530	MonoBehaviour	dialogLineSets[0].dialogLines[0].dialogText	This is the SHELL_ACCEPT dialog trigger.
resources.assets	8530	MonoBehaviour	dialogLineSets[1].dialogLines[0].dialogText	Hmmm... this pattern gives me some new design ideas.▸▸▸▸▸▸▸▸ Can I have it?▸▸▸▸▸ I'll give you this!
resources.assets	8530	MonoBehaviour	dialogLineSets[2].dialogLines[0].dialogText	Oh,▸▸▸▸▸ this is cute!▸▸▸▸▸▸▸▸▸▸▸▸▸ Look,▸▸▸▸▸▸▸▸▸▸ I can use it as an ash▸▸▸ tray!▸▸▸▸▸▸▸▸▸▸▸▸▸▸▸ I guess I don't need THIS thing anymore!
resources.assets	8530	MonoBehaviour	dialogLineSets[3].dialogLines[0].dialogText	This is pretty▸▸▸ si[ii]ck!▸▸▸▸▸[hh] I'm taking this for my room.▸▸▸▸▸[hh] You can have this piece of shit I found.
resources.assets	8530	MonoBehaviour	dialogLineSets[4].dialogLines[0].dialogText	What▸▸ a▸▸▸ cap▸▸tivating▸▸ ob▸▸▸ject...▸▸▸▸▸▸▸▸▸▸▸▸▸▸▸ I would like to have it,▸▸▸▸▸ but,▸▸▸▸▸▸▸▸▸▸ I have only this in return...
resources.assets	8530	MonoBehaviour	dialogLineSets[5].dialogLines[0].dialogText	[h]This is SOO[OO]OO▸▸ cute![hh]▸▸▸▸▸▸▸▸▸▸ Gimme gimme gimme!▸▸▸▸▸ Pleeeease?▸▸▸▸▸▸▸ I'll give you this for it![h]
resources.assets	8530	MonoBehaviour	dialogLineSets[6].dialogLines[0].dialogText	You found a conch!?▸▸▸▸▸▸▸▸▸▸ I've been looking for this for my collection!▸▸▸▸▸▸▸▸▸▸ Here,▸▸▸▸▸▸▸▸▸▸ take this,▸▸▸▸▸ I insist!▸▸▸▸▸
resources.assets	8530	MonoBehaviour	dialogLineSets[7].dialogLines[0].dialogText	Oo!▸▸ Oo!▸▸[hh] I know what that is![hh]▸▸ That's▸▸ a▸▸ star!▸▸[hh]▸▸▸▸▸ Can I have it?▸▸▸▸▸ I'll give you this![s]
resources.assets	8530	MonoBehaviour	dialogLineSets[8].dialogLines[0].dialogText	Y[oo]o,▸▸▸▸▸ is that a real turtle shell?▸▸▸▸▸ My little cousin LOVES turtles.▸▸▸▸▸ Here,▸▸▸▸▸ I'll give you this for it!
resources.assets	8530	MonoBehaviour	dialogLineSets[9].dialogLines[0].dialogText	O▸▸▸kay,▸▸▸▸▸▸▸▸▸▸▸▸▸ I can accept this...▸▸▸▸▸▸▸▸▸▸▸▸▸ as long as you'll be so kind as to rid me of this other...▸▸▸▸▸▸▸▸▸▸ thing?
resources.assets	8530	MonoBehaviour	dialogLineSets[10].dialogLines[0].dialogText	Aww,▸▸▸▸▸ this is actually kinda cool.▸▸▸▸▸▸▸▸▸▸ I could see this on my shelf.▸▸▸▸▸▸▸▸▸▸ Which means,▸▸▸▸▸ I don't need this one anymore.
resources.assets	8530	MonoBehaviour	dialogLineSets[11].dialogLines[0].dialogText	This is nice,▸▸▸▸▸▸▸▸▸▸ I like the way it...▸▸▸▸▸▸▸▸▸▸ feels.▸▸▸▸▸▸▸▸▸▸▸▸▸▸▸▸▸▸▸▸▸▸▸▸▸ I wonder if I could...▸▸▸▸▸ uhh,▸▸▸▸▸ n-▸▸nevermind!▸▸▸[haha]▸▸▸ Here,▸▸▸▸▸ this is for you!
resources.assets	8530	MonoBehaviour	dialogLineSets[12].dialogLines[0].dialogText	Oooo[hh]!▸▸▸▸▸▸▸ I▸▸ think▸▸ you just found a new background decoration for my videos!▸▸▸▸▸[ss]▸▸▸[haha]▸▸[hh]▸▸▸▸▸▸▸▸ Can I trade you for this?
resources.assets	8531	MonoBehaviour	dialogLineSets[0].dialogLines[0].dialogText	This is the SHELL_REJECT dialog trigger.
resources.assets	8531	MonoBehaviour	dialogLineSets[1].dialogLines[0].dialogText	Not a very inspiring design, is it?▸▸▸▸▸ Come on nature, you can do better than that!
resources.assets	8531	MonoBehaviour	dialogLineSets[2].dialogLines[0].dialogText	[aawwww]▸▸▸▸▸▸▸▸▸▸Tiffany loved collecting shells whenever I'd take her to the beach...
resources.assets	8531	MonoBehaviour	dialogLineSets[3].dialogLines[0].dialogText	Umm...▸▸▸▸▸ why are you trying to give me▸ a▸ fucking▸ sea▸ shell?
resources.assets	8531	MonoBehaviour	dialogLineSets[4].dialogLines[0].dialogText	There doesn't appear to be any spiritual significance to this particular object...
resources.assets	8531	MonoBehaviour	dialogLineSets[5].dialogLines[0].dialogText	I saw one of those earlier but I didn't pick it up,▸ 'caaaause... it's▸▸ ug▸▸ly!▸▸
resources.assets	8531	MonoBehaviour	dialogLineSets[6].dialogLines[0].dialogText	Oh,▸▸▸▸▸ I'm really sorry,▸▸▸▸▸ but,▸▸▸▸▸ I already have that one in my shell collection.
resources.assets	8531	MonoBehaviour	dialogLineSets[7].dialogLines[0].dialogText	I never see'd one of those before...▸▸▸▸▸▸▸▸▸▸ what's it supposta do?
resources.assets	8531	MonoBehaviour	dialogLineSets[8].dialogLines[0].dialogText	No offense,▸▸▸▸▸▸▸▸▸▸▸▸▸▸▸ but I don't see what the fuck I'm gonna do with something like that...
resources.assets	8531	MonoBehaviour	dialogLineSets[9].dialogLines[0].dialogText	I'm▸▸ sorry,▸▸▸ but...▸▸▸▸▸ are you actually attempting to give me garbage as a gift?
resources.assets	8531	MonoBehaviour	dialogLineSets[10].dialogLines[0].dialogText	What the fuck is this?▸▸▸▸▸▸▸▸▸▸ What are you gonna try to give me next, a pinecone?
resources.assets	8531	MonoBehaviour	dialogLineSets[11].dialogLines[0].dialogText	I'm afraid I don't understand the meaning of this gift...▸▸▸▸▸▸▸▸▸▸ is this a tradition of some kind?
resources.assets	8531	MonoBehaviour	dialogLineSets[12].dialogLines[0].dialogText	It's...[s]▸▸▸▸▸▸▸ hard coming up with gift ideas,▸▸ isn't it?
resources.assets	8532	MonoBehaviour	dialogLineSets[0].dialogLines[0].dialogText	This is the INVENTORY_FULL dialog trigger.
resources.assets	8532	MonoBehaviour	dialogLineSets[1].dialogLines[0].dialogText	[ahem][ahem]▸▸▸▸▸Your inventory management skills could use a little improvement...
resources.assets	8532	MonoBehaviour	dialogLineSets[2].dialogLines[0].dialogText	It looks like your inventory is ready to burst,▸▸▸▸▸ hun.▸▸▸▸▸▸▸▸▸▸ You might wanna take care of that.
resources.assets	8532	MonoBehaviour	dialogLineSets[3].dialogLines[0].dialogText	Umm,▸▸▸▸▸▸▸ liiiike...▸▸▸ maybe clean out your fucking inventory first?[s]
resources.assets	8532	MonoBehaviour	dialogLineSets[4].dialogLines[0].dialogText	You should consider freeing yourself of unneeded items.▸▸▸▸▸▸▸▸▸▸▸▸▸ Cluttered▸▸ inventory,▸▸▸▸▸▸▸▸▸▸ cluttered mind...
resources.assets	8532	MonoBehaviour	dialogLineSets[5].dialogLines[0].dialogText	Uhhhh...▸▸▸▸▸ I think your inventory is full.▸▸▸▸▸▸▸▸ Haven't you ever played a video game before?
resources.assets	8532	MonoBehaviour	dialogLineSets[6].dialogLines[0].dialogText	Oops!▸▸▸▸▸▸▸▸▸▸ I▸▸▸▸▸ could be wrong...▸▸▸▸▸ but,▸▸▸▸▸ I think your inventory is full.
resources.assets	8532	MonoBehaviour	dialogLineSets[7].dialogLines[0].dialogText	How come you got so much stuff with ya?▸▸▸▸▸▸▸▸▸▸▸▸▸▸▸▸▸▸▸▸ Don't you wanna be able to fit somethin' else in there?
resources.assets	8532	MonoBehaviour	dialogLineSets[8].dialogLines[0].dialogText	Daaaammnn,▸▸▸▸▸▸▸ that fuckin' in▸▸ven▸▸tory...▸▸▸▸▸[hh]▸▸▸ I ain't never had that much shit in my life.
resources.assets	8532	MonoBehaviour	dialogLineSets[9].dialogLines[0].dialogText	Look▸▸ at that▸▸ inventory!▸▸▸▸▸▸▸▸▸▸ Not a▸▸ single▸▸ slot▸▸ open.▸▸▸▸▸▸▸▸▸▸▸▸▸▸▸ You're even messier than my kids![s]
resources.assets	8532	MonoBehaviour	dialogLineSets[10].dialogLines[0].dialogText	Uhhhh...▸▸▸▸▸ notice anything about your inventory?▸▸▸▸▸ A little cramped in there, maybe?
resources.assets	8532	MonoBehaviour	dialogLineSets[11].dialogLines[0].dialogText	I've very sorry, but,▸▸▸▸▸▸▸▸▸▸ your inventory appears to be completely full at the moment.
resources.assets	8532	MonoBehaviour	dialogLineSets[12].dialogLines[0].dialogText	Honest▸▸ly,▸▸ you should hire me to clean out your inventory! It's a mess in there!
resources.assets	8534	MonoBehaviour	dialogLineSets[0].dialogLines[0].dialogText	This is the HER_QUESTION_INTRO dialog trigger.
resources.assets	8534	MonoBehaviour	dialogLineSets[1].dialogLines[0].dialogText	Not to put you on the spot again, but,▸▸ I'm curious...▸▸
resources.assets	8534	MonoBehaviour	dialogLineSets[1].dialogLines[1].dialogText	You know what I've always wondered about you?
resources.assets	8534	MonoBehaviour	dialogLineSets[1].dialogLines[2].dialogText	Oh!▸▸▸▸▸ I just remembered something I was going to ask you.
resources.assets	8534	MonoBehaviour	dialogLineSets[2].dialogLines[0].dialogText	You know,▸▸▸▸▸▸▸▸▸▸ I've always wanted to ask you something...
resources.assets	8534	MonoBehaviour	dialogLineSets[2].dialogLines[1].dialogText	I feel like I can trust you to be honest with me...
resources.assets	8534	MonoBehaviour	dialogLineSets[2].dialogLines[2].dialogText	I can't remember if I've asked you this before, so,▸▸ I'll just ask it...
resources.assets	8534	MonoBehaviour	dialogLineSets[3].dialogLines[0].dialogText	U[u]mmm,▸▸▸ so like... I have a question?[h]
resources.assets	8534	MonoBehaviour	dialogLineSets[3].dialogLines[1].dialogText	I▸▸ wonder▸▸ how▸▸▸ [sss]stu[uu]pid your answer will be to this...[h]
resources.assets	8534	MonoBehaviour	dialogLineSets[3].dialogLines[2].dialogText	I guess I'm supposed to like,▸▸▸ ask▸▸▸ you▸▸▸ some▸▸▸thing?▸▸▸▸▸[hh]▸▸▸▸▸▸▸▸▸▸▸▸▸ O▸▸kay...▸▸[h]
resources.assets	8534	MonoBehaviour	dialogLineSets[4].dialogLines[0].dialogText	It's faint,▸▸▸▸▸▸▸▸▸▸ but I'm picking up a signal from someone on this island...
resources.assets	8534	MonoBehaviour	dialogLineSets[4].dialogLines[1].dialogText	I'm▸▸ getting a reading...▸▸▸▸▸▸▸ of someone nearby.▸▸▸▸▸▸▸▸▸▸ I've no idea who though...
resources.assets	8534	MonoBehaviour	dialogLineSets[4].dialogLines[2].dialogText	Perhaps you can help me put a name to these thoughts I've been sensing...
resources.assets	8534	MonoBehaviour	dialogLineSets[5].dialogLines[0].dialogText	Hey!▸▸▸▸▸ Hey!▸▸▸▸▸ I have a question...[h]
resources.assets	8534	MonoBehaviour	dialogLineSets[5].dialogLines[1].dialogText	Uhh[hh]hh...▸▸ I forgot what I was gonna ask you...▸▸▸▸▸ Oh!▸▸ Wait!▸▸ Now I remember!
resources.assets	8534	MonoBehaviour	dialogLineSets[5].dialogLines[2].dialogText	Can I ask you something?▸▸▸▸▸ Huh?▸▸▸▸▸ Can I?▸▸ Can I?
resources.assets	8534	MonoBehaviour	dialogLineSets[6].dialogLines[0].dialogText	W-▸▸▸▸▸would you mind if I asked you a question?
resources.assets	8534	MonoBehaviour	dialogLineSets[6].dialogLines[1].dialogText	I hate to be a bother,▸▸▸▸▸ but,▸▸▸▸▸ I'm curious about something...
resources.assets	8534	MonoBehaviour	dialogLineSets[6].dialogLines[2].dialogText	You know what I've been thinking about a lot lately?
resources.assets	8534	MonoBehaviour	dialogLineSets[7].dialogLines[0].dialogText	Oh!▸▸▸▸▸[hh]▸▸ I just thought of somethin' I wanna ask ya!
resources.assets	8534	MonoBehaviour	dialogLineSets[7].dialogLines[1].dialogText	Shoot▸[hh]...▸▸▸ I had a question...[h]▸▸▸▸▸ Oh![hh]▸▸▸▸▸ I know!
resources.assets	8534	MonoBehaviour	dialogLineSets[7].dialogLines[2].dialogText	What are you gonna ask me?▸▸▸▸▸[hh]▸▸ Wait!▸▸▸ No!▸▸▸▸▸ It's▸▸ my▸▸ turn!▸▸▸▸▸
resources.assets	8534	MonoBehaviour	dialogLineSets[8].dialogLines[0].dialogText	Aye,▸▸▸▸▸▸▸ lemme ask you somethin'...
resources.assets	8534	MonoBehaviour	dialogLineSets[8].dialogLines[1].dialogText	O▸▸kay,▸▸▸▸▸▸▸▸ be honest with me, will ya?
resources.assets	8534	MonoBehaviour	dialogLineSets[8].dialogLines[2].dialogText	What?▸▸▸▸▸▸▸▸ Am I supposta say something?▸▸ Uhhh,▸▸▸ shit,▸▸▸ o▸▸kay...
resources.assets	8534	MonoBehaviour	dialogLineSets[9].dialogLines[0].dialogText	So tell me something...
resources.assets	8534	MonoBehaviour	dialogLineSets[9].dialogLines[1].dialogText	Be honest with me...
resources.assets	8534	MonoBehaviour	dialogLineSets[9].dialogLines[2].dialogText	Be a dear and answer this question for me...
resources.assets	8534	MonoBehaviour	dialogLineSets[10].dialogLines[0].dialogText	Hey,▸▸▸▸▸ sweet cheeks,▸▸▸▸▸ let me ask you something...
resources.assets	8534	MonoBehaviour	dialogLineSets[10].dialogLines[1].dialogText	Oh▸▸▸▸▸▸▸ shit!▸▸▸▸▸▸▸▸▸▸▸▸▸▸▸▸▸▸ I can't believe I haven't asked you this yet...
resources.assets	8534	MonoBehaviour	dialogLineSets[10].dialogLines[2].dialogText	Is it up to me the kill the awkward silence again?▸▸▸▸▸▸▸▸▸▸ Ok▸▸▸▸▸ay,▸▸▸▸▸▸▸▸▸▸ let's▸▸▸▸▸ see...
resources.assets	8534	MonoBehaviour	dialogLineSets[11].dialogLines[0].dialogText	Forgive my...▸▸▸▸▸ c-▸▸▸▸▸curiosity,▸▸▸▸▸ but...
resources.assets	8534	MonoBehaviour	dialogLineSets[11].dialogLines[1].dialogText	Would it be okay if I asked you something...▸▸▸▸▸ personal?
resources.assets	8534	MonoBehaviour	dialogLineSets[11].dialogLines[2].dialogText	Mmmm,▸▸▸▸▸▸▸▸▸▸ I probably shouldn't ask this...▸▸▸▸▸ but▸▸▸ I can't help myself!
resources.assets	8534	MonoBehaviour	dialogLineSets[12].dialogLines[0].dialogText	For▸▸give▸▸ me,▸▸▸[hh]▸▸▸ but I'm dying to know more about you!
resources.assets	8534	MonoBehaviour	dialogLineSets[12].dialogLines[1].dialogText	So,▸▸ gor▸▸geous,▸▸ tell me somethin'...
resources.assets	8534	MonoBehaviour	dialogLineSets[12].dialogLines[2].dialogText	Let's figure out what's going on inside that cute head of yours...
resources.assets	8535	MonoBehaviour	dialogLineSets[0].dialogLines[0].dialogText	This is the HER_QUESTION dialog trigger.
resources.assets	8535	MonoBehaviour	dialogLineSets[1].dialogLines[0].dialogText	Do you think there should be more women in positions of power?
resources.assets	8535	MonoBehaviour	dialogLineSets[1].dialogLines[1].dialogText	If you started a business,▸▸▸▸▸ what kind of business would it be?
resources.assets	8535	MonoBehaviour	dialogLineSets[1].dialogLines[2].dialogText	In your opinion,▸▸▸▸▸ what's the best day of the week?
resources.assets	8535	MonoBehaviour	dialogLineSets[1].dialogLines[3].dialogText	What's more important to you... being happy▸▸ or being successful?
resources.assets	8535	MonoBehaviour	dialogLineSets[1].dialogLines[4].dialogText	What advice would you give to a person that just graduated high school?
resources.assets	8535	MonoBehaviour	dialogLineSets[1].dialogLines[5].dialogText	What would you do if you found out you only had one month to live?
resources.assets	8535	MonoBehaviour	dialogLineSets[1].dialogLines[6].dialogText	What accomplishment in your life are you most proud of?
resources.assets	8535	MonoBehaviour	dialogLineSets[1].dialogLines[7].dialogText	What kind of people do you look up to, or aspire to be like?
resources.assets	8535	MonoBehaviour	dialogLineSets[1].dialogLines[8].dialogText	What's something you'd like to learn but just haven't found the time yet?
resources.assets	8535	MonoBehaviour	dialogLineSets[1].dialogLines[9].dialogText	What's the most recent thing you've done for the very first time?
resources.assets	8535	MonoBehaviour	dialogLineSets[1].dialogLines[10].dialogText	How do you deal with failure?
resources.assets	8535	MonoBehaviour	dialogLineSets[1].dialogLines[11].dialogText	What's the top item on your bucket list?
resources.assets	8535	MonoBehaviour	dialogLineSets[2].dialogLines[0].dialogText	Should I get a face lift?▸▸▸▸▸▸▸▸▸▸ I think it would really help my career if I was prettier.
resources.assets	8535	MonoBehaviour	dialogLineSets[2].dialogLines[1].dialogText	If you could have me at any age,▸▸▸▸▸▸▸▸▸▸ how old would you want me to be?
resources.assets	8535	MonoBehaviour	dialogLineSets[2].dialogLines[2].dialogText	Would you ever consider marrying someone who's ten years older than you?
resources.assets	8535	MonoBehaviour	dialogLineSets[2].dialogLines[3].dialogText	Do you think I should quit smoking?
resources.assets	8535	MonoBehaviour	dialogLineSets[2].dialogLines[4].dialogText	What do you miss most▸▸▸▸▸ about being a kid?
resources.assets	8535	MonoBehaviour	dialogLineSets[2].dialogLines[5].dialogText	Sometimes I wonder...▸▸▸▸▸▸▸▸▸▸▸▸ would I have been better off if I chose not to have my daughter?
resources.assets	8535	MonoBehaviour	dialogLineSets[2].dialogLines[6].dialogText	If she ever stops ignoring me,▸▸▸▸▸▸▸▸▸▸ I'd love to introduce you to my daughter someday.▸▸▸▸▸▸▸▸▸▸ Would you be okay with that?
resources.assets	8535	MonoBehaviour	dialogLineSets[2].dialogLines[7].dialogText	I know you've had sex with a porn star...▸▸▸▸▸▸▸▸▸▸ but have you ever had sex with a prostitute?
resources.assets	8535	MonoBehaviour	dialogLineSets[2].dialogLines[8].dialogText	Have you ever thought about anything more than just sex between us?
resources.assets	8535	MonoBehaviour	dialogLineSets[2].dialogLines[9].dialogText	How much did you miss me over the past couple of years?
resources.assets	8535	MonoBehaviour	dialogLineSets[2].dialogLines[10].dialogText	What do you want to do with me▸▸▸ that we haven't▸▸ already done?
resources.assets	8535	MonoBehaviour	dialogLineSets[2].dialogLines[11].dialogText	Be honest...▸▸▸▸▸▸▸▸▸▸ have you looked up any of my porn videos since we met?
resources.assets	8535	MonoBehaviour	dialogLineSets[3].dialogLines[0].dialogText	Where do you like,▸ spend most of your time?[h]
resources.assets	8535	MonoBehaviour	dialogLineSets[3].dialogLines[1].dialogText	Do you have any piercings?[s]
resources.assets	8535	MonoBehaviour	dialogLineSets[3].dialogLines[2].dialogText	What▸▸ do you think I should do for my next tattoo?
resources.assets	8535	MonoBehaviour	dialogLineSets[3].dialogLines[3].dialogText	How many followers do you have on QuickiePic?
resources.assets	8535	MonoBehaviour	dialogLineSets[3].dialogLines[4].dialogText	You know the seven deadly sins?▸▸▸[hh]▸▸▸ Which one are you like,▸▸▸ most▸▸ guilty▸ of?▸▸[h]
resources.assets	8535	MonoBehaviour	dialogLineSets[3].dialogLines[5].dialogText	If▸▸ somebody▸▸ was▸▸ under twenty-one and wanted you to buy them beer,▸▸[hh]▸▸ would you do it?
resources.assets	8535	MonoBehaviour	dialogLineSets[3].dialogLines[6].dialogText	If you contacted a▸▸▸ dead person,▸▸▸▸▸[hh] what would you like,▸▸▸▸▸ wanna▸▸ ask▸▸ them?
resources.assets	8535	MonoBehaviour	dialogLineSets[3].dialogLines[7].dialogText	If you could choose,▸▸[hh] how would you want to die?▸▸[h]
resources.assets	8535	MonoBehaviour	dialogLineSets[3].dialogLines[8].dialogText	What do you do when there's like,▸▸ fucking nothing▸▸ to▸▸ do?▸▸[h]
resources.assets	8535	MonoBehaviour	dialogLineSets[3].dialogLines[9].dialogText	What's liiiike,▸▸▸[hh]▸▸▸ the most fucked up place you've ever had sex?[s]
resources.assets	8535	MonoBehaviour	dialogLineSets[3].dialogLines[10].dialogText	Would you rather be a vampire,▸▸ a gho[oo]st,▸▸▸ oooo[oo]rr[rr]...▸▸▸▸▸▸▸ a were▸▸wolf?
resources.assets	8535	MonoBehaviour	dialogLineSets[3].dialogLines[11].dialogText	What's like, the time you were like,▸▸▸▸▸▸▸▸▸▸ mo[oo]st▸▸ afraid?[h]
resources.assets	8535	MonoBehaviour	dialogLineSets[4].dialogLines[0].dialogText	It's a fear of being unremarkable that drives her forward...▸▸▸▸▸▸▸▸▸▸ a desire to leave her mark on the world...
resources.assets	8535	MonoBehaviour	dialogLineSets[4].dialogLines[1].dialogText	There's a deep sadness...▸▸▸▸▸ and much regret.▸▸▸▸▸▸▸▸▸▸▸▸▸▸▸ She wishes she could start over,▸▸▸▸▸ but fears it's far too late...
resources.assets	8535	MonoBehaviour	dialogLineSets[4].dialogLines[2].dialogText	A▸▸ lost▸▸ soul...▸▸▸▸▸▸▸▸▸▸▸▸▸▸▸ confused about her place in the world,▸▸▸▸▸▸▸▸▸▸ lashes out at the people who care for her most...
resources.assets	8535	MonoBehaviour	dialogLineSets[4].dialogLines[3].dialogText	A lack of meaning leaves a gap in this one's life...▸▸▸▸▸▸▸▸▸▸ a gap she tries to cover up with shallow distractions...
resources.assets	8535	MonoBehaviour	dialogLineSets[4].dialogLines[4].dialogText	There's feelings of dislike...▸▸▸▸▸▸▸▸▸▸ not toward others, no...▸▸▸▸▸ toward herself.▸▸▸▸▸ She views herself as below others...
resources.assets	8535	MonoBehaviour	dialogLineSets[4].dialogLines[5].dialogText	No,▸▸▸▸▸ wait...▸▸▸▸▸▸▸▸ I lost it.▸▸▸▸▸▸▸▸ How peculiar...▸▸▸▸▸▸▸▸▸▸▸▸▸▸▸ I was sensing thoughts for a moment...▸▸▸▸▸ and now,▸▸▸▸▸▸▸▸ nothing...
resources.assets	8535	MonoBehaviour	dialogLineSets[4].dialogLines[6].dialogText	It's a past▸▸▸▸▸ filled with hardship,▸▸▸▸▸ and betrayal.▸▸▸▸▸▸▸▸▸▸ This one's walled herself off,▸▸▸▸▸ to avoid being hurt again...
resources.assets	8535	MonoBehaviour	dialogLineSets[4].dialogLines[7].dialogText	There's a fear...▸▸▸▸▸▸▸▸▸▸▸▸▸▸▸ a fear of mortality...▸▸▸▸▸▸▸▸▸▸▸▸▸▸▸▸▸ of growing old.▸▸▸▸▸▸▸▸▸▸▸▸▸ She'll stop at nothing to feel young once again...
resources.assets	8535	MonoBehaviour	dialogLineSets[4].dialogLines[8].dialogText	Growing ever more tired of life's routine and monotony,▸▸ she seeks...▸▸▸▸▸ new challenges,▸▸▸▸▸▸▸▸▸▸ and exciting risks...
resources.assets	8535	MonoBehaviour	dialogLineSets[4].dialogLines[9].dialogText	I'm getting...▸▸▸▸▸▸▸▸ images...▸▸▸▸▸▸▸▸▸▸▸ images▸▸▸▸▸ of...▸▸▸▸▸▸▸▸▸▸▸▸▸▸▸ wait,▸▸▸▸▸ is she going to fit that whole thing in there?▸▸▸ It's not possible!▸▸▸
resources.assets	8535	MonoBehaviour	dialogLineSets[4].dialogLines[10].dialogText	Despite an overwhelming amount of love in her life,▸▸▸▸▸▸▸▸ she continues to seek acceptance from those closest...
resources.assets	8535	MonoBehaviour	dialogLineSets[5].dialogLines[0].dialogText	What kinda anime do you like to watch?
resources.assets	8535	MonoBehaviour	dialogLineSets[5].dialogLines[1].dialogText	What do you think is usually better?▸▸▸ The manga,▸▸ the anime,▸▸ or the live action movie?
resources.assets	8535	MonoBehaviour	dialogLineSets[5].dialogLines[2].dialogText	What's your favorite kinda video game? Huh?▸▸ Huh?▸▸▸ HUH!?
resources.assets	8535	MonoBehaviour	dialogLineSets[5].dialogLines[3].dialogText	Do you have a favorite character class that you choose in RPG games?
resources.assets	8535	MonoBehaviour	dialogLineSets[5].dialogLines[4].dialogText	What kinda girl do you go for first in dating sim games?
resources.assets	8535	MonoBehaviour	dialogLineSets[5].dialogLines[5].dialogText	How do you prefer to watch a television series?
resources.assets	8535	MonoBehaviour	dialogLineSets[5].dialogLines[6].dialogText	If you could have a superpower,▸▸▸▸▸ what would you want it to be?
resources.assets	8535	MonoBehaviour	dialogLineSets[5].dialogLines[7].dialogText	What do you think I should do first when I visit Japan?
resources.assets	8535	MonoBehaviour	dialogLineSets[5].dialogLines[8].dialogText	I'm thinking I should change my nail polish color.▸▸▸▸▸▸▸▸ What color should I go with?
resources.assets	8535	MonoBehaviour	dialogLineSets[5].dialogLines[9].dialogText	What kinda stuff do you and your friends do together?
resources.assets	8535	MonoBehaviour	dialogLineSets[5].dialogLines[10].dialogText	Do you like chubby girls?
resources.assets	8535	MonoBehaviour	dialogLineSets[5].dialogLines[11].dialogText	Do you have any cavities?
resources.assets	8535	MonoBehaviour	dialogLineSets[6].dialogLines[0].dialogText	Do you think girls look better with or without makeup?
resources.assets	8535	MonoBehaviour	dialogLineSets[6].dialogLines[1].dialogText	When you get really anxious or nervous,▸▸▸▸▸▸▸▸▸▸▸▸▸▸▸ how do you calm yourself down?
resources.assets	8535	MonoBehaviour	dialogLineSets[6].dialogLines[2].dialogText	How important do you think, umm...▸▸ s-sex is, in a romantic relationship?
resources.assets	8535	MonoBehaviour	dialogLineSets[6].dialogLines[3].dialogText	How do you feel about those online dating sites?
resources.assets	8535	MonoBehaviour	dialogLineSets[6].dialogLines[4].dialogText	Have you ever been in a long distance relationship?
resources.assets	8535	MonoBehaviour	dialogLineSets[6].dialogLines[5].dialogText	Do you think▸▸▸▸▸ it's a good idea for people to remain friends with their exes?
resources.assets	8535	MonoBehaviour	dialogLineSets[6].dialogLines[6].dialogText	Would you rather live in a big city,▸▸▸▸▸ the suburbs,▸▸▸▸▸▸▸▸▸▸ or▸▸▸▸▸ in the middle of nowhere?
resources.assets	8535	MonoBehaviour	dialogLineSets[6].dialogLines[7].dialogText	Can you tell what kind of person somebody is▸▸▸▸▸ just by looking at them?
resources.assets	8535	MonoBehaviour	dialogLineSets[6].dialogLines[8].dialogText	Do you have an embarrassing secret that you've never told anyone?
resources.assets	8535	MonoBehaviour	dialogLineSets[6].dialogLines[9].dialogText	What are your thoughts on forgiveness?
resources.assets	8535	MonoBehaviour	dialogLineSets[6].dialogLines[10].dialogText	If you could change anything about your physical appearance,▸▸▸▸▸▸▸ would you?
resources.assets	8535	MonoBehaviour	dialogLineSets[6].dialogLines[11].dialogText	Have you ever had a lucid dream,▸▸▸▸▸▸▸▸▸▸ where you're aware that you're dreaming?
resources.assets	8535	MonoBehaviour	dialogLineSets[7].dialogLines[0].dialogText	What's your favoritest thing about me?
resources.assets	8535	MonoBehaviour	dialogLineSets[7].dialogLines[1].dialogText	Can you guess what I'm thinkin' about right now?
resources.assets	8535	MonoBehaviour	dialogLineSets[7].dialogLines[2].dialogText	Do you think payin' for sex makes you a bad person?
resources.assets	8535	MonoBehaviour	dialogLineSets[7].dialogLines[3].dialogText	You ever go online and watch webcam girls?[h]
resources.assets	8535	MonoBehaviour	dialogLineSets[7].dialogLines[4].dialogText	Do you got any ideas of how I can make more money?
resources.assets	8535	MonoBehaviour	dialogLineSets[7].dialogLines[5].dialogText	How much ya think I should charge for a hand job?[h]
resources.assets	8535	MonoBehaviour	dialogLineSets[7].dialogLines[6].dialogText	What grade did you get up to in school?
resources.assets	8535	MonoBehaviour	dialogLineSets[7].dialogLines[7].dialogText	You ever have any of those...[hh]▸▸▸▸▸▸▸▸ what do they call 'em?▸▸▸▸▸[hh]▸▸▸▸▸ S[ess]T[tee]D[dee]s?[s]
resources.assets	8535	MonoBehaviour	dialogLineSets[7].dialogLines[8].dialogText	Can I have some mo[o]ney?▸▸[hh]▸▸▸▸ Pretty please?[s]
resources.assets	8535	MonoBehaviour	dialogLineSets[7].dialogLines[9].dialogText	You got any cocaine on ya?
resources.assets	8535	MonoBehaviour	dialogLineSets[7].dialogLines[10].dialogText	Can you tell me somethin' interestin' about yourself?[hh]
resources.assets	8535	MonoBehaviour	dialogLineSets[7].dialogLines[11].dialogText	Can you guess▸▸▸ how many times I been pregnant?[t]
resources.assets	8535	MonoBehaviour	dialogLineSets[8].dialogLines[0].dialogText	You ever break the law?
resources.assets	8535	MonoBehaviour	dialogLineSets[8].dialogLines[1].dialogText	What do you think about the prison system?
resources.assets	8535	MonoBehaviour	dialogLineSets[8].dialogLines[2].dialogText	Would you ever date an ex-convict?
resources.assets	8535	MonoBehaviour	dialogLineSets[8].dialogLines[3].dialogText	If we were out and some dickhead started talkin' shit to me,▸▸▸▸▸ what would you do?
resources.assets	8535	MonoBehaviour	dialogLineSets[8].dialogLines[4].dialogText	Do you think of yourself as like,▸▸ a pessimist,▸▸▸▸▸▸▸▸▸▸ or an optimist?
resources.assets	8535	MonoBehaviour	dialogLineSets[8].dialogLines[5].dialogText	Do you got any regrets about shit you did in the past?
resources.assets	8535	MonoBehaviour	dialogLineSets[8].dialogLines[6].dialogText	Is there anything that like,▸▸▸▸▸ keeps you up at night?
resources.assets	8535	MonoBehaviour	dialogLineSets[8].dialogLines[7].dialogText	When was the last time you cried?
resources.assets	8535	MonoBehaviour	dialogLineSets[8].dialogLines[8].dialogText	What's the harshest life lesson you've ever had to learn?
resources.assets	8535	MonoBehaviour	dialogLineSets[8].dialogLines[9].dialogText	So[oo],▸▸▸▸▸ when you were a kid,▸▸▸▸▸▸▸▸ what did you wanna be when you grew up?
resources.assets	8535	MonoBehaviour	dialogLineSets[8].dialogLines[10].dialogText	How close are you with your family?
resources.assets	8535	MonoBehaviour	dialogLineSets[8].dialogLines[11].dialogText	Do you ever wanna have kids?
resources.assets	8535	MonoBehaviour	dialogLineSets[9].dialogLines[0].dialogText	How do you feel about women who have kids?
resources.assets	8535	MonoBehaviour	dialogLineSets[9].dialogLines[1].dialogText	Do you think it's wrong to be materialistic?
resources.assets	8535	MonoBehaviour	dialogLineSets[9].dialogLines[2].dialogText	What kind of car you drive,▸▸▸▸▸ hmm?
resources.assets	8535	MonoBehaviour	dialogLineSets[9].dialogLines[3].dialogText	What kind of gifts do you usually get your girlfriends on their birthday?
resources.assets	8535	MonoBehaviour	dialogLineSets[9].dialogLines[4].dialogText	What made you want to get into the sugar baby business?
resources.assets	8535	MonoBehaviour	dialogLineSets[9].dialogLines[5].dialogText	Do you give money to homeless people?
resources.assets	8535	MonoBehaviour	dialogLineSets[9].dialogLines[6].dialogText	What's your opinion on alimony payments?
resources.assets	8535	MonoBehaviour	dialogLineSets[9].dialogLines[7].dialogText	Why do you think the divorce rate is so high these days?
resources.assets	8535	MonoBehaviour	dialogLineSets[9].dialogLines[8].dialogText	Do you think there's anything I can do to feel more attracted to my husband?
resources.assets	8535	MonoBehaviour	dialogLineSets[9].dialogLines[9].dialogText	Have you ever had to use an aid to help you get ready for sex?
resources.assets	8535	MonoBehaviour	dialogLineSets[9].dialogLines[10].dialogText	How do you feel about veiny boobs?
resources.assets	8535	MonoBehaviour	dialogLineSets[9].dialogLines[11].dialogText	Can you guess which part of my body I HAVEN'T had plastic surgery on?
resources.assets	8535	MonoBehaviour	dialogLineSets[10].dialogLines[0].dialogText	Are you more of a tit man▸▸▸▸▸ or an ass man?
resources.assets	8535	MonoBehaviour	dialogLineSets[10].dialogLines[0].yuriDialogText	Are you more of a tit girl▸▸▸▸▸ or an ass girl?
resources.assets	8535	MonoBehaviour	dialogLineSets[10].dialogLines[1].dialogText	When did you first lose the ol' v-card?
resources.assets	8535	MonoBehaviour	dialogLineSets[10].dialogLines[2].dialogText	Do you▸▸▸▸▸ have any nicknames that people call you?
resources.assets	8535	MonoBehaviour	dialogLineSets[10].dialogLines[3].dialogText	Have you ever tried to suck your own dick?
resources.assets	8535	MonoBehaviour	dialogLineSets[10].dialogLines[3].yuriDialogText	Have you▸▸▸▸▸ ever tried to suck your own tits?
resources.assets	8535	MonoBehaviour	dialogLineSets[10].dialogLines[4].dialogText	Do you think there's anything so serious that we shouldn't joke about it?
resources.assets	8535	MonoBehaviour	dialogLineSets[10].dialogLines[5].dialogText	Which social cliche were you part of back in high school?
resources.assets	8535	MonoBehaviour	dialogLineSets[10].dialogLines[6].dialogText	Is there anything in your past that you're ashamed of?▸▸▸▸▸▸▸▸▸▸ Come on,▸▸▸▸▸ give me something juicy...
resources.assets	8535	MonoBehaviour	dialogLineSets[10].dialogLines[7].dialogText	Would you eat a chick out▸▸▸▸▸ if she was on her period?
resources.assets	8535	MonoBehaviour	dialogLineSets[10].dialogLines[8].dialogText	What do you think my bandmates and I should call our band?
resources.assets	8535	MonoBehaviour	dialogLineSets[10].dialogLines[9].dialogText	Can you guess the name I gave to my vibrator?
resources.assets	8535	MonoBehaviour	dialogLineSets[10].dialogLines[10].dialogText	Would▸▸ you...▸▸▸▸▸▸▸▸ fuck your dad if it meant you got▸▸▸▸▸ a perfect sex bot in return?
resources.assets	8535	MonoBehaviour	dialogLineSets[10].dialogLines[11].dialogText	Would you rather somebody▸▸ pee in your mouth▸▸ or▸▸▸▸▸ shit on your chest?
resources.assets	8535	MonoBehaviour	dialogLineSets[11].dialogLines[0].dialogText	What's the most embarrassing thing you've done while, uhh... having▸▸▸▸▸ relations?▸▸▸▸▸
resources.assets	8535	MonoBehaviour	dialogLineSets[11].dialogLines[1].dialogText	When you're...▸▸▸▸▸ uhh,▸▸▸▸▸ [hh]m-▸▸making love...▸▸▸▸▸ are you more dominate, or▸▸▸▸▸ more submissive?
resources.assets	8535	MonoBehaviour	dialogLineSets[11].dialogLines[2].dialogText	Is there anything that you▸▸▸▸▸ WOULDN'T do...▸▸▸▸▸ with a girl?
resources.assets	8535	MonoBehaviour	dialogLineSets[11].dialogLines[3].dialogText	I can't believe I'm asking this, but, umm...▸▸▸▸▸ what do you do if you get horny at▸▸▸▸▸ work?
resources.assets	8535	MonoBehaviour	dialogLineSets[11].dialogLines[4].dialogText	Have you ever been caught...▸▸▸▸▸ [hh]p-▸▸▸▸▸playing with yourself before?
resources.assets	8535	MonoBehaviour	dialogLineSets[11].dialogLines[5].dialogText	How long can you go without needing to...▸▸▸▸▸ you know...▸▸▸▸▸ uhh,▸▸▸▸▸ pleasure yourself?
resources.assets	8535	MonoBehaviour	dialogLineSets[11].dialogLines[6].dialogText	What's your favorite...▸▸▸▸▸ shall way say...▸▸▸▸▸ adult,▸▸▸▸▸ role play scenario?
resources.assets	8535	MonoBehaviour	dialogLineSets[11].dialogLines[7].dialogText	How would you describe the taste of...▸▸▸▸▸ a lady?
resources.assets	8535	MonoBehaviour	dialogLineSets[11].dialogLines[8].dialogText	Have you ever watched very strange porn,  but,▸▸ ended up sort of...▸▸▸▸▸ liking it?▸▸▸▸▸
resources.assets	8535	MonoBehaviour	dialogLineSets[11].dialogLines[9].dialogText	Do you sleep naked,▸▸▸▸▸ or with clothes on?
resources.assets	8535	MonoBehaviour	dialogLineSets[11].dialogLines[10].dialogText	Do you like to put on music when you're...▸▸▸▸▸▸▸▸▸▸ with a girl?
resources.assets	8535	MonoBehaviour	dialogLineSets[11].dialogLines[11].dialogText	What are you thinking about right now?
resources.assets	8535	MonoBehaviour	dialogLineSets[12].dialogLines[0].dialogText	What's▸▸▸▸▸ your dream▸▸▸▸▸▸▸▸ wedding like?[k]
resources.assets	8535	MonoBehaviour	dialogLineSets[12].dialogLines[1].dialogText	How▸▸ long▸▸▸ should a couple be datin' before they consider marriage?
resources.assets	8535	MonoBehaviour	dialogLineSets[12].dialogLines[2].dialogText	Do you believe in traditional gender roles?[s]
resources.assets	8535	MonoBehaviour	dialogLineSets[12].dialogLines[3].dialogText	If you could be born in the past▸▸▸▸▸ or the future,▸▸▸▸▸[hh]▸▸ which one would you choose?
resources.assets	8535	MonoBehaviour	dialogLineSets[12].dialogLines[4].dialogText	Which of these would you choose if you could only choose one:▸▸▸▸▸▸▸▸ mo▸▸ney,▸▸▸▸▸ pow▸▸er,▸▸▸▸▸ or▸▸ fame?▸▸
resources.assets	8535	MonoBehaviour	dialogLineSets[12].dialogLines[5].dialogText	How do you feel about the idea of an open relationship?
resources.assets	8535	MonoBehaviour	dialogLineSets[12].dialogLines[6].dialogText	Would you rather your partner be good in the kitchen,▸▸▸▸▸ or good in the bedroom?
resources.assets	8535	MonoBehaviour	dialogLineSets[12].dialogLines[7].dialogText	What do you like to do af[ff]te[e]r...[heh]▸▸[hh] well,▸▸▸ you know,▸▸▸ after you do it.
resources.assets	8535	MonoBehaviour	dialogLineSets[12].dialogLines[8].dialogText	When do you think a person should be ready to settle down?
resources.assets	8535	MonoBehaviour	dialogLineSets[12].dialogLines[9].dialogText	What kind of girls are you into,▸▸▸ hmm?▸▸▸▸▸▸▸▸▸▸ What's your type?
resources.assets	8535	MonoBehaviour	dialogLineSets[12].dialogLines[10].dialogText	Do you have any good video ideas for my channel?
resources.assets	8535	MonoBehaviour	dialogLineSets[12].dialogLines[11].dialogText	Is there anything you do in the shower to keep yourself entertained?
resources.assets	8536	MonoBehaviour	dialogLineSets[0].dialogLines[0].dialogText	This is the HER_QUESTION_GOOD_RESPONSE dialog trigger.
resources.assets	8536	MonoBehaviour	dialogLineSets[1].dialogLines[0].dialogText	Exactly!▸▸▸▸▸▸▸▸ When I get to the top,▸▸▸▸▸ I want to know I earned it with sacrifice and hard work!
resources.assets	8536	MonoBehaviour	dialogLineSets[1].dialogLines[1].dialogText	Oooohh so you think you can horn in on my territory, huh?▸▸▸▸▸ Bring it on, bitch!▸▸[hahahaha]
resources.assets	8536	MonoBehaviour	dialogLineSets[1].dialogLines[2].dialogText	Yes!▸▸▸▸▸ I wake up on Monday morning ready to get after it!▸▸▸▸▸▸▸▸▸▸ After coffee of course...
resources.assets	8536	MonoBehaviour	dialogLineSets[1].dialogLines[3].dialogText	Now that's the winning attitude!▸▸▸▸▸ If you can't slog through the bad times, you'll never make it!
resources.assets	8536	MonoBehaviour	dialogLineSets[1].dialogLines[4].dialogText	Harsh, but true.▸▸▸▸▸▸▸▸▸▸▸▸▸ All you can do is get to work and try to improve things little by little.
resources.assets	8536	MonoBehaviour	dialogLineSets[1].dialogLines[5].dialogText	Couldn't agree more!▸▸▸▸▸ If my time is short,▸▸ I'd want to see everything this world has to offer.
resources.assets	8536	MonoBehaviour	dialogLineSets[1].dialogLines[6].dialogText	[hahahaha]▸▸▸[hhhh]▸▸▸▸▸Yeeeeaahh...▸▸▸▸▸ I don't know what got into me that day.▸▸▸▸▸ I guess it had been a while...
resources.assets	8536	MonoBehaviour	dialogLineSets[1].dialogLines[7].dialogText	[hahahaha]▸▸▸▸▸[aaaa]▸▸▸▸▸Well, remember this face, because you're looking at the next self made billionaire right here!
resources.assets	8536	MonoBehaviour	dialogLineSets[1].dialogLines[8].dialogText	I didn't know you were a sports guy!▸▸▸▸▸ I'd be happy to teach you...▸▸▸▸▸ by whippin' your butt!▸▸[hahaha]▸▸▸▸▸[hhhh]
resources.assets	8536	MonoBehaviour	dialogLineSets[1].dialogLines[8].yuriDialogText	I didn't know you were a sports girl!▸▸▸▸▸ I'd be happy to teach you...▸▸▸▸▸ by whippin' your butt!▸▸[hahaha]▸▸▸▸▸[hhhh]
resources.assets	8536	MonoBehaviour	dialogLineSets[1].dialogLines[9].dialogText	Woooow...▸▸▸ sounds fancy!▸▸▸▸▸▸▸▸▸▸▸▸▸ You'll have to invite me over sometime so I can see this place.
resources.assets	8536	MonoBehaviour	dialogLineSets[1].dialogLines[10].dialogText	Wow...▸▸▸ powerful words.▸▸▸▸▸▸▸▸▸▸▸▸▸ I love the use of "date" as a metaphor for all of life's challenges.
resources.assets	8536	MonoBehaviour	dialogLineSets[1].dialogLines[11].dialogText	Yup,▸▸ same here!▸▸▸▸▸▸▸▸▸▸ I've done bungie jumping before, but skydiving is still on the list!
resources.assets	8536	MonoBehaviour	dialogLineSets[2].dialogLines[0].dialogText	Yeah,▸▸ exactly!▸▸▸▸▸▸▸▸▸▸ All the girls in my industry do it anyway...▸▸▸▸▸ how else can you compete?
resources.assets	8536	MonoBehaviour	dialogLineSets[2].dialogLines[1].dialogText	[hahahaha]▸▸▸▸▸[hhhh]▸▸▸▸▸▸▸▸▸▸Awww,▸▸▸▸▸▸▸▸▸▸ that's almost how old I am now.▸▸▸▸▸▸▸▸▸▸ You really think I'm still hot?
resources.assets	8536	MonoBehaviour	dialogLineSets[2].dialogLines[2].dialogText	Awww...▸▸▸▸▸▸▸▸▸▸ you really mean that?▸▸▸▸▸▸▸▸▸▸ Well,▸▸▸▸▸ I hope you find the right woman someday.
resources.assets	8536	MonoBehaviour	dialogLineSets[2].dialogLines[3].dialogText	[hahahaha]▸▸[hhhh]▸▸▸▸▸▸▸Secretly,▸▸▸▸▸▸▸▸▸▸ I was hoping you'd say that.▸▸▸▸▸ I've tried quitting before. What a nightmare!
resources.assets	8536	MonoBehaviour	dialogLineSets[2].dialogLines[4].dialogText	[hahahaha]▸▸[hhhh]▸▸▸▸▸Well what fun is that?▸▸▸▸▸▸▸▸▸▸ What else are you gonna think about?▸▸ Taxes?▸▸▸▸▸
resources.assets	8536	MonoBehaviour	dialogLineSets[2].dialogLines[5].dialogText	Fuck...▸▸▸▸▸ you're right.▸▸▸▸▸▸▸▸▸▸ Sorry,▸▸▸▸▸ I don't know what I was thinking.▸▸▸▸▸▸▸▸▸▸ Just,▸▸▸▸▸ forget I even asked...
resources.assets	8536	MonoBehaviour	dialogLineSets[2].dialogLines[6].dialogText	Oh,▸▸ yeah,▸▸ I get it!▸▸▸▸▸▸▸▸▸▸▸▸▸ No rush!▸▸▸▸▸▸▸▸▸▸▸▸▸ I just have this weird feeling that you two would hit it off...
resources.assets	8536	MonoBehaviour	dialogLineSets[2].dialogLines[7].dialogText	Hey,▸▸▸ nobody's perfect.▸▸▸▸▸▸▸▸▸▸▸▸▸▸▸ Besides,▸▸▸▸▸▸▸▸▸▸ a girl's gotta pay the bills somehow,▸▸▸▸▸ right?
resources.assets	8536	MonoBehaviour	dialogLineSets[2].dialogLines[8].dialogText	[hahahaha]▸▸[hhhh]▸▸Well,▸▸▸▸▸ the important thing is▸▸▸▸▸ you tried.
resources.assets	8536	MonoBehaviour	dialogLineSets[2].dialogLines[9].dialogText	[hahahaha]▸▸[hhhh]▸▸▸▸▸▸▸▸Wow,▸▸▸▸▸▸▸▸ how very...▸▸▸▸▸▸▸ romantic.▸▸▸▸▸▸▸▸▸▸▸▸▸▸▸▸▸▸▸▸ I guess I can't blame you though... they are nice.▸▸▸▸▸
resources.assets	8536	MonoBehaviour	dialogLineSets[2].dialogLines[10].dialogText	Hmmm,▸▸▸▸▸▸▸▸▸▸ you know what?▸▸▸▸▸▸▸▸▸▸ Yeah,▸▸▸▸▸ that would actually be really nice...
resources.assets	8536	MonoBehaviour	dialogLineSets[2].dialogLines[11].dialogText	[hahahaha]▸▸[hhhh]▸▸▸▸▸That's okay, sweetie.▸▸▸▸▸▸▸▸▸▸ Maybe we can reenact your favorite scenes one of these days...
resources.assets	8536	MonoBehaviour	dialogLineSets[3].dialogLines[0].dialogText	Wait,▸▸▸ are you▸▸▸ fucking serious?▸▸ That's literally like▸▸ EX▸▸ACTLY what I do!
resources.assets	8536	MonoBehaviour	dialogLineSets[3].dialogLines[1].dialogText	▸▸▸▸▸▸▸▸▸▸[aahh]▸▸▸Well,▸ I guess I'll just have to liiiike,▸▸▸ find it myself then,▸▸▸ huh?▸▸
resources.assets	8536	MonoBehaviour	dialogLineSets[3].dialogLines[2].dialogText	Oh▸▸▸ my▸▸▸ god, that would be like, SOOOO▸▸▸▸▸ cute.▸▸▸▸▸[hh]▸▸▸▸▸ I've always wanted a lower back tattoo![h]
resources.assets	8536	MonoBehaviour	dialogLineSets[3].dialogLines[3].dialogText	Sa[a]me!▸▸▸▸▸[hh] I want more,▸▸▸ but liiiike,▸▸ I'm loo lazy to post anything,▸▸ soooo,▸▸ yeah...[h]
resources.assets	8536	MonoBehaviour	dialogLineSets[3].dialogLines[4].dialogText	U[u]mmm,▸▸▸ [s]siiiick?[h]▸▸▸[hh] Personally, I like▸▸ all the sins,[hh]▸▸▸ buuuutt,▸▸▸▸▸▸▸▸ wrath▸▸ is▸▸ probs▸▸ my fav.[h]
resources.assets	8536	MonoBehaviour	dialogLineSets[3].dialogLines[5].dialogText	O▸▸kay,▸▸▸ cool▸▸▸▸▸ 'cause like,▸▸[hh]▸▸▸ sometimes my fake ID doesn't work, and, that like,▸▸ su[u]cks?[h]
resources.assets	8536	MonoBehaviour	dialogLineSets[3].dialogLines[6].dialogText	YEEEESS![h]▸▸▸▸▸[hh] That,▸▸▸▸▸ SOOOO▸▸ hard.▸▸▸ I would haunt▸▸ the FUCK out of my stupid idiot▸▸ little▸▸ brother.
resources.assets	8536	MonoBehaviour	dialogLineSets[3].dialogLines[7].dialogText	[haha]▸▸[hh]▸▸I never thought about that!▸▸[hh]▸▸ Dying during sex would be like,[k]▸▸▸▸▸[hhhh]▸▸▸▸▸ totally▸▸ sick▸▸ though![h]
resources.assets	8536	MonoBehaviour	dialogLineSets[3].dialogLines[8].dialogText	[haha]▸▸[hh]▸▸▸▸▸Well,▸▸▸ yeah,▸▸▸▸▸ I guess that true.▸▸▸▸▸ There's always that.[h]
resources.assets	8536	MonoBehaviour	dialogLineSets[3].dialogLines[9].dialogText	Are▸▸▸ you▸▸▸▸▸ serious?[s]▸▸▸▸▸▸▸[hhhh]▸▸▸▸▸ Fu[uu]ck,▸▸ that's like,▸▸ really ho[oo]t.▸▸▸▸▸[hhhh]▸▸ Oh, I defs need to do that at some point...[h]
resources.assets	8536	MonoBehaviour	dialogLineSets[3].dialogLines[10].dialogText	Ughh,▸▸▸ right?▸▸▸[hh]▸▸▸ I want to be bitten by a vampire▸▸▸▸▸ SO▸▸▸▸▸ fucking bad.▸▸▸[hh]▸▸▸ Just, like,▸▸ ughh!
resources.assets	8536	MonoBehaviour	dialogLineSets[3].dialogLines[11].dialogText	Aww,▸▸ no fair!▸▸▸[hh]▸▸▸ How come▸▸ I can't have a dream where death is chasing me?
resources.assets	8536	MonoBehaviour	dialogLineSets[4].dialogLines[0].dialogText	Yes!▸▸▸▸▸▸▸▸▸▸ That is the name.▸▸▸▸▸ I am certain of it.
resources.assets	8536	MonoBehaviour	dialogLineSets[4].dialogLines[1].dialogText	I had a strong feeling you were going to know this name.
resources.assets	8536	MonoBehaviour	dialogLineSets[4].dialogLines[2].dialogText	I believe...▸▸▸▸▸▸▸▸ you are correct.▸▸▸▸▸▸▸▸▸▸ Yes,▸▸▸▸▸▸▸ that name resonates strongly.
resources.assets	8536	MonoBehaviour	dialogLineSets[5].dialogLines[0].dialogText	Real[h]ly!?▸▸ Me too!▸▸▸▸▸ My favorite anime of all time is "Chitsu No Senshi"!▸▸▸▸▸ Hy▸▸▸agh!
resources.assets	8536	MonoBehaviour	dialogLineSets[5].dialogLines[1].dialogText	Mmm▸▸hmm!▸▸▸▸▸ Good choice!▸▸▸▸▸ I love manga but NOTHING beats anime!▸▸▸▸▸ It's just...▸▸ the best!
resources.assets	8536	MonoBehaviour	dialogLineSets[5].dialogLines[2].dialogText	You like those games too!?▸▸▸▸▸ Oh-▸▸▸Em-▸▸▸Gee!▸▸▸▸▸▸▸ I HAVE to show you my house in Cutie Collector Two!
resources.assets	8536	MonoBehaviour	dialogLineSets[5].dialogLines[3].dialogText	Yeah!▸▸▸ I like bein' a healer 'cause,▸ umm,▸▸ well,▸▸ the other classes are too...▸▸ hard...[h]
resources.assets	8536	MonoBehaviour	dialogLineSets[5].dialogLines[4].dialogText	[aaaa]▸▸[hh]▸▸▸That's the same type of girl I go for!▸▸▸▸▸ I can't help it,▸▸ she's just soooo kawaii[ii]ii!▸▸[h]
resources.assets	8536	MonoBehaviour	dialogLineSets[5].dialogLines[5].dialogText	You▸ too!?▸▸▸▸▸ I can't STAND to wait a WHOLE week just to see one more episode![h]
resources.assets	8536	MonoBehaviour	dialogLineSets[5].dialogLines[6].dialogText	Oh!▸▸ That's a good one!▸▸▸▸▸ If anybody was mean to you,▸▸ you could be like...▸▸▸▸▸ CHEOOW! CHEOOW![h]
resources.assets	8536	MonoBehaviour	dialogLineSets[5].dialogLines[7].dialogText	Oh, yeah!▸▸▸▸▸▸▸ Of course!▸▸▸▸▸▸▸▸ Oh man,▸▸▸▸▸ I'm not even gonna know where to start![hh]▸▸ It's▸ all▸ so▸ cuu[uu]uute!▸▸[h]
resources.assets	8536	MonoBehaviour	dialogLineSets[5].dialogLines[8].dialogText	Real[h]ly!?▸▸▸▸▸ You like the yellow?▸▸▸▸▸ Mmmm...▸▸ 'kay!▸▸▸▸▸▸▸▸ I'll keep 'em yellow!
resources.assets	8536	MonoBehaviour	dialogLineSets[5].dialogLines[9].dialogText	[aaaa]▸[hh]▸▸You like BOARD GAMES!?[s]▸▸▸▸▸ We DEFINITELY have to play together some time![h]
resources.assets	8536	MonoBehaviour	dialogLineSets[5].dialogLines[10].dialogText	Okay,▸▸ good!▸▸▸ 'Cause,▸▸ ummm,▸▸▸ I tried to lose weight a couple times... but,▸▸ it's WAAAAY too hard!▸▸[h]
resources.assets	8536	MonoBehaviour	dialogLineSets[5].dialogLines[11].dialogText	My dentist says I need to brush more, but I already do it like three times a week!▸▸[k]
resources.assets	8536	MonoBehaviour	dialogLineSets[6].dialogLines[0].dialogText	I'm glad you said that!▸▸▸[hh]▸▸▸ I don't wear a lot,▸▸ but,▸▸▸▸▸ a little eye shadow makes my eyes much prettier!
resources.assets	8536	MonoBehaviour	dialogLineSets[6].dialogLines[1].dialogText	Hmmm,▸▸▸▸▸▸▸▸▸▸ I never thought about that before...▸▸▸▸▸ I'll have to give that a try next time!
resources.assets	8536	MonoBehaviour	dialogLineSets[6].dialogLines[2].dialogText	[hahahaha]▸▸[hhhh]▸▸▸▸▸Really?▸▸▸▸▸ Wow...[haha]▸▸▸▸▸▸▸▸▸▸▸▸▸▸▸ I wish I was good at that kind of thing, but,▸▸▸▸▸ I have no idea what I'm doing...
resources.assets	8536	MonoBehaviour	dialogLineSets[6].dialogLines[3].dialogText	I feel the same way.▸▸▸▸▸▸▸▸▸▸ My friends say I need to get online, but,▸▸▸▸▸▸▸▸▸▸ it just doesn't seem right to me.
resources.assets	8536	MonoBehaviour	dialogLineSets[6].dialogLines[4].dialogText	I was in one for a year...▸▸▸▸▸ but,▸▸▸▸▸ he turned out to be a cheater...▸▸▸▸▸[hhhh]▸▸▸▸▸ Lesson learned, I suppose![heh]
resources.assets	8536	MonoBehaviour	dialogLineSets[6].dialogLines[4].yuriDialogText	I was in one for a year...▸▸▸▸▸ but,▸▸▸▸▸ she turned out to be a cheater...▸▸▸▸▸[hhhh]▸▸▸▸▸ Lesson learned, I suppose![heh]
resources.assets	8536	MonoBehaviour	dialogLineSets[6].dialogLines[5].dialogText	Wow...[hh]▸▸▸▸▸▸▸▸▸▸ almost nobody ever agrees with me about that!▸▸▸▸▸▸▸▸▸▸ I'm so glad you think so!
resources.assets	8536	MonoBehaviour	dialogLineSets[6].dialogLines[6].dialogText	Mmmhmm!▸▸▸▸▸▸▸▸▸▸▸▸▸▸▸ I agree!▸▸▸▸▸▸▸▸▸▸▸▸▸▸▸ I enjoy peace and quiet,▸▸▸▸▸ but,▸▸▸▸▸ I also like to have people around.
resources.assets	8536	MonoBehaviour	dialogLineSets[6].dialogLines[7].dialogText	You too?▸▸▸▸▸▸▸▸▸▸ I think people give off a certain...▸▸▸▸▸▸▸▸▸▸ energy.▸▸▸▸▸▸▸▸▸▸▸▸▸▸▸ A kind of vibe,▸▸▸▸▸ that,▸▸▸▸▸ tells me a lot.
resources.assets	8536	MonoBehaviour	dialogLineSets[6].dialogLines[8].dialogText	That's okay!▸▸▸▸▸▸▸▸▸▸ There's nothing wrong with that.▸▸▸▸▸▸▸▸▸▸ I was a virgin for a really long time too!
resources.assets	8536	MonoBehaviour	dialogLineSets[6].dialogLines[9].dialogText	That's a very mature answer.▸▸▸▸▸▸▸▸▸▸ It's not always easy,▸▸▸▸▸ but,▸▸▸▸▸ it's better to let go of negative feelings.
resources.assets	8536	MonoBehaviour	dialogLineSets[6].dialogLines[10].dialogText	I would fix my nose.▸▸▸▸▸▸▸▸▸▸▸▸▸▸▸ It's too small,▸▸▸▸▸ and▸▸▸▸▸ ugly...▸▸▸▸▸▸▸▸▸▸ I feel like people are always staring at it...
resources.assets	8536	MonoBehaviour	dialogLineSets[6].dialogLines[11].dialogText	You're in luck then!▸▸▸▸▸▸▸▸▸▸ Lucid dreaming is a specialty of mine.▸▸▸▸▸▸▸▸▸▸▸▸▸▸▸ I'll teach you sometime!
resources.assets	8536	MonoBehaviour	dialogLineSets[7].dialogLines[0].dialogText	You like 'em!?▸▸▸▸▸▸▸▸ [ah]I like 'em too.▸▸▸▸▸[hh]▸▸▸▸▸ My freckles is how I know it's me when I look in the mirror.
resources.assets	8536	MonoBehaviour	dialogLineSets[7].dialogLines[1].dialogText	Hey!▸▸▸▸▸ Yeah!▸▸▸▸▸[hh]▸▸▸▸▸ How do ya know!?▸▸▸▸▸▸▸▸▸▸ I was thinkin' about a little baby chick.▸▸▸▸▸ Quack quack!▸▸[hahahaha]▸▸[hh]
resources.assets	8536	MonoBehaviour	dialogLineSets[7].dialogLines[2].dialogText	[hahahaha]▸▸[hhhh]▸▸No you ain't![tt]▸▸▸▸▸ I been paid a buncha times!▸▸[ss]▸▸▸ I think it's sweet!
resources.assets	8536	MonoBehaviour	dialogLineSets[7].dialogLines[3].dialogText	Awww!▸▸▸▸▸[hh]▸▸ You gotta watch my show sometime![hh]▸▸▸▸▸▸▸▸▸▸ I got a vibrator that turns on when I get donations!▸▸[ss]▸▸▸▸▸[ha][ha][ha]
resources.assets	8536	MonoBehaviour	dialogLineSets[7].dialogLines[4].dialogText	You think people would pay just to see my feet!?[hh]▸▸▸▸▸▸▸▸▸▸ Well,▸▸▸▸▸ ok▸▸ay!▸▸▸[hh]▸▸▸ I'll give that a try!
resources.assets	8536	MonoBehaviour	dialogLineSets[7].dialogLines[5].dialogText	A▸▸ hundred!?▸▸▸▸▸▸▸▸ Wooooww...[hh]▸▸▸▸▸▸▸▸ that's a lot more than I'm chargin' now!▸▸▸[ha][ha]
resources.assets	8536	MonoBehaviour	dialogLineSets[7].dialogLines[6].dialogText	Wooooww!▸▸▸▸▸[hh]▸▸▸▸▸ You FINISHED high school?▸▸▸▸▸▸▸▸▸▸ You must be real[h]ly REAL[h]LY smart![t]
resources.assets	8536	MonoBehaviour	dialogLineSets[7].dialogLines[7].dialogText	Me▸▸▸▸▸ too!▸▸▸▸▸▸▸▸[hh]▸▸▸▸▸ I got syph▸▸▸ilis,▸▸▸▸▸▸▸▸ gonorrhoea,▸▸▸▸▸▸▸▸ and chlamydia!▸▸▸▸▸[hh]▸▸▸▸▸ The doctor gave me pills that made 'em go away though.
resources.assets	8536	MonoBehaviour	dialogLineSets[7].dialogLines[8].dialogText	Oh![hoho]▸▸▸▸▸[hh]▸▸▸▸▸ What kinda seeds!?▸▸[ss]▸▸▸▸▸▸▸▸ Does it make you feel good and see funny colors when you eat 'em?
resources.assets	8536	MonoBehaviour	dialogLineSets[7].dialogLines[9].dialogText	Yay!▸▸▸▸▸[hah]▸▸[hh]▸▸▸ Don't forget, okay?▸▸▸▸▸ 'Cause,▸▸ if I don't have it,▸▸ I start to get real sad and my body shivers.[sss]▸▸▸▸[hahaha]▸▸[hh]
resources.assets	8536	MonoBehaviour	dialogLineSets[7].dialogLines[10].dialogText	No▸▸▸ kiddin'!?▸▸▸▸▸[hh]▸▸▸▸▸ I'd sure like to meet her someday!▸▸▸▸▸▸▸▸▸▸ I ain't never see'd a fairy before!
resources.assets	8536	MonoBehaviour	dialogLineSets[7].dialogLines[11].dialogText	Yup,▸▸▸▸▸ you▸▸▸ got it!▸▸[hahahaha]▸▸[hhhh]▸▸ I never knew who'd the daddies were though.▸▸▸▸▸ Coulda been anybody!
resources.assets	8536	MonoBehaviour	dialogLineSets[8].dialogLines[0].dialogText	Ps[ss]sh, [ha]you think you were bad?▸▸▸▸▸ You shoulda seen me...▸▸▸▸▸ juvie was like▸▸▸ fuckin' summer camp for me.
resources.assets	8536	MonoBehaviour	dialogLineSets[8].dialogLines[1].dialogText	It's fuckin' crazy, right?▸▸▸[hh]▸▸▸ I got two years just for possession.▸▸ Like,▸▸▸▸▸ fu[uu]ck,▸▸ it's bullshit.
resources.assets	8536	MonoBehaviour	dialogLineSets[8].dialogLines[2].dialogText	Yeah,▸▸▸ I feel you on that.▸▸▸▸▸▸▸▸▸▸ I ain't tryna fuck with no murderers or rapists or whatever...
resources.assets	8536	MonoBehaviour	dialogLineSets[8].dialogLines[3].dialogText	Damn straight...▸▸▸▸▸ I don't need no white knight who thinks I can't handle my own shit.
resources.assets	8536	MonoBehaviour	dialogLineSets[8].dialogLines[4].dialogText	A realist,▸▸ huh?▸▸▸▸▸ O▸▸kay,▸▸▸▸▸▸▸ I can dig that.▸▸▸▸▸ Just like,▸▸▸▸▸ deal with shit as it is,▸▸ right?
resources.assets	8536	MonoBehaviour	dialogLineSets[8].dialogLines[5].dialogText	Whew,▸▸ you ain't alone,▸▸▸▸▸ trust that.▸▸▸▸▸▸▸▸▸▸ I got mixed up with some BAD fucking people back then.
resources.assets	8536	MonoBehaviour	dialogLineSets[8].dialogLines[6].dialogText	For▸▸▸ real...[hh]▸▸▸▸▸▸▸ I just think like,▸▸▸▸▸ what kinda world is my little cousin gonna have to grow up in?
resources.assets	8536	MonoBehaviour	dialogLineSets[8].dialogLines[7].dialogText	I can't even remember the last time I did.▸▸▸▸▸▸▸▸ Where I'm from you can't be showin' no weakness...
resources.assets	8536	MonoBehaviour	dialogLineSets[8].dialogLines[8].dialogText	Yo[o]▸▸▸▸▸, you can say that again!▸▸▸▸▸[hh]▸▸ Only person I trust a hundred percent▸▸▸▸▸ is my cousin Kyanna.
resources.assets	8536	MonoBehaviour	dialogLineSets[8].dialogLines[9].dialogText	Ain't nothin' wrong with that!▸▸▸▸▸▸▸▸ A stable career is a lot fuckin' better than the alternative...
resources.assets	8536	MonoBehaviour	dialogLineSets[8].dialogLines[10].dialogText	No doubt,▸▸▸▸▸▸▸▸ family's all we got,▸▸ you know?▸▸▸▸▸ Without them...▸▸ fuck,▸▸▸▸▸▸▸▸ I don't know where I'd be...
resources.assets	8536	MonoBehaviour	dialogLineSets[8].dialogLines[11].dialogText	I used to hate kids,▸▸▸▸▸▸▸▸ but after babysittin' for my cousin, they're like...▸▸▸▸▸ kinda cool,▸▸ you know?
resources.assets	8536	MonoBehaviour	dialogLineSets[9].dialogLines[0].dialogText	Well,▸▸ you▸▸ don't have to worry about mine.▸▸▸▸▸▸▸▸▸▸ That's what my husband is for!
resources.assets	8536	MonoBehaviour	dialogLineSets[9].dialogLines[1].dialogText	Prec▸▸▸ise▸▸▸ly!▸▸▸▸▸▸▸▸▸▸▸▸▸▸▸ I mean,▸▸▸▸▸ what's wrong with having nice things?
resources.assets	8536	MonoBehaviour	dialogLineSets[9].dialogLines[2].dialogText	Oooo!▸▸▸▸▸ Sounds sex▸▸y.▸▸▸▸▸▸▸▸▸▸ I wouldn't mind...▸▸▸▸▸ taking a ride, sometime.
resources.assets	8536	MonoBehaviour	dialogLineSets[9].dialogLines[3].dialogText	That's the best way to do it if you ask me.▸▸▸▸▸ That way,▸▸ she gets exactly what she wants!▸▸[ss]
resources.assets	8536	MonoBehaviour	dialogLineSets[9].dialogLines[4].dialogText	Is▸▸▸ that▸▸▸ so?▸▸▸▸▸▸▸▸▸▸▸▸▸▸▸▸▸ What▸▸▸ a▸▸▸ coin▸▸cidence.▸▸▸▸▸▸▸▸▸▸▸▸▸ I happen to have a thing for younger men...
resources.assets	8536	MonoBehaviour	dialogLineSets[9].dialogLines[4].yuriDialogText	Is▸▸▸ that▸▸▸ so?▸▸▸▸▸▸▸▸▸▸▸▸▸▸▸▸▸ What▸▸▸ a▸▸▸ coin▸▸cidence.▸▸▸▸▸▸▸▸▸▸▸▸▸ I happen to have a thing for younger women...
resources.assets	8536	MonoBehaviour	dialogLineSets[9].dialogLines[5].dialogText	That's▸▸ exactly▸▸ how▸▸ I▸▸ feel!▸▸▸▸▸▸▸▸▸▸ If you need money that bad, get off your butt and get a job!
resources.assets	8536	MonoBehaviour	dialogLineSets[9].dialogLines[6].dialogText	I don't think it goes far enough!▸▸▸▸▸▸▸▸▸▸ If I got divorced now, I wouldn't get NEARLY what I deserve.
resources.assets	8536	MonoBehaviour	dialogLineSets[9].dialogLines[7].dialogText	Ughh,▸▸▸▸▸ you can say that again.▸▸▸▸▸▸▸▸ Honestly,▸▸▸ is it THAT difficult to keep a woman satisfied?
resources.assets	8536	MonoBehaviour	dialogLineSets[9].dialogLines[8].dialogText	You're right...[t]▸▸▸▸▸ if he can't handle a woman of my caliber, how is that MY responsibility?
resources.assets	8536	MonoBehaviour	dialogLineSets[9].dialogLines[9].dialogText	Oooo[hh]!▸▸▸▸▸▸▸▸▸▸ Nothing turns my faucet on faster than that youthful vitality...
resources.assets	8536	MonoBehaviour	dialogLineSets[9].dialogLines[10].dialogText	When I had my boobs done, I▸▸ IN▸▸SISTED they remove▸▸ any flaws!
resources.assets	8536	MonoBehaviour	dialogLineSets[9].dialogLines[11].dialogText	You▸▸ got▸▸ it!▸▸▸▸▸▸▸▸▸▸ It's just about the only part of me that's still a hundred percent original.
resources.assets	8536	MonoBehaviour	dialogLineSets[10].dialogLines[0].dialogText	[hhaahhaa]▸▸▸▸▸Yeah,▸▸▸ okay!▸▸▸▸▸ Like anyone is gonna believe THAT!
resources.assets	8536	MonoBehaviour	dialogLineSets[10].dialogLines[1].dialogText	The womb?▸▸▸▸▸ That's it?▸▸▸▸▸▸▸▸ Pa▸▸▸the▸▸▸tic!▸▸▸▸▸▸▸▸▸▸▸▸ I lost mine before the universe was even conceived.▸▸▸▸▸ Beat that!
resources.assets	8536	MonoBehaviour	dialogLineSets[10].dialogLines[2].dialogText	[hahahaha]▸▸[aaaa]▸▸Don't worry,▸▸▸▸▸ that just means I like ya!▸▸▸▸▸▸▸▸▸▸ Besides,▸▸▸▸▸ those cheeks▸▸▸▸▸ ARE▸▸▸ pretty sweet!
resources.assets	8536	MonoBehaviour	dialogLineSets[10].dialogLines[3].dialogText	You actually got it?▸▸▸▸▸ Fuck!▸▸▸▸▸▸▸▸▸▸▸▸▸▸▸ I've been trying to suck my tits for years.
resources.assets	8536	MonoBehaviour	dialogLineSets[10].dialogLines[4].dialogText	Yeah,▸▸▸▸▸ people are▸▸▸▸▸ WAY too uptight these days.▸▸▸▸▸ It's like,▸▸▸▸▸ fucking relax!▸▸▸▸▸ It's a JOKE!
resources.assets	8536	MonoBehaviour	dialogLineSets[10].dialogLines[5].dialogText	That's hot.▸▸▸▸▸ I make fun of jocks,▸▸▸▸▸ but,▸▸▸▸▸▸▸ I wouldn't mind getting railed by the football team![hahaha]▸▸[hhhh]
resources.assets	8536	MonoBehaviour	dialogLineSets[10].dialogLines[6].dialogText	[hahahaha]▸▸[hhhh]▸▸I like that.▸▸▸▸▸▸▸▸ Where has shame ever gotten anybody anyway?▸▸▸▸▸ Fuck that haters, right?
resources.assets	8536	MonoBehaviour	dialogLineSets[10].dialogLines[7].dialogText	It's the honorable thing to do.▸▸▸▸▸ You'll be remembered for your brave service to womankind.
resources.assets	8536	MonoBehaviour	dialogLineSets[10].dialogLines[8].dialogText	Fuuuuck...▸▸▸▸▸ that's actually kinda sick!▸▸▸▸▸ I'm serious,▸▸▸▸▸ I legitimately fuckin' love that name.
resources.assets	8536	MonoBehaviour	dialogLineSets[10].dialogLines[9].dialogText	Holy▸▸ shit,▸▸▸▸▸ that's actually really close.▸▸▸▸▸ I call him Thumper.▸▸▸▸▸ Damn...▸▸▸▸▸ good guess.
resources.assets	8536	MonoBehaviour	dialogLineSets[10].dialogLines[9].yuriDialogText	Holy▸▸ shit,▸▸▸▸▸ that's actually really close.▸▸▸▸▸ I call her Thumper.▸▸▸▸▸ Damn...▸▸▸▸▸ good guess.
resources.assets	8536	MonoBehaviour	dialogLineSets[10].dialogLines[10].dialogText	Wooooww...▸▸▸▸▸ ok▸▸▸ay,▸▸▸▸▸▸▸ I see how it is!▸▸▸▸▸▸▸▸▸▸▸▸ For a second I thought you saw me as a human being!
resources.assets	8536	MonoBehaviour	dialogLineSets[10].dialogLines[11].dialogText	Alright!▸▸ Now that's what I'm talkin' about!▸▸▸▸▸▸▸▸▸▸ Double the pleasure,▸▸▸ double the fun!▸▸[hahaha]▸▸▸[hhhh]
resources.assets	8536	MonoBehaviour	dialogLineSets[11].dialogLines[0].dialogText	Yeeeeaahh...▸▸▸▸▸ I'm guilty of that too.▸▸▸▸▸ I can't help it!▸▸▸▸▸ My body just... explodes.▸▸▸▸▸
resources.assets	8536	MonoBehaviour	dialogLineSets[11].dialogLines[1].dialogText	Oh...▸▸▸▸▸ y-▸▸▸▸▸yeah?▸▸▸▸▸▸▸▸ That's[hh]▸▸ good.▸▸▸ I uhh...▸▸▸▸▸▸▸▸▸▸ I don't mind,▸▸▸▸▸ to be,▸▸ uhh,▸▸▸▸▸ dominated...
resources.assets	8536	MonoBehaviour	dialogLineSets[11].dialogLines[2].dialogText	A-▸▸▸▸▸anything?▸▸▸▸▸▸▸▸▸▸▸▸▸▸▸ Wow...[hh]▸▸▸▸▸ there's some things I've seen in▸▸ v-▸▸videos I'd like to try someday...
resources.assets	8536	MonoBehaviour	dialogLineSets[11].dialogLines[3].dialogText	[hhaa]▸That's a relief,▸▸▸▸▸ it's not just me.▸▸[haha]▸▸▸[hh]▸▸▸▸▸▸▸ I think my boss is starting to suspect something...
resources.assets	8536	MonoBehaviour	dialogLineSets[11].dialogLines[4].dialogText	That happened to me too!▸▸▸[hh]▸▸▸ I...▸▸▸▸▸▸▸▸▸▸ I hope your mother didn't punish you▸▸ like▸▸▸▸▸ mine did...
resources.assets	8536	MonoBehaviour	dialogLineSets[11].dialogLines[5].dialogText	Six▸▸▸▸▸▸▸▸ HOURS!?▸▸▸▸▸▸▸▸▸▸▸▸▸▸▸ Wow...▸▸▸▸▸▸▸▸▸▸ I wish I had that kind of will power...
resources.assets	8536	MonoBehaviour	dialogLineSets[11].dialogLines[6].dialogText	I wouldn't mind being c-▸▸▸▸▸chained up and...▸▸▸ u-used for pleasure...[hh]
resources.assets	8536	MonoBehaviour	dialogLineSets[11].dialogLines[7].dialogText	[hahahaha]▸▸[hhhh]▸▸Yes,▸▸▸▸▸ that sounds right.▸▸▸▸▸ Fortunately,▸▸▸▸▸ I sort of...▸▸▸▸▸ like that smell...[hh]
resources.assets	8536	MonoBehaviour	dialogLineSets[11].dialogLines[8].dialogText	R-▸▸▸▸▸▸▸▸▸▸really?▸▸▸▸▸▸▸▸▸▸ I've never been-▸▸▸▸▸ Well,▸▸▸▸▸ I've never tried that...▸▸▸▸▸ but,▸▸▸▸▸▸▸▸▸▸ I think I might be open to it...
resources.assets	8536	MonoBehaviour	dialogLineSets[11].dialogLines[9].dialogText	[hhaahhaa]▸▸▸▸▸▸▸I hate wearing clothes to bed.▸▸▸▸▸▸▸▸▸▸ Sometimes,▸▸▸▸▸ I wish we didn't have to wear them at all!
resources.assets	8536	MonoBehaviour	dialogLineSets[11].dialogLines[10].dialogText	[hahahaha]▸▸▸[hhhh]▸▸▸▸▸That would be good for me...▸▸▸▸▸ I try not to make noise,▸▸▸▸▸ but,▸▸▸▸▸ sometimes I can't help it!
resources.assets	8536	MonoBehaviour	dialogLineSets[11].dialogLines[11].dialogText	Yeeeeaahh...[hh]▸▸▸▸▸ round ones, soft ones,[hh]▸▸▸▸▸ perky ones, squishy ones...[hh]▸▸▸▸▸ mmmmnnhh...
resources.assets	8536	MonoBehaviour	dialogLineSets[12].dialogLines[0].dialogText	O▸▸kay,▸▸▸▸▸ it's settled,▸▸▸ we're soulmates!▸[hh]▸▸ You just described▸▸ MY▸▸ dream▸▸ wedding,▸▸▸▸ even down to the doves!
resources.assets	8536	MonoBehaviour	dialogLineSets[12].dialogLines[1].dialogText	About▸▸▸ time▸▸▸ somebody agrees▸▸ with▸▸ m[m]e[e]!▸▸▸▸▸▸▸▸▸▸ I think,▸▸▸▸▸ if they're the one,▸▸▸▸▸ you'll know it right away!
resources.assets	8536	MonoBehaviour	dialogLineSets[12].dialogLines[2].dialogText	Mmm▸▸▸▸▸hmm!▸▸▸▸▸[hh]▸▸▸ I can't wait to be a cute little housewife doin' the cookin' and cleanin' for my hubby!
resources.assets	8536	MonoBehaviour	dialogLineSets[12].dialogLines[2].yuriDialogText	Mmm▸▸▸▸▸hmm!▸▸▸▸▸[hh]▸▸▸ I can't wait to be a cute little housewife doin' the cookin' and cleanin' for my wifey!
resources.assets	8536	MonoBehaviour	dialogLineSets[12].dialogLines[3].dialogText	I look back at the last sixty years or so and think, yep, I was definitely born in the wrong era!
resources.assets	8536	MonoBehaviour	dialogLineSets[12].dialogLines[4].dialogText	Oooo!▸▸▸▸▸ Good ans▸▸wer!▸▸▸▸▸ I like the sound of a▸▸ big▸▸ POWERFUL man.
resources.assets	8536	MonoBehaviour	dialogLineSets[12].dialogLines[4].yuriDialogText	Oooo!▸▸▸▸▸▸▸▸ Good ans▸▸▸wer!▸▸▸▸▸▸▸▸▸▸▸▸▸▸▸ I like the sound of a▸▸ big▸▸ POWERFUL woman.
resources.assets	8536	MonoBehaviour	dialogLineSets[12].dialogLines[5].dialogText	You▸▸▸▸▸▸▸ said▸▸ it!▸▸▸[hh]▸▸▸ When I find my perfect match, I want him ALL to myself!
resources.assets	8536	MonoBehaviour	dialogLineSets[12].dialogLines[5].yuriDialogText	You▸▸▸▸▸▸▸ said▸▸ it![hh]▸▸▸▸▸▸ When I find my perfect match, I want her ALL to myself!
resources.assets	8536	MonoBehaviour	dialogLineSets[12].dialogLines[6].dialogText	We'd be a perfect match then!▸▸▸[hh]▸▸▸ Once you try MY cooking, you'll be hooked for life!
resources.assets	8536	MonoBehaviour	dialogLineSets[12].dialogLines[7].dialogText	Ye[e]s[s],▸▸▸ I was secretly hoping you'd▸▸ say▸▸ that,▸▸▸[hh]▸▸▸ 'cause you really didn't strike me as a cuddler.
resources.assets	8536	MonoBehaviour	dialogLineSets[12].dialogLines[8].dialogText	Yeah!▸▸▸▸▸ Why▸▸ not?▸▸▸▸▸▸▸▸[hh] I'd totally be married by now if I found the right guy!▸▸▸▸▸[hh]▸▸▸▸▸[aaaahh]▸▸▸▸▸ Some▸▸day...
resources.assets	8536	MonoBehaviour	dialogLineSets[12].dialogLines[8].yuriDialogText	Yeah!▸▸▸▸▸ Why▸▸ not?▸▸▸▸▸[hh]▸▸▸ I'd totally be married by now if I found the right girl!▸[hh]▸▸▸▸▸▸▸[aaaahh]▸▸▸▸▸▸▸▸ Some▸▸day...
resources.assets	8536	MonoBehaviour	dialogLineSets[12].dialogLines[9].dialogText	O▸▸kay...▸▸▸▸▸▸▸▸ I think you just described me,▸▸▸▸▸▸▸▸ EX▸▸ACT▸▸LY!▸▸▸▸▸▸▸[haha]▸▸[hh]▸▸ Well,▸▸▸ that's good to know...
resources.assets	8536	MonoBehaviour	dialogLineSets[12].dialogLines[10].dialogText	Oooo,▸▸ that's a great idea!▸▸▸▸▸[hh]▸▸ How haven't I thought of that yet? I'd be really good at it!
resources.assets	8536	MonoBehaviour	dialogLineSets[12].dialogLines[11].dialogText	O▸▸kay,▸▸▸ so it's not just me!▸▸▸▸▸[hh] Once I get in there, the shampoo bottle is a mi▸▸cro▸▸pho[o]ne!▸▸▸▸▸[hahaha]▸▸[hh]
resources.assets	8537	MonoBehaviour	dialogLineSets[0].dialogLines[0].dialogText	This is the HER_QUESTION_BAD_RESPONSE dialog trigger.
resources.assets	8537	MonoBehaviour	dialogLineSets[1].dialogLines[0].dialogText	You think so?▸▸▸▸▸▸▸▸▸▸ Hmmm,▸▸▸ I don't know about that...
resources.assets	8537	MonoBehaviour	dialogLineSets[1].dialogLines[1].dialogText	[hhaahhaahhaahhaa]▸▸▸▸▸[hhhh]▸▸▸▸▸▸▸▸▸▸[aaaaaa]...how did I know you were going to say something like that?
resources.assets	8537	MonoBehaviour	dialogLineSets[1].dialogLines[2].dialogText	Oh,▸▸▸ get out of here!▸▸▸▸▸ You expect me to believe that?
resources.assets	8537	MonoBehaviour	dialogLineSets[1].dialogLines[3].dialogText	You just said that because you think it's what I want to hear, didn't you?
resources.assets	8537	MonoBehaviour	dialogLineSets[1].dialogLines[4].dialogText	Not exactly what I would choose,▸▸▸▸▸▸▸▸ but I get where you're coming from.
resources.assets	8537	MonoBehaviour	dialogLineSets[1].dialogLines[5].dialogText	Yeah,▸▸▸▸▸ I▸▸ GUESS▸▸ that makes sense...
resources.assets	8537	MonoBehaviour	dialogLineSets[2].dialogLines[0].dialogText	Well,▸▸▸▸▸ thanks...▸▸▸▸▸▸▸▸▸▸ but I'm not exactly sure how that helps, hun.
resources.assets	8537	MonoBehaviour	dialogLineSets[2].dialogLines[1].dialogText	Yeeeeaaahh,▸▸▸▸▸▸▸ I guess you're right...
resources.assets	8537	MonoBehaviour	dialogLineSets[2].dialogLines[2].dialogText	Ughh,▸▸▸▸▸ why am I not surprised?
resources.assets	8537	MonoBehaviour	dialogLineSets[2].dialogLines[3].dialogText	I kinda had a feeling you'd say something like that...
resources.assets	8537	MonoBehaviour	dialogLineSets[2].dialogLines[4].dialogText	Oh, fuck off!▸▸▸▸▸▸▸▸▸▸ You're so full of shit.
resources.assets	8537	MonoBehaviour	dialogLineSets[2].dialogLines[5].dialogText	[OOO]Okaaaayy...▸▸▸▸▸▸▸▸▸▸ not...▸▸▸▸▸ exactly what I was expecting...
resources.assets	8537	MonoBehaviour	dialogLineSets[3].dialogLines[0].dialogText	Tch!▸▸ Figures...[h]
resources.assets	8537	MonoBehaviour	dialogLineSets[3].dialogLines[1].dialogText	U[u]mmmm,▸▸▸▸▸▸▸ that's kinda like... pa▸the▸tic?[k]
resources.assets	8537	MonoBehaviour	dialogLineSets[3].dialogLines[2].dialogText	Uhhhh... yeah, no.[h]
resources.assets	8537	MonoBehaviour	dialogLineSets[3].dialogLines[3].dialogText	Booooring...[hh]
resources.assets	8537	MonoBehaviour	dialogLineSets[3].dialogLines[4].dialogText	You literally expect me to believe that?[h]
resources.assets	8537	MonoBehaviour	dialogLineSets[3].dialogLines[5].dialogText	That's cool... I▸▸ guess...[s]
resources.assets	8537	MonoBehaviour	dialogLineSets[4].dialogLines[0].dialogText	No...▸▸▸▸▸▸▸ that▸▸▸ can't be it.▸▸▸▸▸▸▸▸▸▸▸▸▸ That doesn't feel quite right...
resources.assets	8537	MonoBehaviour	dialogLineSets[4].dialogLines[1].dialogText	Hmmm...▸▸▸▸▸▸▸▸▸▸ there must be someone else who fits this description better...
resources.assets	8537	MonoBehaviour	dialogLineSets[4].dialogLines[2].dialogText	Are you sure?▸▸▸▸▸▸▸▸▸▸ I believe you may be mistaken...
resources.assets	8537	MonoBehaviour	dialogLineSets[5].dialogLines[0].dialogText	Awww!▸▸[hh]▸▸▸ That's totally the opposite of what I was gonna say...[h]
resources.assets	8537	MonoBehaviour	dialogLineSets[5].dialogLines[1].dialogText	Huh?[hh]▸▸▸▸▸ That's not even CLOSE to what I thought you were gonna say!
resources.assets	8537	MonoBehaviour	dialogLineSets[5].dialogLines[2].dialogText	Oh,▸▸▸▸▸ okay!▸▸▸▸▸▸▸▸ I was just wondering.
resources.assets	8537	MonoBehaviour	dialogLineSets[5].dialogLines[3].dialogText	You▸▸ really▸▸ think▸▸ so?▸▸▸▸▸▸▸▸▸▸ I'm not so su[u]re about that...
resources.assets	8537	MonoBehaviour	dialogLineSets[5].dialogLines[4].dialogText	Mmmmm,▸▸▸▸▸ yeah,▸▸▸▸▸ I guess you have a point...[tt]
resources.assets	8537	MonoBehaviour	dialogLineSets[5].dialogLines[5].dialogText	Is that really true?▸▸▸▸▸▸▸▸ Are you trying to trick me!?[h]
resources.assets	8537	MonoBehaviour	dialogLineSets[6].dialogLines[0].dialogText	Wow...[heh][heh]▸▸▸▸▸▸▸▸▸▸▸▸▸▸▸▸▸▸▸▸ I wish I could think more like that...
resources.assets	8537	MonoBehaviour	dialogLineSets[6].dialogLines[1].dialogText	Well,▸▸▸▸▸▸▸▸▸▸ to each their own, I suppose!
resources.assets	8537	MonoBehaviour	dialogLineSets[6].dialogLines[2].dialogText	You think so?▸▸▸▸▸▸▸▸▸▸ I can see why you would say that.
resources.assets	8537	MonoBehaviour	dialogLineSets[6].dialogLines[3].dialogText	[OOO]Oh...▸▸▸▸▸▸▸▸▸▸ you really feel that way?▸▸▸▸▸ I see...
resources.assets	8537	MonoBehaviour	dialogLineSets[6].dialogLines[4].dialogText	Hmmm...▸▸▸▸▸▸▸▸▸▸ yes,▸▸▸▸▸ I suppose you're probably right...
resources.assets	8537	MonoBehaviour	dialogLineSets[6].dialogLines[5].dialogText	Uhhh...▸▸▸▸▸▸▸▸▸▸▸▸▸▸▸ never mind,▸▸▸▸▸ it was probably rude of me to even ask!▸▸[hhhaahhaa]▸▸[hhhh]
resources.assets	8537	MonoBehaviour	dialogLineSets[7].dialogLines[0].dialogText	Oh,▸▸▸▸▸▸▸▸▸▸ real[h]ly?▸▸▸▸▸▸▸ Well...▸▸▸[hh]▸▸▸ okay.[hh]
resources.assets	8537	MonoBehaviour	dialogLineSets[7].dialogLines[1].dialogText	I don't really know nothin' about that...
resources.assets	8537	MonoBehaviour	dialogLineSets[7].dialogLines[2].dialogText	N[nnn]nnoo[oooo]oope!▸▸▸▸▸▸▸▸▸▸[hahahaha]▸▸[hhhh]▸▸▸▸▸ That's a good guess though!
resources.assets	8537	MonoBehaviour	dialogLineSets[7].dialogLines[3].dialogText	Ain't anybody ever tell ya it ain't nice to tell fibs![s]
resources.assets	8537	MonoBehaviour	dialogLineSets[7].dialogLines[4].dialogText	[AA]Awwww[ww]...[hh]▸▸▸▸▸▸▸ poop!
resources.assets	8537	MonoBehaviour	dialogLineSets[7].dialogLines[5].dialogText	Uhh[hh]hh...▸▸▸▸▸▸▸▸▸▸ wait,▸▸▸▸▸ I forgot what we were talkin' about...[hh]
resources.assets	8537	MonoBehaviour	dialogLineSets[8].dialogLines[0].dialogText	Pssh!▸▸ Na[a]h,[h]▸▸▸▸▸ I know bullshit when I hear it.
resources.assets	8537	MonoBehaviour	dialogLineSets[8].dialogLines[1].dialogText	Yoo[oo]oo...▸▸ that's fucked up.▸▸
resources.assets	8537	MonoBehaviour	dialogLineSets[8].dialogLines[2].dialogText	Uhh[hh]hh...▸▸▸▸▸▸▸ yeah,▸▸▸▸▸▸▸▸▸▸ I[ii] don't know about that...
resources.assets	8537	MonoBehaviour	dialogLineSets[8].dialogLines[3].dialogText	I mean...[hhhh]▸▸▸▸▸▸▸▸▸▸▸▸▸ o▸▸kay,▸▸▸▸▸▸▸▸▸▸ if that's what you think...
resources.assets	8537	MonoBehaviour	dialogLineSets[8].dialogLines[4].dialogText	Yeah?▸▸▸▸▸▸▸▸▸▸▸▸▸▸▸▸▸▸▸▸▸▸▸ I guess there ain't nothin' wrong with that.
resources.assets	8537	MonoBehaviour	dialogLineSets[8].dialogLines[5].dialogText	I had a feelin' you were gonna say some weird ass shit like that...
resources.assets	8537	MonoBehaviour	dialogLineSets[9].dialogLines[0].dialogText	Ughh,▸▸▸▸▸ that's something my husband would say...
resources.assets	8537	MonoBehaviour	dialogLineSets[9].dialogLines[1].dialogText	Hmmm...▸▸▸▸▸▸▸▸▸▸ I SUP▸▸▸POSE I can understand that...
resources.assets	8537	MonoBehaviour	dialogLineSets[9].dialogLines[2].dialogText	Oh,▸▸▸▸▸▸▸▸▸▸ that's...[s]▸▸▸▸▸▸▸▸▸▸ disappointing.
resources.assets	8537	MonoBehaviour	dialogLineSets[9].dialogLines[3].dialogText	I'm afraid I'd have to disagree with you on that one...
resources.assets	8537	MonoBehaviour	dialogLineSets[9].dialogLines[4].dialogText	Speak for yourself,▸▸▸▸ kid!
resources.assets	8537	MonoBehaviour	dialogLineSets[9].dialogLines[5].dialogText	Mmmm...▸▸▸▸▸▸▸▸▸▸▸▸ no[o]pe!▸▸[hh]
resources.assets	8537	MonoBehaviour	dialogLineSets[10].dialogLines[0].dialogText	Okay,▸▸▸▸▸ I▸▸▸▸▸ guess I can respect that.
resources.assets	8537	MonoBehaviour	dialogLineSets[10].dialogLines[1].dialogText	Pfft!▸▸▸▸▸ If you say so...
resources.assets	8537	MonoBehaviour	dialogLineSets[10].dialogLines[2].dialogText	[ha][ha]▸▸[hhhh]▸▸You fucking wish!
resources.assets	8537	MonoBehaviour	dialogLineSets[10].dialogLines[3].dialogText	[ha][ha]▸▸[hhhh]▸▸What a fucking loser!
resources.assets	8537	MonoBehaviour	dialogLineSets[10].dialogLines[4].dialogText	Ughh,▸▸▸▸▸ you're no fun...
resources.assets	8537	MonoBehaviour	dialogLineSets[10].dialogLines[5].dialogText	What...▸▸▸▸▸ the fuck?
resources.assets	8537	MonoBehaviour	dialogLineSets[11].dialogLines[0].dialogText	Oh,▸▸▸▸▸ is that so?[hh]▸▸▸▸▸▸▸▸▸▸ That's a bit...▸▸▸▸▸ disappointing to hear...
resources.assets	8537	MonoBehaviour	dialogLineSets[11].dialogLines[1].dialogText	Oh my...[hh]▸▸▸▸▸ that's so...▸▸▸▸▸ embarrassing!
resources.assets	8537	MonoBehaviour	dialogLineSets[11].dialogLines[2].dialogText	I can understand why you would say that.[hh]
resources.assets	8537	MonoBehaviour	dialogLineSets[11].dialogLines[3].dialogText	Really?▸▸▸▸▸▸▸▸▸▸▸▸▸▸▸ I don't know if I could do that...
resources.assets	8537	MonoBehaviour	dialogLineSets[11].dialogLines[4].dialogText	I don't think I've ever heard▸▸▸▸▸ THAT before...
resources.assets	8537	MonoBehaviour	dialogLineSets[11].dialogLines[5].dialogText	Well,▸▸▸▸▸▸▸▸▸▸ we all have our own way of doing things![hh]
resources.assets	8537	MonoBehaviour	dialogLineSets[12].dialogLines[0].dialogText	[aaahh]▸▸▸▸▸No[ooo]!▸▸▸▸▸ You don't mean that,▸▸ do you?
resources.assets	8537	MonoBehaviour	dialogLineSets[12].dialogLines[1].dialogText	Whatever floats your boat!▸▸▸▸▸[haha]▸▸[hh]
resources.assets	8537	MonoBehaviour	dialogLineSets[12].dialogLines[2].dialogText	Hmm...▸▸▸▸▸ well,▸▸ different folks, different strokes![s]
resources.assets	8537	MonoBehaviour	dialogLineSets[12].dialogLines[3].dialogText	Mmmm...▸▸▸▸▸▸▸▸▸▸ not real▸ly my style...
resources.assets	8537	MonoBehaviour	dialogLineSets[12].dialogLines[4].dialogText	Oh,▸▸▸ stop!▸▸▸ You naughty boy!
resources.assets	8537	MonoBehaviour	dialogLineSets[12].dialogLines[4].yuriDialogText	Oh,▸▸▸ stop!▸▸▸ You▸▸ naughty▸▸ girl!
resources.assets	8537	MonoBehaviour	dialogLineSets[12].dialogLines[5].dialogText	[aaahh]▸▸▸Boys will be boys![s]
resources.assets	8537	MonoBehaviour	dialogLineSets[12].dialogLines[5].yuriDialogText	[aaahh]▸▸▸▸▸Girls will be girls![s]
resources.assets	8538	MonoBehaviour	dialogLineSets[0].dialogLines[0].dialogText	This is the FAV_QUESTION_INTRO dialog trigger.
resources.assets	8538	MonoBehaviour	dialogLineSets[1].dialogLines[0].dialogText	Ask away!▸▸▸▸▸ I get a kick out of answering your questions.
resources.assets	8538	MonoBehaviour	dialogLineSets[1].dialogLines[1].dialogText	There must be something you don't know about me yet...
resources.assets	8538	MonoBehaviour	dialogLineSets[1].dialogLines[2].dialogText	What can I do for you?
resources.assets	8538	MonoBehaviour	dialogLineSets[2].dialogLines[0].dialogText	Wooooww,▸▸▸▸▸▸▸▸ you're actually looking at my face.▸▸▸▸▸[hahahaha]▸▸[hhhh]▸▸▸▸▸ You must have something important to say.
resources.assets	8538	MonoBehaviour	dialogLineSets[2].dialogLines[1].dialogText	We really need to catch up more.▸▸▸▸▸ It's been too long.▸▸▸
resources.assets	8538	MonoBehaviour	dialogLineSets[2].dialogLines[2].dialogText	If there's something you wanna ask me, don't be shy!▸▸▸
resources.assets	8538	MonoBehaviour	dialogLineSets[3].dialogLines[0].dialogText	Uhhh...▸▸ ye[e]ah[h]?
resources.assets	8538	MonoBehaviour	dialogLineSets[3].dialogLines[1].dialogText	Do you like,▸▸ need something?[h]
resources.assets	8538	MonoBehaviour	dialogLineSets[3].dialogLines[2].dialogText	Can somebody▸▸ ple[ee]ase▸▸ say something before I▸▸▸ DIE▸▸▸ of boredom...[h]
resources.assets	8538	MonoBehaviour	dialogLineSets[4].dialogLines[0].dialogText	I can sense that you have something on your mind...
resources.assets	8538	MonoBehaviour	dialogLineSets[4].dialogLines[1].dialogText	My mind is open for all those who wish to explore it...
resources.assets	8538	MonoBehaviour	dialogLineSets[4].dialogLines[2].dialogText	Wait...▸▸▸▸▸ I'm▸▸▸▸▸ getting a vision...▸▸▸▸▸ you're about to ask me a question,▸▸▸▸▸ right?
resources.assets	8538	MonoBehaviour	dialogLineSets[5].dialogLines[0].dialogText	Ask▸▸ me▸▸ some▸▸thing!▸▸[hh]▸▸▸ I wanna hear a fun question!
resources.assets	8538	MonoBehaviour	dialogLineSets[5].dialogLines[1].dialogText	What?▸▸▸ What?▸▸▸ Huh?▸▸▸ What is it?[h]
resources.assets	8538	MonoBehaviour	dialogLineSets[5].dialogLines[2].dialogText	Mmmmmmmhmmmmmm?
resources.assets	8538	MonoBehaviour	dialogLineSets[6].dialogLines[0].dialogText	Is there something I can help you with?
resources.assets	8538	MonoBehaviour	dialogLineSets[6].dialogLines[1].dialogText	Please don't hesitate to let me know if you have any questions!
resources.assets	8538	MonoBehaviour	dialogLineSets[6].dialogLines[2].dialogText	I'm all ears!
resources.assets	8538	MonoBehaviour	dialogLineSets[7].dialogLines[0].dialogText	[h]Go▸▸ on▸▸ now!▸[hh]▸▸▸▸▸▸▸▸▸ Tell me what you're thinkin' about![h]
resources.assets	8538	MonoBehaviour	dialogLineSets[7].dialogLines[1].dialogText	Whatcha need?[hh]▸▸▸▸▸[hh]▸▸▸▸▸ I'm here to please in ANY way I can![aa][hh]▸▸▸▸▸▸▸[hahahaha]▸▸▸[hhhh]
resources.assets	8538	MonoBehaviour	dialogLineSets[7].dialogLines[2].dialogText	Uhhhh...▸▸▸▸▸[hh]▸▸▸▸▸ I forgot what I was gonna say,▸▸▸▸▸ so,▸▸▸▸▸[hh]▸▸▸▸▸ you talk instead!
resources.assets	8538	MonoBehaviour	dialogLineSets[8].dialogLines[0].dialogText	You got something to say to me?
resources.assets	8538	MonoBehaviour	dialogLineSets[8].dialogLines[1].dialogText	I'm listenin'...
resources.assets	8538	MonoBehaviour	dialogLineSets[8].dialogLines[2].dialogText	Yeah?[h]
resources.assets	8538	MonoBehaviour	dialogLineSets[9].dialogLines[0].dialogText	Ask me whatever you like!▸▸▸▸▸▸▸ I'm always...▸▸▸▸▸▸▸ op▸▸en...
resources.assets	8538	MonoBehaviour	dialogLineSets[9].dialogLines[1].dialogText	Give me some good conversation!▸▸▸▸▸▸▸▸▸▸ My husband is such a bore to talk to...
resources.assets	8538	MonoBehaviour	dialogLineSets[9].dialogLines[2].dialogText	Why are you looking at my face when my boobs are right here?
resources.assets	8538	MonoBehaviour	dialogLineSets[10].dialogLines[0].dialogText	What's up?
resources.assets	8538	MonoBehaviour	dialogLineSets[10].dialogLines[1].dialogText	Go ahead,▸▸▸▸▸ ask me anything.▸▸▸▸▸ I got nothin' to hide...
resources.assets	8538	MonoBehaviour	dialogLineSets[10].dialogLines[2].dialogText	Yes,▸▸▸▸▸ I am awesome.▸▸▸▸▸▸▸▸▸▸▸▸▸▸▸ Oh wait,▸▸▸▸▸ that wasn't your question?
resources.assets	8538	MonoBehaviour	dialogLineSets[11].dialogLines[0].dialogText	I'm happy to answer any questions you might have!
resources.assets	8538	MonoBehaviour	dialogLineSets[11].dialogLines[1].dialogText	I'm▸▸▸ not used to people asking me about▸▸ my opinion...
resources.assets	8538	MonoBehaviour	dialogLineSets[11].dialogLines[2].dialogText	What do you-▸▸▸▸▸ Uh,▸▸▸▸▸ oh,[hh]▸▸▸▸▸ sorry!▸▸▸▸▸▸▸▸▸▸▸▸▸▸▸ Were you going to say something?
resources.assets	8538	MonoBehaviour	dialogLineSets[12].dialogLines[0].dialogText	Hey▸▸ hand▸▸some,▸▸▸ you got a question for me?
resources.assets	8538	MonoBehaviour	dialogLineSets[12].dialogLines[0].yuriDialogText	Hey▸▸ beautiful,▸▸▸▸▸▸▸▸ you got a question for me?
resources.assets	8538	MonoBehaviour	dialogLineSets[12].dialogLines[1].dialogText	You just gonna stand there lookin' cute?▸▸ Because that's fine by me!
resources.assets	8538	MonoBehaviour	dialogLineSets[12].dialogLines[2].dialogText	Don't be shy now!
resources.assets	8539	MonoBehaviour	dialogLineSets[0].dialogLines[0].dialogText	This is the FAV_QUESTION_RESPONSE dialog trigger.
resources.assets	8539	MonoBehaviour	dialogLineSets[1].dialogLines[0].dialogText	You know me!▸▸▸▸▸ I'd be lost without my morning, afternoon and evening coffee!▸▸[hahahaha]▸▸[aaaa]▸▸
resources.assets	8539	MonoBehaviour	dialogLineSets[1].dialogLines[1].dialogText	If you ask me,▸▸▸▸▸ there's nothing quite as refreshing as a pint of mint chocolate chip!
resources.assets	8539	MonoBehaviour	dialogLineSets[1].dialogLines[2].dialogText	It's gotta be techno for me.▸▸▸▸▸▸▸▸▸▸ It keeps me energized whether I'm at the gym, or up late at night working!
resources.assets	8539	MonoBehaviour	dialogLineSets[1].dialogLines[3].dialogText	There's nothing like a good documentary.▸▸▸▸▸ You can learn so much about a subject you've never even thought about before.
resources.assets	8539	MonoBehaviour	dialogLineSets[1].dialogLines[4].dialogText	It's boring, but I'd have to go with e-mail.▸▸▸▸▸▸▸▸ It's the best way to stay in contact with my clients and distributors.
resources.assets	8539	MonoBehaviour	dialogLineSets[1].dialogLines[5].dialogText	I probably use the music player the most.▸▸▸▸▸▸▸▸▸▸ I gotta have my jams when I'm working out!
resources.assets	8539	MonoBehaviour	dialogLineSets[1].dialogLines[6].dialogText	Boxing,▸▸ gloves down!▸▸▸▸▸▸▸▸▸▸▸▸▸ I started taking lessons about a year ago, so you better watch out!▸▸[hahahaha]▸▸[aaaa]▸▸
resources.assets	8539	MonoBehaviour	dialogLineSets[1].dialogLines[7].dialogText	I've always loved tennis,▸▸▸▸▸ but I've been getting into basketball and soccer recently too.▸▸▸▸▸ So, I'll just say sports!
resources.assets	8539	MonoBehaviour	dialogLineSets[1].dialogLines[8].dialogText	Nothing gets my adrenaline pumping like a roller coaster!▸▸▸▸▸ Especially if it goes upside down!
resources.assets	8539	MonoBehaviour	dialogLineSets[1].dialogLines[9].dialogText	I make it a point to get together with the girls for drinks.▸▸▸▸▸ You have to have SOME kind of social life, right?
resources.assets	8539	MonoBehaviour	dialogLineSets[1].dialogLines[10].dialogText	I like to find a cute cafe and enjoy a cup of coffee.▸▸▸▸▸▸▸▸▸▸ You probably knew that though... that's where we met!
resources.assets	8539	MonoBehaviour	dialogLineSets[1].dialogLines[11].dialogText	The colder the better!▸▸▸▸▸ I like the snow because I get to dress in layers and wear my favorite boots.
resources.assets	8539	MonoBehaviour	dialogLineSets[1].dialogLines[12].dialogText	New Year's Eve, without a doubt.▸▸▸▸▸ It's the perfect opportunity to take stock of life and hit the new year running!
resources.assets	8539	MonoBehaviour	dialogLineSets[1].dialogLines[13].dialogText	I'm partial to cats because of my busy lifestyle.▸▸▸▸▸▸▸▸▸▸ They're so clean and they pretty much look after themselves.
resources.assets	8539	MonoBehaviour	dialogLineSets[1].dialogLines[14].dialogText	I enjoyed most of my classes,▸▸ but if I had to pick...▸▸ I'd say history.▸▸▸▸▸▸▸▸ I'm a bit of a history buff!
resources.assets	8539	MonoBehaviour	dialogLineSets[1].dialogLines[15].dialogText	I'm in and out of the sporting goods store all the time.▸▸▸▸▸ Probably because I keep adopting new hobbies!
resources.assets	8539	MonoBehaviour	dialogLineSets[1].dialogLines[16].dialogText	I think confidence▸▸ is▸▸ key.▸▸▸▸▸▸▸▸▸▸▸▸▸ You're gonna need a lot of it to keep up with me anyway!▸▸[hahahaha]▸▸[hhhh]▸▸
resources.assets	8539	MonoBehaviour	dialogLineSets[1].dialogLines[17].dialogText	I don't do at least forty squats a day for no reason!▸▸▸▸▸ I gotta keep the booty nice and firm!
resources.assets	8539	MonoBehaviour	dialogLineSets[1].dialogLines[18].dialogText	Hmmm...▸▸▸ probably doggy style.▸▸▸▸▸ At a certain angle, it hits juuuuuust the right spot...
resources.assets	8539	MonoBehaviour	dialogLineSets[1].dialogLines[19].dialogText	I usually watch solo girls.▸▸▸▸▸▸▸▸▸▸▸▸▸ There's something so sexy about a girl that can take care of herself like that...
resources.assets	8539	MonoBehaviour	dialogLineSets[2].dialogLines[0].dialogText	Oh▸▸▸ come▸▸▸ on,▸▸▸▸▸▸▸▸▸▸ you should know this.▸▸▸▸▸▸▸▸▸▸ As long as there's booze in it,▸▸▸ it's my favorite!
resources.assets	8539	MonoBehaviour	dialogLineSets[2].dialogLines[1].dialogText	I've always liked the way mint ice cream tingles as it slides down the back of my throat.▸▸[hahahaha]▸▸[hhhh]
resources.assets	8539	MonoBehaviour	dialogLineSets[2].dialogLines[2].dialogText	Country,▸▸▸▸▸ for sure.▸▸▸▸▸▸▸▸▸▸▸▸▸▸▸ You can take the girl out of the south,▸▸▸▸▸ but you can't take the south▸▸▸▸▸ out of the girl.
resources.assets	8539	MonoBehaviour	dialogLineSets[2].dialogLines[3].dialogText	I'm a sucker for a good romance movie.▸▸▸▸▸▸▸▸▸▸ I used to wish someone would sweep me off my feet like that...▸▸▸▸▸ oh well...
resources.assets	8539	MonoBehaviour	dialogLineSets[2].dialogLines[4].dialogText	Do you even have to ask?▸▸▸▸▸▸▸▸▸▸ Porn, silly!▸▸▸▸▸▸▸▸▸▸▸▸▸▸▸ Truth be told,▸▸▸▸▸▸▸▸▸▸ watching my own videos kinda turns me on...
resources.assets	8539	MonoBehaviour	dialogLineSets[2].dialogLines[5].dialogText	Oh, I use those ride sharing apps all the time.▸▸▸▸▸▸▸▸▸▸ Personally,▸▸ I hate driving myself.
resources.assets	8539	MonoBehaviour	dialogLineSets[2].dialogLines[6].dialogText	Exercise?▸▸▸▸▸▸▸▸▸▸▸▸▸▸▸ Hun,▸▸▸▸▸▸▸▸▸▸▸▸▸▸▸ I don't bother with any of that.▸▸▸▸▸▸▸▸▸▸ I just smoke to stay thin!
resources.assets	8539	MonoBehaviour	dialogLineSets[2].dialogLines[7].dialogText	The same as my favorite indoor activity...▸▸▸▸▸▸▸▸▸▸ sex!▸▸▸▸▸▸▸▸▸▸[hahahaha]▸▸[hhhh]▸▸▸▸▸ The added danger of getting caught really gets me going...
resources.assets	8539	MonoBehaviour	dialogLineSets[2].dialogLines[8].dialogText	When my daughter was young,▸▸[hh]▸▸▸ I used to just relax in the lazy river while she ran off with her friends.
resources.assets	8539	MonoBehaviour	dialogLineSets[2].dialogLines[9].dialogText	Friday▸▸▸▸▸ is girls night out!▸▸▸▸▸▸▸ Just me,▸▸▸▸▸ my girls,▸▸ and about four bottles of wine!▸▸▸▸▸[hahahaha]▸▸[hhhh]
resources.assets	8539	MonoBehaviour	dialogLineSets[2].dialogLines[10].dialogText	Morning is▸▸ my...▸▸▸▸▸▸▸▸▸▸ private time.▸▸▸▸▸▸▸▸▸▸ A girl has to...▸▸▸▸▸ take care of herself,▸▸▸▸▸ you know.
resources.assets	8539	MonoBehaviour	dialogLineSets[2].dialogLines[11].dialogText	I▸▸ LOVE▸▸ snow.▸▸▸▸▸▸▸▸▸▸▸▸▸▸▸ Winter has always been my favorite time of year.▸▸▸▸▸▸▸▸▸▸ There's something so cozy about the cold.
resources.assets	8539	MonoBehaviour	dialogLineSets[2].dialogLines[12].dialogText	I've loved Christmas▸▸▸▸▸ ever since my daughter was born.▸▸▸▸▸▸▸▸▸▸ It's not the same anymore...▸▸▸▸▸ but I'll always have memories.
resources.assets	8539	MonoBehaviour	dialogLineSets[2].dialogLines[13].dialogText	I▸▸▸▸▸ ADORE▸▸▸▸▸ cats;▸▸▸▸▸▸▸▸▸▸ all types of them.▸▸▸▸▸▸▸▸ Big cats, little cats...▸▸ hell, I even made my stage name Misty Katz!
resources.assets	8539	MonoBehaviour	dialogLineSets[2].dialogLines[14].dialogText	High school didn't last long for me,▸▸▸▸▸ but I liked history class because I had a HUGE crush on my teacher.
resources.assets	8539	MonoBehaviour	dialogLineSets[2].dialogLines[15].dialogText	I'm such a girly girl when it comes to shoes.▸▸▸▸▸▸▸▸▸▸ If you see me in a shoe store...▸▸▸▸▸ watch out!▸▸[hahahaha]▸▸[hhhh]
resources.assets	8539	MonoBehaviour	dialogLineSets[2].dialogLines[16].dialogText	I used to hope I'd meet somebody who just loved me,▸▸▸ mistakes and all...▸▸▸▸▸▸▸▸▸▸ but, that ship sailed a long time ago...
resources.assets	8539	MonoBehaviour	dialogLineSets[2].dialogLines[17].dialogText	Do you think I'm NOT going to say my boobs?▸▸[hahahaha]▸▸[hhhh]▸▸ I mean, just look at them!
resources.assets	8539	MonoBehaviour	dialogLineSets[2].dialogLines[18].dialogText	[hahahaha]▸▸▸▸▸[hhhh]▸▸▸▸▸Quit pretending like you don't know!▸▸▸ I wasn't nicknamed "The Oral Queen" for no reason,▸▸▸▸▸ hun.
resources.assets	8539	MonoBehaviour	dialogLineSets[2].dialogLines[19].dialogText	You're never gonna believe me,▸▸▸▸▸ but I like to watch plain old vanilla sex.▸▸▸▸▸▸▸▸▸▸ I think it's cute!▸▸▸▸▸
resources.assets	8539	MonoBehaviour	dialogLineSets[3].dialogLines[0].dialogText	Considering▸▸ I go to Starbrand like,[ah]▸▸ a million times a day...▸▸[hh]▸▸ I'm gonna go with▸▸ tea.
resources.assets	8539	MonoBehaviour	dialogLineSets[3].dialogLines[1].dialogText	Ummm,▸▸▸▸▸▸▸▸ I don't really like ice cream...▸▸ but,▸▸[hh] if I do eat it, it's usually just like,▸▸▸▸▸ pla[aa]in?[hh]▸▸
resources.assets	8539	MonoBehaviour	dialogLineSets[3].dialogLines[2].dialogText	Tch!▸▸[hh] I▸▸ don't▸▸ know!▸▸[hh]▸▸ Like,▸▸[hh]▸▸ music fucking sucks these days.▸▸[hh]▸▸ I guess some punk bands are okay...
resources.assets	8539	MonoBehaviour	dialogLineSets[3].dialogLines[3].dialogText	I watch,▸▸▸ basically,▸▸ like,[hh]▸▸ every▸▸ single▸▸ horror movie that comes out.[t]
resources.assets	8539	MonoBehaviour	dialogLineSets[3].dialogLines[4].dialogText	The inter▸▸net is▸▸▸▸▸ SO▸▸▸▸▸▸▸ fuck▸▸ing▸▸▸▸▸▸▸ BOR▸▸▸ING...▸▸▸▸▸ the only thing to do on there is▸▸▸▸▸ watch stupid videos...[h]
resources.assets	8539	MonoBehaviour	dialogLineSets[3].dialogLines[5].dialogText	My phone▸▸▸▸▸ is▸▸▸ a fucking▸▸▸ piece▸▸ of▸▸ shit.[hh]▸▸▸▸▸▸▸▸[hh] The only thing it's good for is texting my friends.[h]
resources.assets	8539	MonoBehaviour	dialogLineSets[3].dialogLines[6].dialogText	I▸▸▸▸▸ don't real▸ly▸▸▸▸▸ DO▸▸▸▸▸ that?▸▸▸▸▸▸▸▸▸▸▸▸▸▸▸ Buu[uu]uutt[tt]...▸▸▸▸▸[hh]▸▸▸▸▸ sometimes I go swimming▸▸ 'cause like,▸▸▸▸▸ there's a chance I might drown.[h]
resources.assets	8539	MonoBehaviour	dialogLineSets[3].dialogLines[7].dialogText	Yeeeeahh...▸▸▸▸▸ I don't really GO[O]▸▸ out▸▸side?▸▸▸[hh]▸▸▸ 'Cause like, the sun,▸▸▸ makes me▸▸ fucking▸▸ depres[ss]sed.▸▸[t]
resources.assets	8539	MonoBehaviour	dialogLineSets[3].dialogLines[8].dialogText	Rides▸▸▸▸▸ are for like,▸▸ little kids?[hh]▸▸▸▸▸▸▸[hh] I'd just go to the haunted houses,▸▸ and▸▸ like,▸▸ lay on the floor▸▸ or something...
resources.assets	8539	MonoBehaviour	dialogLineSets[3].dialogLines[9].dialogText	S[s]leep![hh]
resources.assets	8539	MonoBehaviour	dialogLineSets[3].dialogLines[10].dialogText	S[s]leep![hh]
resources.assets	8539	MonoBehaviour	dialogLineSets[3].dialogLines[11].dialogText	I basically never want to go outside again,▸[hh] unless it's like...[hh]▸▸▸ dark...▸▸▸▸▸ and cold...▸▸▸▸▸ and like,▸▸▸▸▸▸▸▸▸▸ rain▸▸ing...▸▸[hh]
resources.assets	8539	MonoBehaviour	dialogLineSets[3].dialogLines[12].dialogText	Ummm,▸▸▸▸▸▸▸ obvious▸▸ly,▸▸▸▸▸▸▸ Valentine's▸▸ Day?▸▸▸▸▸▸▸▸▸▸▸▸▸▸▸ NO[O]T!▸▸▸[hh]▸▸▸ Fucking, barf.▸▸▸ The only good holiday is Halloween.[h]
resources.assets	8539	MonoBehaviour	dialogLineSets[3].dialogLines[13].dialogText	I have a pet snake at home.▸▸▸[hh]▸▸▸ He's the▸▸▸ ONLY living thing in my house that gives a SH[H]IT▸▸ about me...[h]
resources.assets	8539	MonoBehaviour	dialogLineSets[3].dialogLines[14].dialogText	Ughhhh...[hh]▸▸ I▸▸▸ hated▸▸▸ every▸▸▸ single▸▸▸ class.▸▸▸[hh]▸▸▸ I dropped out literally,▸▸ like,▸▸ the second▸▸ I could.
resources.assets	8539	MonoBehaviour	dialogLineSets[3].dialogLines[15].dialogText	Ummm,▸▸▸ I fucking▸▸▸ LIIIIVE▸▸▸ at▸▸ Alt Subject.▸▸▸▸▸[heh]▸▸▸▸▸ The people there▸▸▸ are▸▸▸ basically like, my REAL family.[h]
resources.assets	8539	MonoBehaviour	dialogLineSets[3].dialogLines[16].dialogText	Well,▸▸▸▸▸ I'm short as fuck?▸▸[hh]▸▸ So,▸▸ I need someone tall.▸▸[hh]▸▸ You have to be at LE[E]AST a foot taller than me.[h]
resources.assets	8539	MonoBehaviour	dialogLineSets[3].dialogLines[17].dialogText	Ummm,▸▸▸▸▸ my▸▸ pussy?▸▸▸▸▸▸▸▸ Du[u]h[h]!▸▸▸▸▸ It's like,▸▸[hh]▸▸ the only thing I get any fucking joy out of...[h]
resources.assets	8539	MonoBehaviour	dialogLineSets[3].dialogLines[18].dialogText	Probably▸▸ liiiike... sixty-▸▸ni[ii]ne?▸▸[hh]▸▸ 'Cause like, I wanna be eaten out, but I also like▸▸ choking▸ on▸ huge▸ cock.[h]
resources.assets	8539	MonoBehaviour	dialogLineSets[3].dialogLines[18].yuriDialogText	Prob▸▸ably▸▸▸▸▸ lii[ii]iike...▸▸ sixty-▸▸ni[ii]ne?▸▸[hh]▸▸ 'Cause like,▸▸ I wanna be eaten out, but I also like eating pussy too?
resources.assets	8539	MonoBehaviour	dialogLineSets[3].dialogLines[19].dialogText	Most porn▸▸▸ is fucking▸▸▸▸▸ la[aa]me.▸▸▸▸▸[hh]▸▸ I literally cannot get off unless▸▸ SOME▸▸ONE▸▸ is getting gagged▸▸ or whipped.
resources.assets	8539	MonoBehaviour	dialogLineSets[4].dialogLines[0].dialogText	Without regular consumption of coffee,▸▸▸▸▸▸▸▸▸▸ my connection with the spirit world begins to weaken.
resources.assets	8539	MonoBehaviour	dialogLineSets[4].dialogLines[1].dialogText	I'm quite susceptible to brain freeze from frozen treats.▸▸▸▸▸▸▸▸▸▸ Chocolate, however...▸▸▸▸▸ is▸▸▸▸▸ difficult to resist.
resources.assets	8539	MonoBehaviour	dialogLineSets[4].dialogLines[2].dialogText	There's something about electronic music...▸▸▸▸▸▸▸▸ techno...▸▸▸▸▸▸▸▸▸▸▸▸ that makes me feel...▸▸▸▸▸▸▸▸▸▸▸▸ complete.
resources.assets	8539	MonoBehaviour	dialogLineSets[4].dialogLines[3].dialogText	Horror movies are rather interesting...▸▸▸▸▸▸▸▸▸▸ they trigger something deeply primal within our minds.
resources.assets	8539	MonoBehaviour	dialogLineSets[4].dialogLines[4].dialogText	The technology to send mail,▸▸▸▸▸ electronically,▸▸▸▸▸ to anyone in the world,▸▸▸▸▸ instantly...▸▸▸▸▸▸▸ it's truly remarkable.
resources.assets	8539	MonoBehaviour	dialogLineSets[4].dialogLines[5].dialogText	With the camera,▸▸▸▸▸▸▸▸▸▸ you can capture a single moment in time and preserve it forever.▸▸▸▸▸▸▸▸▸▸ Isn't that fascinating?
resources.assets	8539	MonoBehaviour	dialogLineSets[4].dialogLines[6].dialogText	I've taken to the sport of boxing.▸▸▸▸▸▸▸▸▸▸ It works wonders not just for the body,▸▸▸▸▸ but for mind and spirit as well.
resources.assets	8539	MonoBehaviour	dialogLineSets[4].dialogLines[7].dialogText	I▸▸▸▸▸▸▸▸ don't spend much of my time outdoors.▸▸▸▸▸▸▸▸▸▸▸▸▸ I vastly prefer to be inside a climate controlled environment.
resources.assets	8539	MonoBehaviour	dialogLineSets[4].dialogLines[8].dialogText	I'm rarely stimulated by fast movements or sudden drops.▸▸▸▸▸▸▸▸▸▸▸▸▸▸▸ I find a haunted house much more exhilarating.
resources.assets	8539	MonoBehaviour	dialogLineSets[4].dialogLines[9].dialogText	I enjoy attending dance clubs.▸▸▸▸▸▸▸▸▸▸ I'm energized by the primal spirit of all those dancing around me...
resources.assets	8539	MonoBehaviour	dialogLineSets[4].dialogLines[10].dialogText	Sunday is a day for rest and recuperation.▸▸▸▸▸▸▸▸▸▸ I'll normally stay in bed until I feel fully replenished.
resources.assets	8539	MonoBehaviour	dialogLineSets[4].dialogLines[11].dialogText	I function most optimally under cool and breezy weather conditions.▸▸▸▸▸▸▸▸▸▸ I'm rather easily...▸▸▸▸▸ overheated.
resources.assets	8539	MonoBehaviour	dialogLineSets[4].dialogLines[12].dialogText	Val▸▸entine's▸▸ Day is a very▸▸ special day.▸▸▸▸▸▸▸▸▸▸ That's when I feel the presence of the butterfly people most strongly.
resources.assets	8539	MonoBehaviour	dialogLineSets[4].dialogLines[13].dialogText	Birds are▸▸▸▸▸▸▸▸ truly fascinating creatures.▸▸▸▸▸▸▸▸▸▸▸▸▸▸▸▸▸▸▸▸ I can communicate with them, you know.▸▸▸▸▸▸▸▸▸▸ Telepathically,▸▸▸▸▸ of course...
resources.assets	8539	MonoBehaviour	dialogLineSets[4].dialogLines[14].dialogText	I always felt perfectly at home in the computer lab.▸▸▸▸▸▸▸▸▸▸ Why is that,▸▸▸▸▸▸▸▸▸▸ I▸▸ wonder...
resources.assets	8539	MonoBehaviour	dialogLineSets[4].dialogLines[15].dialogText	Most▸▸ stores▸▸ don't▸▸▸ carry the type of clothing that I wear.▸▸▸▸▸▸▸ I have to search for specialty fashion boutiques.
resources.assets	8539	MonoBehaviour	dialogLineSets[4].dialogLines[16].dialogText	I must admit...▸▸▸▸▸▸▸▸▸▸▸▸▸▸▸ as a woman,▸▸▸▸▸ I feel a strong biological desire to seek partners who are taller than me.
resources.assets	8539	MonoBehaviour	dialogLineSets[4].dialogLines[17].dialogText	I find that people are most interested in my face.▸▸▸▸▸▸▸ I suppose it's the eyes...▸▸▸▸▸ I have very striking eyes.
resources.assets	8539	MonoBehaviour	dialogLineSets[4].dialogLines[18].dialogText	I feel most connected with a partner while engaged in doggy style intimacy.▸▸▸▸▸▸▸▸▸▸ It's▸ so▸ very...▸▸▸▸▸▸▸ instinctual.▸▸▸▸▸
resources.assets	8539	MonoBehaviour	dialogLineSets[4].dialogLines[19].dialogText	Hentai is peculiar,▸▸ isn't it?▸▸▸▸▸▸▸ In some ways...▸▸▸▸▸▸▸▸▸▸ I feel as though we're living inside a hentai ourselves.
resources.assets	8539	MonoBehaviour	dialogLineSets[5].dialogLines[0].dialogText	Bubble Tea!▸▸▸▸▸ I always get taro,▸▸ no ice,▸▸ extra sweetener, and double boba!▸ Mmmhmm!▸▸ It's▸ SOOOO▸▸ good!▸▸[h]
resources.assets	8539	MonoBehaviour	dialogLineSets[5].dialogLines[1].dialogText	Uhhhh...▸▸ it's too hard to pick!▸▸▸▸▸ I love ice cream!▸▸▸▸▸ But,▸▸ mmm,▸▸ I think...▸▸ chocolate?▸▸▸▸▸ Yeah,▸▸ chocolate!
resources.assets	8539	MonoBehaviour	dialogLineSets[5].dialogLines[2].dialogText	[aaa]▸[h]▸▸▸J-pop is the▸▸ BEST!▸▸▸▸▸ My FAVORITE song right now▸▸ is "Sugar Boy Baby"▸▸▸ by "Bubble Cake Mafia"![h]
resources.assets	8539	MonoBehaviour	dialogLineSets[5].dialogLines[3].dialogText	I like action movies!▸▸▸▸▸ With▸▸ HUGE▸▸ explosions!▸▸▸▸▸▸▸ Like,▸▸ BDDJUJUJUJUJU,▸▸▸ JUJUJUJUJU!▸▸▸ And like,▸▸ EEEEERRRRROOOOO...▸▸▸ PSSSSHHHEEEOOOO![hh]
resources.assets	8539	MonoBehaviour	dialogLineSets[5].dialogLines[4].dialogText	Shop▸▸pii[ii]iing!▸▸▸▸▸▸▸▸ I buy almost all my clothes online from Japanese import sites!
resources.assets	8539	MonoBehaviour	dialogLineSets[5].dialogLines[5].dialogText	Hmmmm...▸▸▸▸▸▸▸▸[hh]▸▸▸▸▸▸▸▸ oh,▸▸ the camera!▸▸▸▸▸▸▸▸▸▸ I take a mil[h]lion, bil[h]lion, JIL[H]LION pictures of like,▸▸ everything!▸▸▸▸▸ Say cheeeese!▸▸▸▸▸[hh]
resources.assets	8539	MonoBehaviour	dialogLineSets[5].dialogLines[6].dialogText	Weeeell[ll],▸▸▸ I don't really like exercising...▸▸▸ but I did yoga before!▸▸▸▸▸ That was kinda sorta fun!
resources.assets	8539	MonoBehaviour	dialogLineSets[5].dialogLines[7].dialogText	I like to go hiking when it's nice out!▸▸▸▸▸ Buuuutt,▸▸ I need somebody to carry me up the hard parts...[s]
resources.assets	8539	MonoBehaviour	dialogLineSets[5].dialogLines[8].dialogText	Oh,▸▸ oh,▸▸ oh!▸▸▸▸▸ I like that tall tower that drops you▸▸ 'cause it makes my tummy feel all weird and stuff!
resources.assets	8539	MonoBehaviour	dialogLineSets[5].dialogLines[9].dialogText	Friday▸▸ night?▸▸[t]▸▸▸▸▸▸▸▸▸▸▸▸▸▸▸ Mmmm...▸▸▸▸▸▸▸▸▸▸▸▸▸▸▸ probably watching T[ee]V[ee]▸▸!▸▸▸▸▸ That's when a lot of my favorite shows come on.
resources.assets	8539	MonoBehaviour	dialogLineSets[5].dialogLines[10].dialogText	Sunday means I can go outside and walk to the park and feed the birds and say hi to all my neighbors!
resources.assets	8539	MonoBehaviour	dialogLineSets[5].dialogLines[11].dialogText	I hate gross stinky weather like rain, or snow.▸▸▸▸▸▸▸▸▸▸ It should be sunny and clear every single day!
resources.assets	8539	MonoBehaviour	dialogLineSets[5].dialogLines[12].dialogText	I thii[iiii]iink...[kk]▸▸▸▸▸ ummmm...▸▸[hh]▸▸▸▸▸▸▸ Thanks▸▸giving!▸▸▸▸▸ 'Cause,▸▸ 'cause,▸▸ you get to eat as much as you want!
resources.assets	8539	MonoBehaviour	dialogLineSets[5].dialogLines[13].dialogText	I have a whole bunch of fish!▸▸▸▸▸▸▸ They always die though.▸▸▸▸▸▸▸ I don't know why,▸▸▸ I feed 'em like ten times a day...
resources.assets	8539	MonoBehaviour	dialogLineSets[5].dialogLines[14].dialogText	Computer lab was the▸▸▸ BEST▸▸▸ class▸▸▸▸▸▸▸▸ 'cause the teacher let us play video games when our work was done!
resources.assets	8539	MonoBehaviour	dialogLineSets[5].dialogLines[15].dialogText	The book store!▸▸▸▸▸▸▸ Mmm▸▸hmm!▸▸▸ They have TONS of manga there that you can read,▸▸▸ for free!▸▸
resources.assets	8539	MonoBehaviour	dialogLineSets[5].dialogLines[16].dialogText	When they get lots of money so they can buy me lots and lots of cute stuff!▸▸▸▸▸[hehehehe]▸▸[hh]
resources.assets	8539	MonoBehaviour	dialogLineSets[5].dialogLines[17].dialogText	Isn't it obvious!?▸▸▸▸▸ My▸▸ SUUUUPER▸▸ kawaii▸▸ face!▸▸▸▸▸▸▸▸▸▸ I even put stickers on my face for EXTRA cuteness!▸▸▸▸▸ See!?
resources.assets	8539	MonoBehaviour	dialogLineSets[5].dialogLines[18].dialogText	Oh,▸▸ uhhhh...▸▸▸▸▸▸▸ what's▸▸▸ the▸▸▸ regular▸▸▸ one▸▸▸ called?▸▸[hh]▸▸▸▸▸ Missionary?▸▸▸▸▸▸▸▸▸▸ I don't know,▸▸ that one's fine for me!
resources.assets	8539	MonoBehaviour	dialogLineSets[5].dialogLines[19].dialogText	Hen▸▸taii[ii]ii!▸▸▸▸[hh]▸▸▸▸▸ It's▸▸▸ Japanese▸▸▸ cartoon▸▸▸ porn.▸▸▸▸▸▸▸▸▸▸ It's really cute when the girls get hearts in their eyes!
resources.assets	8539	MonoBehaviour	dialogLineSets[6].dialogLines[0].dialogText	I like to start out each day with a nice cup of tea.▸▸▸▸▸▸▸▸▸▸ I suppose it's a bit of a ritual of mine.
resources.assets	8539	MonoBehaviour	dialogLineSets[6].dialogLines[1].dialogText	I hope you don't think this is boring, but,▸▸▸[hh]▸▸▸ just plain old vanilla is fine for me.
resources.assets	8539	MonoBehaviour	dialogLineSets[6].dialogLines[2].dialogText	For the last couple of years I've been getting into Japanese pop music.▸▸▸▸▸▸▸▸▸▸ It's what I listen to on my breaks!
resources.assets	8539	MonoBehaviour	dialogLineSets[6].dialogLines[3].dialogText	You're gonna think it's cheesy, but,▸▸▸▸▸ I like to curl up on the couch and watch romantic movies...▸▸▸▸▸ even though I always cry!▸▸▸[hahaha]▸▸▸▸▸[hhhh]▸▸▸▸▸
resources.assets	8539	MonoBehaviour	dialogLineSets[6].dialogLines[4].dialogText	I▸▸▸ try to stay off the internet▸▸▸ because▸▸▸ I usually just end up watching videos for hours on end...
resources.assets	8539	MonoBehaviour	dialogLineSets[6].dialogLines[5].dialogText	I really only have a phone to text my family and friends.▸▸▸▸▸▸▸▸▸▸ ▸▸▸▸▸I don't know much about those other apps...
resources.assets	8539	MonoBehaviour	dialogLineSets[6].dialogLines[6].dialogText	I've been addicted to yoga lately!▸▸▸▸▸▸▸▸▸▸ The resort has its own studio.▸▸▸▸▸▸▸▸▸▸ I haven't missed a class yet!
resources.assets	8539	MonoBehaviour	dialogLineSets[6].dialogLines[7].dialogText	I love to go hiking when I get a day off.▸▸▸▸▸▸▸▸▸▸ The island has so many beautiful views from the hilltops!
resources.assets	8539	MonoBehaviour	dialogLineSets[6].dialogLines[8].dialogText	I'm too much of a scaredy-cat to go on most of the rides...▸▸▸▸▸▸▸▸▸▸ I usually end up in the lazy river.
resources.assets	8539	MonoBehaviour	dialogLineSets[6].dialogLines[9].dialogText	I'm normally so pooped out by the time Friday night rolls around▸▸▸▸▸ that I just▸▸▸▸▸ kinda go to bed early.
resources.assets	8539	MonoBehaviour	dialogLineSets[6].dialogLines[10].dialogText	The same thing I do EVERY morning!▸▸▸▸▸▸▸▸▸▸ I try to start the day with a nice big healthy breakfast!
resources.assets	8539	MonoBehaviour	dialogLineSets[6].dialogLines[11].dialogText	Maybe it's because I was born here in the tropics, but,▸▸▸▸▸ I love the heat.▸▸▸▸▸▸▸▸▸▸ It's never too hot for me!
resources.assets	8539	MonoBehaviour	dialogLineSets[6].dialogLines[12].dialogText	I think Easter is fun!▸▸▸▸▸▸▸▸▸▸▸▸▸▸▸ They let me decorate the hotel lobby with all kinds of cute pastel decorations!
resources.assets	8539	MonoBehaviour	dialogLineSets[6].dialogLines[13].dialogText	I▸▸▸▸▸ absolutely love colorful▸▸▸ exotic▸▸▸ fish!▸▸▸▸▸▸▸▸▸▸▸▸▸▸▸ I go to the aquarium whenever I get the chance.
resources.assets	8539	MonoBehaviour	dialogLineSets[6].dialogLines[14].dialogText	To be honest,▸▸▸▸▸ I don't really like school very much.▸▸▸▸▸▸▸▸▸▸ I prefer to learn at my own pace.
resources.assets	8539	MonoBehaviour	dialogLineSets[6].dialogLines[15].dialogText	I could spend hours and hours in a book store.▸▸▸▸▸▸▸▸▸▸ There's just so much to read and discover!
resources.assets	8539	MonoBehaviour	dialogLineSets[6].dialogLines[16].dialogText	I think...▸▸▸▸▸▸▸▸▸▸ I think I'd be quite happy with someone▸▸ who just loved me▸▸▸▸▸ and accepted me▸▸▸▸▸ for who I am.
resources.assets	8539	MonoBehaviour	dialogLineSets[6].dialogLines[17].dialogText	Me!?▸▸▸▸▸▸▸▸▸▸ Oh,▸▸▸▸▸ n-▸▸▸no,▸▸▸▸▸ no,▸▸▸▸▸▸▸▸▸▸▸▸▸▸▸ I don't think there's anything particularly special about my body...
resources.assets	8539	MonoBehaviour	dialogLineSets[6].dialogLines[18].dialogText	Oh,▸▸▸▸▸ wow, ummmm...▸▸▸▸▸▸▸▸▸▸ uhh,▸▸▸▸▸▸▸▸▸▸▸▸▸▸▸ just the regular position is fine for me!▸▸▸▸▸ Umm, what do they call it?▸▸▸▸▸ M-▸▸▸▸▸missionary?
resources.assets	8539	MonoBehaviour	dialogLineSets[6].dialogLines[19].dialogText	[heh][heh]▸▸▸▸▸Category?[heh][heh]▸▸▸▸▸ Umm,▸▸▸▸▸ I don't know,▸▸▸▸▸ uhh...▸▸▸▸▸ I've never seen anything crazy so...▸▸▸▸▸ I guess,▸▸▸▸▸ normal?▸▸▸▸▸▸▸▸▸▸ Is that a category?
resources.assets	8539	MonoBehaviour	dialogLineSets[7].dialogLines[0].dialogText	Oh![hh]▸▸▸▸▸[hh]▸▸ I real[h]ly real[h]ly like drinkin' milk,▸▸▸▸▸[hh]▸▸▸▸▸ especially chocolate milk▸▸▸▸▸ and strawberry milk![hh]
resources.assets	8539	MonoBehaviour	dialogLineSets[7].dialogLines[1].dialogText	I▸▸ like▸▸ strawberry ice cream▸▸▸ 'cause it tastes like strawberries![s]
resources.assets	8539	MonoBehaviour	dialogLineSets[7].dialogLines[2].dialogText	The hip hop music they play at work is fun to dance to!▸▸▸▸▸▸▸▸▸▸[hh] 'Specially the part about shakin'▸▸▸▸▸ my▸▸▸▸▸ booty!▸▸▸▸▸▸▸▸▸▸[ha][ha][ha]
resources.assets	8539	MonoBehaviour	dialogLineSets[7].dialogLines[3].dialogText	Those cartoon movies they make are REAL funny!▸▸[hahahaha]▸▸[hhhh]▸▸ I like it▸▸▸▸▸ when the animals can talk like people.
resources.assets	8539	MonoBehaviour	dialogLineSets[7].dialogLines[4].dialogText	On my nights off▸▸▸▸▸[hh] I go to this website where people gimme money▸▸▸▸▸ just to chat with 'em on video!▸▸▸▸▸
resources.assets	8539	MonoBehaviour	dialogLineSets[7].dialogLines[5].dialogText	Ca[aa]shie!▸▸▸▸▸▸[hh] You ever heard of it?▸▸▸▸▸ People send me money on there just 'cause I ask 'em to.▸▸▸▸▸▸▸ Idn't▸▸ that▸▸ sweet?▸
resources.assets	8539	MonoBehaviour	dialogLineSets[7].dialogLines[6].dialogText	I go to spin class!▸▸[ss]▸▸▸▸▸▸▸▸ I get in for free 'cause I do special favors for my instructor!
resources.assets	8539	MonoBehaviour	dialogLineSets[7].dialogLines[7].dialogText	▸[h]Goin' on a picnic is fuuuun!▸▸▸▸▸[hh]▸▸▸▸▸ With grapes,▸▸ and peanut butter and jelly, and,▸▸▸▸▸ uhhhh...▸▸▸▸▸▸▸▸▸▸ puddin'![h]
resources.assets	8539	MonoBehaviour	dialogLineSets[7].dialogLines[8].dialogText	The water slide is [ssss]super fun 'cause you go real real fast▸▸▸▸▸ and you get all wet at the end!▸▸▸▸▸[ha][ha][ha]▸▸[hhhh]
resources.assets	8539	MonoBehaviour	dialogLineSets[7].dialogLines[9].dialogText	That's a work night!▸▸▸▸▸[hh]▸▸▸▸▸ Friday's are the most fun▸▸▸▸▸ 'cause I make lots and lots of money!
resources.assets	8539	MonoBehaviour	dialogLineSets[7].dialogLines[10].dialogText	Mmmm...▸▸[hh]▸▸▸▸▸ I gotta eat breakfast![tt]▸▸▸▸▸ If I don't,▸▸▸▸▸[hh]▸▸ my tummy is empty▸▸▸▸▸ and then I get all grumpy...
resources.assets	8539	MonoBehaviour	dialogLineSets[7].dialogLines[11].dialogText	I hate the cold▸▸ 'cause▸ you gotta wear a lot.▸▸▸[hh]▸▸▸ When it's real hot out,▸▸▸[hh]▸▸▸ you ain't gotta wear barely anything!
resources.assets	8539	MonoBehaviour	dialogLineSets[7].dialogLines[12].dialogText	My favorite is Easter,▸▸▸▸▸[hh] 'cause you get jelly beans,▸▸▸▸▸ and there's a big fluffy bunny who hides eggs for ya!
resources.assets	8539	MonoBehaviour	dialogLineSets[7].dialogLines[13].dialogText	Doggies are just the cutest darn things!▸▸[ss]▸▸▸▸▸▸▸▸ I wish I could have all the doggies in the whole wide world!
resources.assets	8539	MonoBehaviour	dialogLineSets[7].dialogLines[14].dialogText	Language class was my favorite,▸▸▸▸▸[hh] 'cause that's where I learned how to talk real good!
resources.assets	8539	MonoBehaviour	dialogLineSets[7].dialogLines[15].dialogText	I get all my outfits and stuff for work at the adult shop![h]▸▸▸▸▸▸▸▸▸▸ The people there are real nice!
resources.assets	8539	MonoBehaviour	dialogLineSets[7].dialogLines[16].dialogText	A▸▸ real[h]ly▸▸ real[h]ly▸▸▸▸▸ BIG▸▸▸▸▸ dick![hh]▸▸▸▸▸▸▸▸▸▸ 'Cause it's fun to see if I can get the whole thing in my mouth!▸▸▸▸▸[ha][ha][ha]
resources.assets	8539	MonoBehaviour	dialogLineSets[7].dialogLines[16].yuriDialogText	Real[h]ly real[h]ly▸▸▸ BIG▸▸▸▸▸ boobies!▸▸▸▸▸ 'Cause it's fun to see if I can get my hands to cover 'em!▸▸[hahahaha]▸▸[hhhh]
resources.assets	8539	MonoBehaviour	dialogLineSets[7].dialogLines[17].dialogText	Uhhh,[hh]▸▸▸▸▸▸▸▸▸▸ I don't know...▸▸▸▸▸[hh] people like to grab just about anywhere...▸▸▸▸▸ so,▸▸▸▸▸▸▸▸ I guess I don't really have a favorite.
resources.assets	8539	MonoBehaviour	dialogLineSets[7].dialogLines[18].dialogText	Ummm...[hh]▸▸▸▸▸▸▸▸ cowgirl▸▸ is▸▸▸ fun!▸▸[hh]▸▸▸▸▸▸▸▸ It's like ri[iii]din' a horsey except there's a▸▸ dick▸▸ in▸▸ ya!▸▸▸▸▸[ha][ha][ha]
resources.assets	8539	MonoBehaviour	dialogLineSets[7].dialogLines[18].yuriDialogText	Ummm...[hh]▸▸▸▸▸▸▸▸ cowgirl▸▸ is▸▸▸ fun!▸▸[hh]▸▸▸▸▸▸▸▸ It's like ri[iii]din' a horsey except there's a▸▸ dildo▸▸ in▸▸ ya!▸▸▸▸▸[ha][ha][ha]
resources.assets	8539	MonoBehaviour	dialogLineSets[7].dialogLines[19].dialogText	It's cute when there's just two girls!▸▸▸▸▸ I like watchin' 'em kiss each other all nice and sweet like.▸▸▸▸▸[h]
resources.assets	8539	MonoBehaviour	dialogLineSets[8].dialogLines[0].dialogText	I don't know what it's called but that tea shit with the little black balls in it?▸▸▸▸▸▸▸▸▸▸ That▸▸ shit's▸▸ good.
resources.assets	8539	MonoBehaviour	dialogLineSets[8].dialogLines[1].dialogText	Probably,▸▸▸▸▸ uhh[hh]hh,▸▸▸▸▸ cookie dough?▸▸▸▸▸▸▸▸▸▸ It's like all my cousin ever has in her freezer,▸▸ so,▸▸ I got kinda hooked.
resources.assets	8539	MonoBehaviour	dialogLineSets[8].dialogLines[2].dialogText	I grew up listening to hip hop mostly.▸▸▸▸▸▸▸ I ain't so sure about some of this new shit, but,▸▸▸▸▸▸▸ the▸▸ classics▸▸ are▸▸ legit.
resources.assets	8539	MonoBehaviour	dialogLineSets[8].dialogLines[3].dialogText	I don't know...▸▸▸▸▸▸▸▸▸▸▸▸ if I'm gonna see a movie I kinda wanna laugh,▸▸ you know? So like,▸▸▸ probably comedy, I guess?
resources.assets	8539	MonoBehaviour	dialogLineSets[8].dialogLines[4].dialogText	Since I took this job,▸▸▸▸▸ I don't get to see my cousin that much.▸▸▸▸▸ So,▸▸▸ I like doin' those online video chats.
resources.assets	8539	MonoBehaviour	dialogLineSets[8].dialogLines[5].dialogText	You ever use Cashie?▸▸▸▸▸▸▸▸▸▸ It's dope,▸▸▸▸▸ 'cause the transactions are like,▸▸▸▸▸ encrypted,▸▸▸▸▸ you know?▸▸▸▸▸▸▸▸▸▸ There's no▸▸▸▸▸ paper trail.
resources.assets	8539	MonoBehaviour	dialogLineSets[8].dialogLines[6].dialogText	When you're servin' time, you learn to like liftin'.▸▸▸▸▸ You're either a big bitch,▸▸▸▸▸▸▸ or you're someone else's bitch...
resources.assets	8539	MonoBehaviour	dialogLineSets[8].dialogLines[7].dialogText	Growing up with a bunch of brothers,▸▸▸▸▸ you play a lotta sports.▸▸▸▸▸▸▸▸▸▸ It's cool though...▸▸▸▸▸ 'cause they always lost.▸▸▸
resources.assets	8539	MonoBehaviour	dialogLineSets[8].dialogLines[8].dialogText	The▸▸ ONLY▸▸ ride▸▸▸▸▸ that gets my adrenaline goin' anymore▸▸▸▸▸ is that tower that like,▸▸▸▸▸ drops you really fast.
resources.assets	8539	MonoBehaviour	dialogLineSets[8].dialogLines[9].dialogText	Before I took this job,▸▸▸▸▸▸▸▸ I'd just▸▸ go to my cousin's place and like,▸▸▸▸▸ watch TV or somethin'.
resources.assets	8539	MonoBehaviour	dialogLineSets[8].dialogLines[10].dialogText	My cousin and I used to go to this cafe down the street and just▸▸ kick it for a while...▸▸▸▸▸ that was cool.
resources.assets	8539	MonoBehaviour	dialogLineSets[8].dialogLines[11].dialogText	I always thought thunderstorms were DOPE.▸▸▸▸▸▸▸▸▸▸ For some reason▸▸▸▸▸ it made me feel like,[hh]▸▸▸▸▸ kinda calm,▸▸ you know?
resources.assets	8539	MonoBehaviour	dialogLineSets[8].dialogLines[12].dialogText	Nothing beats Thanksgiving.▸▸▸▸▸[hh] It's the only time you can get my whole big ass family together in one place.
resources.assets	8539	MonoBehaviour	dialogLineSets[8].dialogLines[13].dialogText	We had this little dog when I was young.▸▸▸▸▸ He was annoying as fuuuuuck▸▸▸▸▸▸▸▸, but,▸▸▸▸▸▸▸▸▸▸ I don't know...▸▸▸▸▸▸▸ he was▸▸ cool.▸▸▸▸▸▸▸▸
resources.assets	8539	MonoBehaviour	dialogLineSets[8].dialogLines[14].dialogText	I was kinda like,▸▸▸▸▸ bad at most of my classes?▸▸▸▸▸▸▸▸▸▸ Gym class was cool though...▸▸▸▸▸ at least we got to go outside.
resources.assets	8539	MonoBehaviour	dialogLineSets[8].dialogLines[15].dialogText	I ain't that much of a shopper, but,▸▸▸▸▸ I guess I do hit up the sporting goods store▸▸ like...▸▸▸▸▸ a▸▸ lot.
resources.assets	8539	MonoBehaviour	dialogLineSets[8].dialogLines[16].dialogText	The dude's just gotta have balls,▸▸ you know?▸▸▸▸▸▸▸ I can't deal with no weak ass,▸▸ pussy ass bitch.
resources.assets	8539	MonoBehaviour	dialogLineSets[8].dialogLines[16].yuriDialogText	The chick's just gotta have balls,▸▸ you know?▸▸▸▸▸▸▸ I can't deal with no weak ass,▸▸ pussy ass bitch.
resources.assets	8539	MonoBehaviour	dialogLineSets[8].dialogLines[17].dialogText	Pssh,▸▸▸▸▸ who thinks about that kinda shit? I mean...▸▸▸▸▸ I guess I got a good ass?▸▸▸▸▸ I don't know...
resources.assets	8539	MonoBehaviour	dialogLineSets[8].dialogLines[18].dialogText	I kinda like to be on top,▸▸▸ like uhh,▸▸▸ cowgirl▸▸▸ or somethin'?▸▸▸▸▸▸▸▸▸▸ Sometimes that's the only way I'm getting off.
resources.assets	8539	MonoBehaviour	dialogLineSets[8].dialogLines[19].dialogText	Fuck▸ if▸ I▸ know...▸▸▸▸▸▸▸▸▸▸ I▸▸▸▸▸▸▸ guess I just like to watch girls like,▸▸▸▸▸ workin' their own shit,▸▸▸▸▸ you know?
resources.assets	8539	MonoBehaviour	dialogLineSets[9].dialogLines[0].dialogText	I can't think of a more perfect ending to the day than a glass of perfectly aged wine.
resources.assets	8539	MonoBehaviour	dialogLineSets[9].dialogLines[1].dialogText	When the maid goes out to get the kids ice cream, I always have her get an extra pint of butter pecan for me.
resources.assets	8539	MonoBehaviour	dialogLineSets[9].dialogLines[2].dialogText	After hearing the IN▸▸TOLERABLE▸▸ noise my kids listen to,▸▸▸▸▸ I've grown to truly appreciate the oldies.
resources.assets	8539	MonoBehaviour	dialogLineSets[9].dialogLines[3].dialogText	There are two things that get MY heart racing...▸▸▸▸▸▸▸▸▸▸▸▸▸▸▸ action movies,▸▸▸▸▸ and...▸▸▸▸▸▸▸▸▸▸▸▸▸ well,▸▸▸▸▸▸▸▸▸▸▸▸▸ let's just leave it at that.
resources.assets	8539	MonoBehaviour	dialogLineSets[9].dialogLines[4].dialogText	Shopping,▸▸ of course!▸▸▸▸▸▸▸▸▸▸▸▸ I had my husband link his credit card to my account the day we got married!
resources.assets	8539	MonoBehaviour	dialogLineSets[9].dialogLines[5].dialogText	My kids showed me a program that lets you order a personal chauffeur.▸▸▸▸▸▸▸▸▸▸ It's perfect for when our driver is out.
resources.assets	8539	MonoBehaviour	dialogLineSets[9].dialogLines[6].dialogText	N[n]o[o],▸▸▸▸▸▸▸▸▸▸ my doctor takes care of that.▸▸▸▸▸▸▸▸▸▸▸▸▸ Why bother getting all sweaty if you can afford surgery?
resources.assets	8539	MonoBehaviour	dialogLineSets[9].dialogLines[7].dialogText	I'm not what you'd call an...▸▸▸▸▸ "activity"▸▸ per▸▸son.▸▸▸▸▸▸▸▸▸▸▸▸ I prefer to just lay out in the sun while the kids run around.
resources.assets	8539	MonoBehaviour	dialogLineSets[9].dialogLines[8].dialogText	I can't▸▸▸ STAND▸▸▸ most of those silly rides.▸▸▸▸▸▸▸▸▸▸ The only one that doesn't make me sick to my stomach is the swing ride.
resources.assets	8539	MonoBehaviour	dialogLineSets[9].dialogLines[9].dialogText	Fri▸▸day▸▸ night▸▸ is▸▸ date▸▸ night!▸▸▸▸▸▸▸▸ Not with my husband of course.▸▸▸▸▸▸▸▸ No,▸▸▸▸▸ he stays home with the kids.
resources.assets	8539	MonoBehaviour	dialogLineSets[9].dialogLines[10].dialogText	I get up and go for a stroll around the property,▸▸▸▸▸▸▸▸ just to ensure everything is being well maintained.
resources.assets	8539	MonoBehaviour	dialogLineSets[9].dialogLines[11].dialogText	Being in the vacation business,▸▸▸ you learn quick that the most lucrative days are going to be sunny▸▸▸ and▸▸▸ clear.
resources.assets	8539	MonoBehaviour	dialogLineSets[9].dialogLines[12].dialogText	Hmmm...▸▸▸▸▸▸▸▸▸▸ well,▸▸▸▸▸▸▸▸▸▸ I get some nice things on Valentine's Day...▸▸▸▸▸▸▸▸▸▸ buuutt I think my husband spends the most for Christmas.
resources.assets	8539	MonoBehaviour	dialogLineSets[9].dialogLines[13].dialogText	Ughh,▸▸▸▸▸ I can't▸▸ STAND▸▸ animals.▸▸▸▸▸▸▸▸▸▸▸▸▸▸▸ My kids keep asking for a pet,▸▸▸▸▸ but,▸▸▸▸▸ who needs THAT running around the house?
resources.assets	8539	MonoBehaviour	dialogLineSets[9].dialogLines[14].dialogText	I liked home economics.▸▸▸▸▸▸▸▸ I always thought of myself as a home maker.▸▸▸▸▸ How▸▸ wrong▸▸▸ I▸▸▸ was...▸▸▸[ss]
resources.assets	8539	MonoBehaviour	dialogLineSets[9].dialogLines[15].dialogText	I go shoe shopping all the time!▸▸▸▸▸▸▸▸▸▸▸▸▸ You should see my shoe closet at home;▸▸▸▸▸▸▸▸▸▸ it's bigger than our kitchen!
resources.assets	8539	MonoBehaviour	dialogLineSets[9].dialogLines[16].dialogText	I[I]▸▸▸▸▸ LOVE a man with a▸▸ nice,▸▸▸▸▸▸▸▸▸▸ big,▸▸▸▸▸▸▸▸▸▸ fat...▸▸▸▸▸▸▸▸▸▸ wallet, of course!▸▸▸▸▸▸▸▸▸▸▸▸ I need to be taken care of, don't I?
resources.assets	8539	MonoBehaviour	dialogLineSets[9].dialogLines[16].yuriDialogText	I[I]▸▸▸▸▸ LOVE a woman with a▸▸ nice,▸▸▸▸▸▸▸ big,▸▸▸▸▸▸▸ fat...▸▸▸▸▸ purse, of course!▸▸▸▸▸▸▸▸▸▸▸▸ I need to be taken care of, don't I?
resources.assets	8539	MonoBehaviour	dialogLineSets[9].dialogLines[17].dialogText	Isn't it obvious?▸▸▸▸▸▸▸▸▸▸ My husband spent a lot of money on this rack, and they're worth▸▸▸▸▸ EVERY▸▸ penny...
resources.assets	8539	MonoBehaviour	dialogLineSets[9].dialogLines[18].dialogText	Mmmm,▸▸▸▸▸▸▸▸▸▸▸▸▸▸▸ spooning gets me hot...▸▸▸▸▸▸▸▸▸▸ I don't care if I'm the big spoon OR the little spoon...
resources.assets	8539	MonoBehaviour	dialogLineSets[9].dialogLines[19].dialogText	I don't know if I should reveal that.[t]▸▸▸▸▸▸▸▸▸▸ Well...▸▸▸▸▸▸▸ ok▸▸ay!▸▸▸▸▸▸▸▸▸▸ I do love a good gangbang scene...
resources.assets	8539	MonoBehaviour	dialogLineSets[10].dialogLines[0].dialogText	Water is▸▸▸▸▸▸ pretty much▸▸▸ the only safe option.▸▸▸▸▸▸▸▸▸▸▸▸▸▸▸ Haven't you ever heard the phrase "don't drink your calories"?
resources.assets	8539	MonoBehaviour	dialogLineSets[10].dialogLines[1].dialogText	How are you even asking me that?▸▸▸▸▸▸▸▸▸▸ Bro,▸▸▸▸▸▸▸▸▸▸ have you even HEARD▸▸▸▸▸ of cookie dough?
resources.assets	8539	MonoBehaviour	dialogLineSets[10].dialogLines[1].yuriDialogText	How are you even asking me that?▸▸▸▸▸▸▸▸▸▸ Sis,▸▸▸▸▸▸▸▸▸▸ have you even HEARD▸▸▸▸▸ of cookie dough?
resources.assets	8539	MonoBehaviour	dialogLineSets[10].dialogLines[2].dialogText	Well,▸▸▸▸▸ considering I'm IN a punk band,▸▸▸▸▸▸▸▸ it would be pretty weird if I didn't say punk...
resources.assets	8539	MonoBehaviour	dialogLineSets[10].dialogLines[3].dialogText	It's rare that an actual GOOD comedy movie comes out,▸▸ but,▸▸▸▸▸ when one does,▸▸▸▸▸ man,▸▸▸▸▸▸▸▸ I could watch it a thousand times.
resources.assets	8539	MonoBehaviour	dialogLineSets[10].dialogLines[4].dialogText	I'm checkin' the socials pretty much every hour.▸▸▸▸▸▸▸▸▸▸ In my defense though,▸▸▸▸▸ it IS kinda part of my job.
resources.assets	8539	MonoBehaviour	dialogLineSets[10].dialogLines[5].dialogText	QuickiePic,▸▸▸▸▸ duh!▸▸▸▸▸▸▸▸▸▸▸▸▸▸▸ I don't like to brag,▸▸ but▸▸ uhhh...▸▸▸▸▸▸▸▸▸▸▸▸▸▸▸▸▸▸▸▸▸▸▸▸▸▸▸▸▸▸▸▸▸▸▸ two million followers and counting...
resources.assets	8539	MonoBehaviour	dialogLineSets[10].dialogLines[6].dialogText	I like to head over to the free weight section and show the big boys how it's done!▸▸[hahahaha]▸▸▸[hhhh]
resources.assets	8539	MonoBehaviour	dialogLineSets[10].dialogLines[7].dialogText	You can catch me on the deck,▸▸▸▸▸ soaking in those rays.▸▸▸▸▸▸▸▸▸▸ Flawless skin like this doesn't come easy you know!
resources.assets	8539	MonoBehaviour	dialogLineSets[10].dialogLines[8].dialogText	What's that ride with the swings called?▸▸▸▸▸▸▸▸▸▸ Is it just called the swing ride?▸▸▸▸▸ 'Cause,▸▸▸▸▸ that one.
resources.assets	8539	MonoBehaviour	dialogLineSets[10].dialogLines[9].dialogText	Like you don't know?▸▸▸▸▸▸▸▸▸▸ Lettin' someone take me out so I can get some free food and some free dick!
resources.assets	8539	MonoBehaviour	dialogLineSets[10].dialogLines[9].yuriDialogText	Like you don't know? Lettin' someone take me out so I can get some free food and some free ass!
resources.assets	8539	MonoBehaviour	dialogLineSets[10].dialogLines[10].dialogText	Sunday is leg day at the gym.▸▸▸▸▸▸▸▸▸▸ Or,▸▸▸▸▸ more specifically,▸▸▸▸▸ ass day.▸▸▸▸▸▸▸▸▸▸▸▸▸▸▸ Gotta keep it nice for the fans!
resources.assets	8539	MonoBehaviour	dialogLineSets[10].dialogLines[11].dialogText	I used to LOVE thunderstorms when I was a kid.▸▸▸▸▸ There's just something so...▸▸▸▸▸ cozy about it.
resources.assets	8539	MonoBehaviour	dialogLineSets[10].dialogLines[12].dialogText	Is there anything not to love about Halloween?▸▸▸▸▸ Candy,▸▸▸▸▸ crazy parties,▸▸▸▸▸▸▸▸ and half naked hoes▸▸▸▸▸ everywhere you turn!▸▸
resources.assets	8539	MonoBehaviour	dialogLineSets[10].dialogLines[13].dialogText	I'm allergic to like, fucking everything, soooo... I can't really do pets.▸▸▸▸▸▸▸▸▸▸ Which,▸▸▸▸▸ is honestly fine by me.
resources.assets	8539	MonoBehaviour	dialogLineSets[10].dialogLines[14].dialogText	Am I allowed to pick gym class?▸▸▸▸▸▸▸▸▸▸ 'Cause▸▸▸▸▸ that's▸▸▸▸▸ probably the only class I didn't skip as often as possible.
resources.assets	8539	MonoBehaviour	dialogLineSets[10].dialogLines[15].dialogText	I▸▸▸▸▸ kinda▸▸▸▸▸ hate shopping,▸▸▸▸▸ but,▸▸▸▸▸▸▸▸▸▸ Alt Subject has some pretty sick stuff.▸▸▸▸▸▸▸▸▸▸ They carry a lot of band shirts that I like.
resources.assets	8539	MonoBehaviour	dialogLineSets[10].dialogLines[16].dialogText	He's gotta have a sense of humor.▸▸▸▸▸▸▸▸▸▸ If I can't make my fucked up jokes,▸▸▸▸▸ it's never gonna work.
resources.assets	8539	MonoBehaviour	dialogLineSets[10].dialogLines[16].yuriDialogText	She's gotta have a sense of humor.▸▸▸▸▸▸▸▸▸▸ If I can't make my fucked up jokes,▸▸▸▸▸ it's never gonna work.
resources.assets	8539	MonoBehaviour	dialogLineSets[10].dialogLines[17].dialogText	How do I pick?▸▸ It's all so flawless.▸▸▸[hahahaha]▸▸▸▸▸[aaaa]▸▸▸ Nah,▸▸▸▸▸ but,▸▸▸▸▸ for real,▸▸▸▸▸ my legs are sexy as fuck.▸▸▸▸▸ I love 'em.
resources.assets	8539	MonoBehaviour	dialogLineSets[10].dialogLines[18].dialogText	Bro,▸▸▸▸▸ I'm kinda disappointed you don't remember!▸▸▸▸▸▸▸▸▸▸ I guess I'll give you a hint... it's sixty,▸▸▸▸▸ plus ten,▸▸▸▸▸ minus one.▸▸▸▸▸
resources.assets	8539	MonoBehaviour	dialogLineSets[10].dialogLines[18].yuriDialogText	Sis,▸▸▸▸▸ I'm kinda disappointed you don't remember!▸▸▸▸▸▸▸▸▸▸ I guess I'll give you a hint... it's sixty,▸▸▸▸▸ plus ten,▸▸▸▸▸ minus one.▸▸▸▸▸
resources.assets	8539	MonoBehaviour	dialogLineSets[10].dialogLines[19].dialogText	I'm kinda all about gangbang stuff lately...▸▸▸▸▸ but,▸▸▸▸▸ I can't tell if I'm turned on▸▸▸ or▸▸▸ just jealous.▸▸[hahahaha]▸▸[hhhh]
resources.assets	8539	MonoBehaviour	dialogLineSets[11].dialogLines[0].dialogText	Seme-▸▸▸▸▸ Ummm...▸▸ [h]m-▸▸MILK!▸▸▸▸▸ Yeah!▸▸▸▸▸ A nice▸▸▸▸▸ warm glass of milk![hh]▸▸▸▸▸ Not because it...▸▸▸▸▸ reminds me of▸▸ anything...[hh]
resources.assets	8539	MonoBehaviour	dialogLineSets[11].dialogLines[0].yuriDialogText	Puss-▸▸▸▸▸ Ummm...▸▸ [h]m-▸▸MILK!▸▸▸▸▸ Yeah!▸▸▸▸▸ A nice▸▸▸▸▸ warm glass of milk![hh]▸▸▸▸▸ Not because it...▸▸▸▸▸ reminds me of▸▸ anything...[hh]
resources.assets	8539	MonoBehaviour	dialogLineSets[11].dialogLines[1].dialogText	I had strawberry for the first time recently!▸▸▸▸▸ Have you ever had it?▸▸▸▸▸ It's my new favorite!
resources.assets	8539	MonoBehaviour	dialogLineSets[11].dialogLines[2].dialogText	That,▸▸▸▸▸ uhh...▸▸▸▸▸ they call it...▸▸▸▸▸ country?▸▸▸▸▸▸▸▸▸▸ Yeah!▸▸▸▸▸ I never heard anything like it growing up,▸▸▸▸▸ but it's really catchy!
resources.assets	8539	MonoBehaviour	dialogLineSets[11].dialogLines[3].dialogText	I really enjoy watching historical documentaries▸▸▸▸▸▸▸▸▸▸ so I can learn more about different countries and cultures!
resources.assets	8539	MonoBehaviour	dialogLineSets[11].dialogLines[4].dialogText	[hahahaha]▸▸[hhhh]▸▸Ummm,▸▸▸▸▸ well,▸▸▸ I watch,▸▸▸▸▸ you know...▸▸▸▸▸ v-videos... of people doing...▸▸▸▸▸ things...[hh]▸▸▸▸▸ d-dirty things...[haha]▸▸▸▸▸ mmmnnh!
resources.assets	8539	MonoBehaviour	dialogLineSets[11].dialogLines[5].dialogText	The music player alone is enough for me!▸▸▸▸▸▸▸▸▸▸ I wasn't really allowed to listen to music back home...
resources.assets	8539	MonoBehaviour	dialogLineSets[11].dialogLines[6].dialogText	Now that I live here,▸▸▸▸▸ I can go swimming all I want!▸▸▸▸▸ I love being in the water!
resources.assets	8539	MonoBehaviour	dialogLineSets[11].dialogLines[7].dialogText	It's▸▸▸▸▸ REALLY bad, but,▸▸▸▸▸▸▸▸ I like the idea of doing...▸▸▸▸▸ you know...▸▸▸▸▸ it, outside.▸▸▸▸▸▸▸▸▸▸ It's so...[hh]▸▸▸▸▸ exhilarating!
resources.assets	8539	MonoBehaviour	dialogLineSets[11].dialogLines[8].dialogText	I can't seem to stop going on roller coasters.▸▸▸▸▸▸▸▸▸▸ I...▸▸ uhh...▸▸▸▸▸▸▸▸ I like the way it shakes and bounces around...
resources.assets	8539	MonoBehaviour	dialogLineSets[11].dialogLines[9].dialogText	Most of the time I get called into work on Friday night.▸▸▸▸▸▸▸▸▸▸ I don't mind though,▸▸▸▸▸ I like my job!
resources.assets	8539	MonoBehaviour	dialogLineSets[11].dialogLines[10].dialogText	Mmmm...▸▸▸▸▸ well,▸▸▸▸▸ when I wake up I'm just so-▸▸▸▸▸▸▸▸▸▸ I just have to-▸▸▸▸▸▸▸▸▸▸ t-▸▸touch...▸▸▸▸▸ d-▸▸down...▸▸▸▸▸ there...▸▸▸▸▸ unnnghh...[hh]
resources.assets	8539	MonoBehaviour	dialogLineSets[11].dialogLines[11].dialogText	When you're made to wear a lot of clothing,▸▸▸▸▸ you grow to really appreciate the rainy days!
resources.assets	8539	MonoBehaviour	dialogLineSets[11].dialogLines[12].dialogText	I haven't experienced a real▸▸ New▸▸ Year's▸▸ Eve celebration yet,▸▸▸▸▸▸▸▸▸▸ but I'm excited about it!
resources.assets	8539	MonoBehaviour	dialogLineSets[11].dialogLines[13].dialogText	I've been thinking about perhaps getting a snake.▸▸ I like the way it feels to hold a...▸▸▸▸▸▸▸▸▸▸ p-▸▸python...[hh]▸▸▸▸▸
resources.assets	8539	MonoBehaviour	dialogLineSets[11].dialogLines[14].dialogText	I was quite happy to go to language class.▸▸▸▸▸▸▸▸▸▸ I always dreamed of living in another country...
resources.assets	8539	MonoBehaviour	dialogLineSets[11].dialogLines[15].dialogText	One time,▸▸[hh]▸▸▸ I went to a special store that sold... uhhh...▸▸ uhh,▸▸ things for adults...▸▸▸▸▸ I REALLY▸▸▸▸▸ liked that store...[hh]▸▸▸▸▸
resources.assets	8539	MonoBehaviour	dialogLineSets[11].dialogLines[16].dialogText	The only thing that matters to me is what's on the inside...▸▸▸▸▸ of his▸▸▸▸▸ b-▸▸▸▸▸boxers...[hh]▸▸▸▸▸▸▸▸▸▸▸▸▸ unnnghh...[hh]▸▸▸▸▸
resources.assets	8539	MonoBehaviour	dialogLineSets[11].dialogLines[16].yuriDialogText	The only thing that matters to me▸▸▸▸▸▸▸▸▸▸ is what's on the inside...▸▸▸▸▸▸▸▸▸▸▸▸▸▸▸ of her▸▸▸▸▸ b-▸▸▸▸▸bra...[hh]▸▸▸▸▸ unnnghh...[hh]▸▸▸▸▸
resources.assets	8539	MonoBehaviour	dialogLineSets[11].dialogLines[17].dialogText	Ummm...▸▸▸▸▸▸▸▸ d-▸▸do I have to say it out loud?▸▸▸▸▸ You know, my... b-▸▸▸▸▸button.▸▸▸▸▸ My...▸▸▸▸▸ flower.▸▸▸▸▸ The▸▸▸▸▸ happy spot!▸▸▸▸▸▸▸▸▸▸ Mmmmnnhh...
resources.assets	8539	MonoBehaviour	dialogLineSets[11].dialogLines[18].dialogText	Gahh!▸▸▸▸▸ Ummm,▸▸▸▸▸ it-▸▸ I-▸▸ it makes me really hot when I think about using my...▸▸▸▸▸ [h]m-▸▸mouth...▸▸▸▸▸ for...▸▸▸▸▸ t-▸▸things...
resources.assets	8539	MonoBehaviour	dialogLineSets[11].dialogLines[19].dialogText	Mmmnnh...▸▸▸▸▸ okay,▸▸▸▸▸ don't judge, but,▸▸ I like it when the girl is... [h]b-▸▸bound up and[and]▸▸▸▸▸ abused...▸▸▸▸▸▸▸▸▸▸▸▸▸▸▸ is that bad!?
resources.assets	8539	MonoBehaviour	dialogLineSets[12].dialogLines[0].dialogText	I▸▸ drink▸▸▸▸▸ LOTS▸▸ of▸▸ water.▸▸▸▸▸[hh]▸▸▸ You should too!▸▸▸▸▸ It keeps your skin clear,▸▸▸ healthy,▸▸▸ and hydrated!
resources.assets	8539	MonoBehaviour	dialogLineSets[12].dialogLines[1].dialogText	My biggest weakness...[hh]▸▸▸▸▸▸▸▸▸▸ is butter pecan.▸▸▸▸▸ Ughh!▸▸▸[hh]▸▸▸ Just thinkin' about it makes me want to cry![h]
resources.assets	8539	MonoBehaviour	dialogLineSets[12].dialogLines[2].dialogText	I[I]▸▸▸ can't▸▸▸ get▸▸▸ ENOUGH▸▸▸ music from the sixties and seventies!▸▸▸▸▸[hh]▸▸▸▸▸▸▸▸ Oh,▸▸ what can I say?▸▸▸▸▸ I'm a sucker for the oldies.
resources.assets	8539	MonoBehaviour	dialogLineSets[12].dialogLines[3].dialogText	I like▸▸ ani▸▸mated▸▸ movies,▸▸ oh, especially if there's a princess!▸▸▸▸▸[hh]▸▸▸▸▸ Oh, I've always dreamed of bein' a princess...
resources.assets	8539	MonoBehaviour	dialogLineSets[12].dialogLines[4].dialogText	Ughh!▸▸▸▸▸ I have a sickness,▸▸▸ and it's called▸▸ social media!▸▸▸▸▸[ughh]▸▸ I'm obsessed!▸▸ It's NOT good!
resources.assets	8539	MonoBehaviour	dialogLineSets[12].dialogLines[5].dialogText	EVERY▸▸ girl's▸▸ favorite app!▸▸▸▸▸ Quickie▸▸▸Pic!▸▸[k]▸▸▸▸▸[hh] That's how I keep my followers up to date on what I'm doin'.
resources.assets	8539	MonoBehaviour	dialogLineSets[12].dialogLines[6].dialogText	I've been goin' to my spin class for over two years now.▸▸▸▸▸ It really works!▸▸▸▸▸ I've got buns of steel!
resources.assets	8539	MonoBehaviour	dialogLineSets[12].dialogLines[7].dialogText	Picnickin'!▸▸▸▸▸[hh]▸▸ Oh, you're out in the fresh air,▸▸ and it's▸▸ a▸▸ great▸▸ excuse to cook too.▸▸▸▸▸ I[I]▸▸ LOVE▸▸▸ to▸▸ cook!
resources.assets	8539	MonoBehaviour	dialogLineSets[12].dialogLines[8].dialogText	The▸▸ water▸▸ slide!▸▸▸▸▸[hh]▸▸ When I was growin' up,▸▸ I'd spray my slide with the garden hose and make my own little water park!▸▸▸▸▸[heh]▸▸[hh]
resources.assets	8539	MonoBehaviour	dialogLineSets[12].dialogLines[9].dialogText	I'm▸▸ a▸▸ girl!▸▸▸▸▸[hh]▸▸▸▸▸ Is there a girl in the world who doesn't want to go out dancin' on Friday night?
resources.assets	8539	MonoBehaviour	dialogLineSets[12].dialogLines[10].dialogText	I'm▸▸ at▸▸ the▸▸ gym▸▸▸▸▸▸▸▸ first thing in the mornin'...▸▸ workin' off the chocolates I ate▸▸ Saturday night!
resources.assets	8539	MonoBehaviour	dialogLineSets[12].dialogLines[11].dialogText	I like a nice cool breeze.▸▸▸▸▸▸▸▸ I sweat easily so▸▸▸▸▸ the tropical weather out here is KI[I]L▸LING me!
resources.assets	8539	MonoBehaviour	dialogLineSets[12].dialogLines[12].dialogText	Valentine's day is my favorite day of the whole year,▸▸▸[hh]▸▸▸ 'cause boys actually try for a change...[h]
resources.assets	8539	MonoBehaviour	dialogLineSets[12].dialogLines[12].yuriDialogText	Valentine's day is my favorite day of the whole year,▸▸▸[hh]▸▸▸ 'cause girls actually try for a change...[h]
resources.assets	8539	MonoBehaviour	dialogLineSets[12].dialogLines[13].dialogText	I take after my mom, we both▸▸▸ LO[O]VE▸▸▸▸▸ birds.▸▸▸▸▸[hh]▸▸▸ We had this BEAUTIFUL parrot when I was little.▸▸▸▸▸ Ughh!▸▸▸ I loved her!
resources.assets	8539	MonoBehaviour	dialogLineSets[12].dialogLines[14].dialogText	I couldn't▸▸▸ WAIT▸▸▸ to get to home economics![hh]▸▸▸▸▸ You get to wear▸▸ an apron▸▸▸ and cook food...▸▸ in▸▸▸ SCHOOL!
resources.assets	8539	MonoBehaviour	dialogLineSets[12].dialogLines[15].dialogText	I've▸▸ been▸▸ to every fashion boutique in my city▸▸▸▸▸ at▸▸▸ LEAST▸▸▸ a hundred times.▸▸▸▸▸[hh]▸▸▸▸▸▸▸▸▸▸▸▸ Ughh,▸▸ I'm such a girl...[h]
resources.assets	8539	MonoBehaviour	dialogLineSets[12].dialogLines[16].dialogText	Hmmm...▸▸▸▸▸▸▸▸▸▸▸▸▸▸▸ I▸▸ don't▸▸ know...[hh]▸▸▸▸▸▸▸▸▸▸▸▸▸▸▸▸▸▸ how about,▸▸▸▸▸▸▸▸▸▸▸▸▸▸ a good▸▸ sense▸▸ of▸▸ humor?▸▸▸▸▸▸▸▸▸▸▸▸▸▸▸▸▸▸ If you can make me laugh,▸▸▸ you're in good shape!
resources.assets	8539	MonoBehaviour	dialogLineSets[12].dialogLines[17].dialogText	My▸▸ legs![h]▸▸▸▸▸▸▸▸ Oh, sorry to sound so sure of myself, but,▸▸[hh]▸▸▸▸▸ I can't help it if I was born with great legs![s]▸▸▸▸▸▸[hheeh]▸▸[hh]
resources.assets	8539	MonoBehaviour	dialogLineSets[12].dialogLines[18].dialogText	[Hahaha]▸▸[hh]▸▸▸▸▸▸▸Okay▸▸ mister▸▸ na[aa]ughty▸▸ pa[a]nts!▸▸▸▸▸[hh]▸▸▸▸▸▸▸ If you HAVE▸▸ to know,▸▸▸▸▸▸▸▸▸▸▸▸▸▸▸ I like to be spooned,▸▸▸▸▸ because,▸▸▸▸▸ it make me feel secure.
resources.assets	8539	MonoBehaviour	dialogLineSets[12].dialogLines[18].yuriDialogText	[Hahaha]▸▸[hh]▸▸▸▸▸▸▸Okay▸▸ little miss▸▸ na[aa]ughty▸▸ pa[a]nts!▸▸▸▸▸[hh]▸▸▸▸▸▸▸ If you HAVE▸▸ to know,▸▸▸▸▸▸▸▸▸▸▸▸▸▸▸ I like to be spooned,▸▸▸▸▸ because,▸▸▸▸▸ it make me feel secure.
resources.assets	8539	MonoBehaviour	dialogLineSets[12].dialogLines[19].dialogText	[Haha]▸▸[hh]▸▸▸▸▸Okay,▸ don't judge▸[h]...▸▸ buuuutt,▸▸▸▸▸▸▸▸ I like to see▸▸ two girls gettin' it on.▸▸▸▸▸ Oh,▸▸ it's▸ so▸ naugh▸▸ty!
resources.assets	8540	MonoBehaviour	dialogLineSets[0].dialogLines[0].dialogText	This is the FAV_QUESTION_AGREEMENT dialog trigger.
resources.assets	8540	MonoBehaviour	dialogLineSets[1].dialogLines[0].dialogText	Oh yeah,▸▸▸ that's right!▸▸▸▸▸▸▸▸ I forgot how much we actually have in common.
resources.assets	8540	MonoBehaviour	dialogLineSets[1].dialogLines[1].dialogText	[hahahaha]▸▸▸▸[hhhh]▸▸▸You can put me down for that too!
resources.assets	8540	MonoBehaviour	dialogLineSets[1].dialogLines[2].dialogText	Now THIS is a girl with high quality taste!
resources.assets	8540	MonoBehaviour	dialogLineSets[1].dialogLines[3].dialogText	I had a feeling you were gonna say that!▸▸▸▸▸ That's my favorite too!▸▸
resources.assets	8540	MonoBehaviour	dialogLineSets[1].dialogLines[4].dialogText	Yep!▸▸▸▸▸ I couldn't agree with you more!
resources.assets	8540	MonoBehaviour	dialogLineSets[1].dialogLines[5].dialogText	Not quite how I would put it... but, I can't disagree!
resources.assets	8540	MonoBehaviour	dialogLineSets[2].dialogLines[0].dialogText	No way,▸▸▸▸▸▸▸▸▸▸ really?▸▸▸▸▸▸▸▸▸▸ Huh...▸▸▸▸▸ I never would have guessed we liked the same thing.
resources.assets	8540	MonoBehaviour	dialogLineSets[2].dialogLines[1].dialogText	Oh, I think you and I are gonna get along juuuust fine...▸▸[hahahaha]▸▸[hhhh]▸▸▸
resources.assets	8540	MonoBehaviour	dialogLineSets[2].dialogLines[2].dialogText	Oh my god,▸▸▸▸▸ right?▸▸▸▸▸▸▸▸▸▸ You took the words right out of my mouth.
resources.assets	8540	MonoBehaviour	dialogLineSets[2].dialogLines[3].dialogText	Stop...▸▸▸▸▸▸▸▸[hh]▸▸▸▸▸ are we soul sisters or something?▸▸▸▸▸▸▸ We have to be!
resources.assets	8540	MonoBehaviour	dialogLineSets[2].dialogLines[4].dialogText	[hahahaha]▸▸[hhhh]▸▸Now this▸▸ is my kind of girl!
resources.assets	8540	MonoBehaviour	dialogLineSets[2].dialogLines[5].dialogText	You bitch!▸▸▸▸▸ How come you never told me that?▸▸▸▸▸ That's MY favorite!
resources.assets	8540	MonoBehaviour	dialogLineSets[3].dialogLines[0].dialogText	I like, literally have the EXACT same answer![h]
resources.assets	8540	MonoBehaviour	dialogLineSets[3].dialogLines[1].dialogText	Umm,▸▸ like...[hh] fucking,▸ hell,▸▸ YES![ss]
resources.assets	8540	MonoBehaviour	dialogLineSets[3].dialogLines[2].dialogText	Ughh,▸▸▸ I▸▸ feel▸▸▸ your▸▸▸ pain.▸▸▸[hh]▸▸▸ ALL▸▸ I feel is pain...[hh]
resources.assets	8540	MonoBehaviour	dialogLineSets[3].dialogLines[3].dialogText	Tch!▸▸▸[hh]▸▸▸ I▸▸ was probably into it▸▸▸▸ WA[A]Y[Y]▸▸ before▸▸▸ you...[h]
resources.assets	8540	MonoBehaviour	dialogLineSets[3].dialogLines[4].dialogText	Like,▸▸▸▸▸ same?▸▸▸▸▸[ahha]▸▸[hh]▸▸▸ Why do you have to say everything so we[e]ird though?[h]
resources.assets	8540	MonoBehaviour	dialogLineSets[3].dialogLines[5].dialogText	Oh▸▸ ye[e]ah[h]...▸▸[hh] that was you that got me into that,▸ wasn't it?[h]
resources.assets	8540	MonoBehaviour	dialogLineSets[4].dialogLines[0].dialogText	Of▸▸▸ course...▸▸▸▸▸▸▸▸▸▸▸▸ I should have foreseen us converging on this subject.
resources.assets	8540	MonoBehaviour	dialogLineSets[4].dialogLines[1].dialogText	In▸▸▸teresting...▸▸▸▸▸▸▸▸▸▸▸▸▸ that's the same answer I was prepared to give...
resources.assets	8540	MonoBehaviour	dialogLineSets[4].dialogLines[2].dialogText	It seems as though we're even more compatible than I originally thought...
resources.assets	8540	MonoBehaviour	dialogLineSets[4].dialogLines[3].dialogText	Our feelings are quite mutual on the matter!
resources.assets	8540	MonoBehaviour	dialogLineSets[4].dialogLines[4].dialogText	Yes...▸▸▸▸▸▸▸▸▸▸▸▸▸▸▸ it was faint,▸▸▸▸▸▸▸▸▸▸▸▸▸▸▸ but I could sense that we were on the same wavelength.
resources.assets	8540	MonoBehaviour	dialogLineSets[4].dialogLines[5].dialogText	Fascinating...▸▸▸▸▸▸▸▸▸▸▸▸▸▸▸ are you a mind reader too?▸▸▸▸▸▸▸▸▸▸ That's precisely what I was thinking...
resources.assets	8540	MonoBehaviour	dialogLineSets[5].dialogLines[0].dialogText	You're into that too!?▸▸▸▸▸▸▸▸ Oh-▸▸▸Em-▸▸▸Gee!▸▸▸▸▸▸▸▸▸▸ We are gonna be SUCH good friends!
resources.assets	8540	MonoBehaviour	dialogLineSets[5].dialogLines[1].dialogText	[aaaa]▸▸[aaa]▸▸▸▸▸▸We have the same interests![s]▸▸▸ Friendship,▸ level up!▸▸[hhehehehehehehe]▸▸[hh]
resources.assets	8540	MonoBehaviour	dialogLineSets[5].dialogLines[2].dialogText	Oh, oh, oh!▸▸[h] Me too!▸▸▸▸▸ That's my favorite too!▸▸▸▸▸ Mmmhmm![h]
resources.assets	8540	MonoBehaviour	dialogLineSets[5].dialogLines[3].dialogText	Heeeeyy...[hh]▸▸ you took my an▸▸▸swer!▸▸▸▸▸▸▸▸ That's what I would have said!
resources.assets	8540	MonoBehaviour	dialogLineSets[5].dialogLines[4].dialogText	Jinx![h]▸▸▸▸▸ You owe me a soda▸▸▸ 'cause we like the same thing!▸▸▸▸▸ Wait...▸▸ is that how that works?
resources.assets	8540	MonoBehaviour	dialogLineSets[5].dialogLines[5].dialogText	I didn't know we had so much in common Mrs. Belrose!
resources.assets	8540	MonoBehaviour	dialogLineSets[6].dialogLines[0].dialogText	Oh!▸▸▸▸▸ That's neat!▸▸▸▸▸▸▸▸▸▸▸▸▸▸▸ You and I have that in common!
resources.assets	8540	MonoBehaviour	dialogLineSets[6].dialogLines[1].dialogText	Really?▸▸▸▸▸[hh]▸▸▸▸▸▸▸▸▸▸ I didn't think anybody felt the same way I did!
resources.assets	8540	MonoBehaviour	dialogLineSets[6].dialogLines[2].dialogText	Wow!▸▸▸▸▸[heh]▸▸▸▸▸▸▸▸▸▸ Who knew we had such similar tastes?
resources.assets	8540	MonoBehaviour	dialogLineSets[6].dialogLines[3].dialogText	[hahahahahaha]▸▸▸▸▸[hhhh]▸▸▸▸▸▸▸▸▸▸I had a feeling we might be in sync on that question!
resources.assets	8540	MonoBehaviour	dialogLineSets[6].dialogLines[4].dialogText	That's my favorite as well!▸▸▸▸▸▸▸▸▸▸ Though,▸▸▸▸▸ not quite for the same reasons...
resources.assets	8540	MonoBehaviour	dialogLineSets[6].dialogLines[5].dialogText	[hahahahaha]▸▸[hhhh]▸▸Ummm,▸▸▸ it's...▸▸▸▸▸ a bit embarrassing to admit...▸▸ but,▸▸▸ me too...[heh]
resources.assets	8540	MonoBehaviour	dialogLineSets[7].dialogLines[0].dialogText	Yay!▸▸▸▸▸[hh]▸▸▸▸▸▸▸▸▸▸[hh]▸▸▸▸▸ We got the same▸▸▸ fav▸▸▸▸▸orite!▸▸▸▸▸▸▸▸▸ [ha]This▸▸▸▸▸ game's▸▸▸▸▸ fun!▸▸▸▸▸▸▸▸▸▸▸▸▸▸▸[ha][ha][ha]
resources.assets	8540	MonoBehaviour	dialogLineSets[7].dialogLines[1].dialogText	No▸▸▸ kiddin'!?▸▸▸▸▸▸▸▸▸▸ Wow,[ah]▸▸▸▸▸▸▸▸▸▸ I wonder what else we got in common...
resources.assets	8540	MonoBehaviour	dialogLineSets[7].dialogLines[2].dialogText	▸▸Hey,▸▸▸▸▸▸▸[hh] that's the same thing I was thinkin'![hh]
resources.assets	8540	MonoBehaviour	dialogLineSets[7].dialogLines[3].dialogText	What a coinky▸▸dink!▸▸▸[hh]▸▸▸▸▸ That's my favoritest too!
resources.assets	8540	MonoBehaviour	dialogLineSets[7].dialogLines[4].dialogText	Nuh-unh!▸▸▸[hh]▸ Real[h]ly?▸▸ You too?▸▸▸▸▸▸▸▸▸▸ [ha]Well▸▸ I'll▸▸ be...▸▸
resources.assets	8540	MonoBehaviour	dialogLineSets[7].dialogLines[5].dialogText	Oh,▸▸▸▸▸▸▸▸ that's different than what I like.▸▸▸▸▸ Wait...▸▸▸▸▸▸▸▸▸▸▸ no▸▸ it▸▸ ain't!▸▸▸▸▸▸[hh]▸▸▸ That's exactly what I like!▸▸▸[h]▸▸
resources.assets	8540	MonoBehaviour	dialogLineSets[8].dialogLines[0].dialogText	See?▸▸▸▸▸▸▸ Now this chick knows what's up!
resources.assets	8540	MonoBehaviour	dialogLineSets[8].dialogLines[1].dialogText	Pssh,▸▸ I hear you on that one...
resources.assets	8540	MonoBehaviour	dialogLineSets[8].dialogLines[2].dialogText	Yo,▸▸ right?▸▸▸▸▸ That's what I been tryna say!
resources.assets	8540	MonoBehaviour	dialogLineSets[8].dialogLines[3].dialogText	Aye,▸▸▸▸▸ yeah,▸▸▸▸▸ same here!
resources.assets	8540	MonoBehaviour	dialogLineSets[8].dialogLines[4].dialogText	You'd probably NEVER guess this, but, I actually kinda agree.
resources.assets	8540	MonoBehaviour	dialogLineSets[8].dialogLines[5].dialogText	You▸▸ KNOW I can get down with that.
resources.assets	8540	MonoBehaviour	dialogLineSets[9].dialogLines[0].dialogText	Well▸▸ now,▸▸▸▸▸ I'm glad we see eye to eye on that!
resources.assets	8540	MonoBehaviour	dialogLineSets[9].dialogLines[1].dialogText	Hmm!▸▸▸▸▸▸▸ I see that,▸▸▸▸▸▸▸ like me,▸▸▸▸▸▸▸▸ you appreciate the finer things.
resources.assets	8540	MonoBehaviour	dialogLineSets[9].dialogLines[2].dialogText	I second that!
resources.assets	8540	MonoBehaviour	dialogLineSets[9].dialogLines[3].dialogText	Now THAT... we most certainly agree on.
resources.assets	8540	MonoBehaviour	dialogLineSets[9].dialogLines[4].dialogText	I couldn't have said it better myself!
resources.assets	8540	MonoBehaviour	dialogLineSets[9].dialogLines[5].dialogText	That makes two of us then...
resources.assets	8540	MonoBehaviour	dialogLineSets[10].dialogLines[0].dialogText	No shit?▸▸▸▸▸ You too?▸▸▸▸▸ Hmm,▸▸▸▸▸ cool.
resources.assets	8540	MonoBehaviour	dialogLineSets[10].dialogLines[1].dialogText	Finally,▸▸▸▸▸▸▸▸▸▸ somebody who knows what they're talking about!
resources.assets	8540	MonoBehaviour	dialogLineSets[10].dialogLines[2].dialogText	Exactly!▸▸▸▸▸ See?▸▸▸▸▸ She gets it.
resources.assets	8540	MonoBehaviour	dialogLineSets[10].dialogLines[3].dialogText	Ditto!
resources.assets	8540	MonoBehaviour	dialogLineSets[10].dialogLines[4].dialogText	Yup!▸▸▸▸▸ I'm not surprised.▸▸▸▸▸▸▸▸▸▸ We have pretty similar lifestyles, after all.
resources.assets	8540	MonoBehaviour	dialogLineSets[10].dialogLines[5].dialogText	Awww,▸▸▸▸▸▸▸ my little cuz is taking after me...▸▸▸▸▸ how▸▸ sweet!▸▸▸
resources.assets	8540	MonoBehaviour	dialogLineSets[11].dialogLines[0].dialogText	We appear to be rather alike in our interests!
resources.assets	8540	MonoBehaviour	dialogLineSets[11].dialogLines[1].dialogText	Oh,▸▸▸▸▸ good!▸▸▸▸▸ I'm not alone!▸▸▸▸▸▸▸▸▸▸ I thought maybe I was just,▸▸▸▸▸ weird...[hh]
resources.assets	8540	MonoBehaviour	dialogLineSets[11].dialogLines[2].dialogText	Mmm,▸▸▸▸▸ yes!▸▸▸▸▸▸▸▸▸▸ I feel very much the same way you feel!
resources.assets	8540	MonoBehaviour	dialogLineSets[11].dialogLines[3].dialogText	On that question,▸▸ we are very like minded!
resources.assets	8540	MonoBehaviour	dialogLineSets[11].dialogLines[4].dialogText	Mmmnnh...▸▸▸▸▸ unh-huh...▸▸▸▸▸ y-▸▸▸▸▸yeah,▸▸▸▸▸ definitely...
resources.assets	8540	MonoBehaviour	dialogLineSets[11].dialogLines[5].dialogText	I share something in common with▸▸▸ Misty▸▸▸ Katz!?▸▸[hh]▸▸▸▸▸▸▸▸ Unnnghh...
resources.assets	8540	MonoBehaviour	dialogLineSets[12].dialogLines[0].dialogText	When you have good taste, you have good taste!▸▸▸▸▸▸▸▸▸▸▸▸▸▸▸▸▸▸
resources.assets	8540	MonoBehaviour	dialogLineSets[12].dialogLines[1].dialogText	Ughh!▸▸▸▸▸ Listen to us!▸▸▸▸▸ We're like two peas in a pod!
resources.assets	8540	MonoBehaviour	dialogLineSets[12].dialogLines[2].dialogText	I▸▸▸ knew▸▸▸ it![hh]▸▸▸▸▸ I took one look at you thought:▸▸▸▸▸ soul mates![s]
resources.assets	8540	MonoBehaviour	dialogLineSets[12].dialogLines[3].dialogText	[aahaha]▸▸[hh]▸▸▸You can say that again!
resources.assets	8540	MonoBehaviour	dialogLineSets[12].dialogLines[4].dialogText	Could▸▸ we▸▸ HA[AA]VE▸▸ more in common with each other?
resources.assets	8540	MonoBehaviour	dialogLineSets[12].dialogLines[5].dialogText	Uhhh,▸▸▸ that's an interesting way to put it...▸▸▸▸▸ but I can't argue with ya!
resources.assets	8576	MonoBehaviour	girlName	Lola
resources.assets	8576	MonoBehaviour	shoesAdj	a snow bunny
resources.assets	8576	MonoBehaviour	uniqueAdj	a fashion designer
resources.assets	8576	MonoBehaviour	parts[0].partName	neutral
resources.assets	8576	MonoBehaviour	parts[1].partName	annoyed
resources.assets	8576	MonoBehaviour	parts[2].partName	disappointed
resources.assets	8576	MonoBehaviour	parts[3].partName	excited
resources.assets	8576	MonoBehaviour	parts[4].partName	confused
resources.assets	8576	MonoBehaviour	parts[5].partName	inquisitive
resources.assets	8576	MonoBehaviour	parts[6].partName	sarcastic
resources.assets	8576	MonoBehaviour	parts[7].partName	shy
resources.assets	8576	MonoBehaviour	parts[8].partName	horny
resources.assets	8576	MonoBehaviour	parts[9].partName	relaxing
resources.assets	8576	MonoBehaviour	parts[10].partName	activity
resources.assets	8576	MonoBehaviour	parts[11].partName	romantic
resources.assets	8576	MonoBehaviour	parts[12].partName	party
resources.assets	8576	MonoBehaviour	parts[13].partName	water
resources.assets	8576	MonoBehaviour	parts[14].partName	sexy
resources.assets	8576	MonoBehaviour	parts[15].partName	bonus1
resources.assets	8576	MonoBehaviour	parts[16].partName	bonus2
resources.assets	8576	MonoBehaviour	parts[17].partName	bonus3
resources.assets	8576	MonoBehaviour	parts[18].partName	bonus3~
resources.assets	8576	MonoBehaviour	parts[19].partName	bonus4
resources.assets	8576	MonoBehaviour	parts[20].partName	earrings
resources.assets	8576	MonoBehaviour	parts[21].partName	neutral
resources.assets	8576	MonoBehaviour	parts[22].partName	annoyed
resources.assets	8576	MonoBehaviour	parts[23].partName	disappointed
resources.assets	8576	MonoBehaviour	parts[24].partName	excited
resources.assets	8576	MonoBehaviour	parts[25].partName	confused
resources.assets	8576	MonoBehaviour	parts[26].partName	inquisitive
resources.assets	8576	MonoBehaviour	parts[27].partName	sarcastic
resources.assets	8576	MonoBehaviour	parts[28].partName	shy
resources.assets	8576	MonoBehaviour	parts[29].partName	horny
resources.assets	8576	MonoBehaviour	parts[30].partName	neutral
resources.assets	8576	MonoBehaviour	parts[31].partName	annoyed
resources.assets	8576	MonoBehaviour	parts[32].partName	horny
resources.assets	8576	MonoBehaviour	parts[33].partName	blink
resources.assets	8576	MonoBehaviour	parts[34].partName	blushlight
resources.assets	8576	MonoBehaviour	parts[35].partName	blushheavy
resources.assets	8576	MonoBehaviour	parts[36].partName	neutral
resources.assets	8576	MonoBehaviour	parts[37].partName	annoyed
resources.assets	8576	MonoBehaviour	parts[38].partName	disappointed
resources.assets	8576	MonoBehaviour	parts[39].partName	excited
resources.assets	8576	MonoBehaviour	parts[40].partName	confused
resources.assets	8576	MonoBehaviour	parts[41].partName	inquisitive
resources.assets	8576	MonoBehaviour	parts[42].partName	sarcastic
resources.assets	8576	MonoBehaviour	parts[43].partName	shy
resources.assets	8576	MonoBehaviour	parts[44].partName	horny
resources.assets	8576	MonoBehaviour	parts[45].partName	neutral
resources.assets	8576	MonoBehaviour	parts[46].partName	annoyed
resources.assets	8576	MonoBehaviour	parts[47].partName	disappointed
resources.assets	8576	MonoBehaviour	parts[48].partName	excited
resources.assets	8576	MonoBehaviour	parts[49].partName	confused
resources.assets	8576	MonoBehaviour	parts[50].partName	inquisitive
resources.assets	8576	MonoBehaviour	parts[51].partName	sarcastic
resources.assets	8576	MonoBehaviour	parts[52].partName	shy
resources.assets	8576	MonoBehaviour	parts[53].partName	horny
resources.assets	8576	MonoBehaviour	parts[54].partName	aeil
resources.assets	8576	MonoBehaviour	parts[55].partName	bmp
resources.assets	8576	MonoBehaviour	parts[56].partName	oquw
resources.assets	8576	MonoBehaviour	parts[57].partName	fv
resources.assets	8576	MonoBehaviour	parts[58].partName	other
resources.assets	8576	MonoBehaviour	parts[59].partName	aeil
resources.assets	8576	MonoBehaviour	parts[60].partName	bmp
resources.assets	8576	MonoBehaviour	parts[61].partName	oquw
resources.assets	8576	MonoBehaviour	parts[62].partName	fv
resources.assets	8576	MonoBehaviour	parts[63].partName	other
resources.assets	8576	MonoBehaviour	parts[64].partName	relaxing
resources.assets	8576	MonoBehaviour	parts[65].partName	activity
resources.assets	8576	MonoBehaviour	parts[66].partName	romantic
resources.assets	8576	MonoBehaviour	parts[67].partName	party
resources.assets	8576	MonoBehaviour	parts[68].partName	water
resources.assets	8576	MonoBehaviour	parts[69].partName	sexy
resources.assets	8576	MonoBehaviour	parts[70].partName	bonus1
resources.assets	8576	MonoBehaviour	parts[71].partName	bonus1~
resources.assets	8576	MonoBehaviour	parts[72].partName	bonus2
resources.assets	8576	MonoBehaviour	parts[73].partName	bonus2~
resources.assets	8576	MonoBehaviour	parts[74].partName	bonus3
resources.assets	8576	MonoBehaviour	parts[75].partName	bonus3~
resources.assets	8576	MonoBehaviour	parts[76].partName	bonus4
resources.assets	8576	MonoBehaviour	parts[77].partName	nipples
resources.assets	8576	MonoBehaviour	parts[78].partName	body
resources.assets	8576	MonoBehaviour	parts[79].partName	activity
resources.assets	8576	MonoBehaviour	parts[80].partName	romantic
resources.assets	8576	MonoBehaviour	parts[81].partName	party
resources.assets	8576	MonoBehaviour	parts[82].partName	water
resources.assets	8576	MonoBehaviour	parts[83].partName	sexy
resources.assets	8576	MonoBehaviour	parts[84].partName	bonus1
resources.assets	8576	MonoBehaviour	hairstyles[0].hairstyleName	Poppin' Off
resources.assets	8576	MonoBehaviour	hairstyles[1].hairstyleName	Stewardess
resources.assets	8576	MonoBehaviour	hairstyles[2].hairstyleName	Elegance
resources.assets	8576	MonoBehaviour	hairstyles[3].hairstyleName	Cream Puff
resources.assets	8576	MonoBehaviour	hairstyles[4].hairstyleName	Jamaikini
resources.assets	8576	MonoBehaviour	hairstyles[5].hairstyleName	Mocha Latte
resources.assets	8576	MonoBehaviour	hairstyles[6].hairstyleName	Afrikini
resources.assets	8576	MonoBehaviour	hairstyles[7].hairstyleName	Tennis
resources.assets	8576	MonoBehaviour	hairstyles[8].hairstyleName	Basketball
resources.assets	8576	MonoBehaviour	hairstyles[9].hairstyleName	Football
resources.assets	8576	MonoBehaviour	outfits[0].outfitName	Poppin' Off
resources.assets	8576	MonoBehaviour	outfits[1].outfitName	Stewardess
resources.assets	8576	MonoBehaviour	outfits[2].outfitName	Elegance
resources.assets	8576	MonoBehaviour	outfits[3].outfitName	Cream Puff
resources.assets	8576	MonoBehaviour	outfits[4].outfitName	Jamaikini
resources.assets	8576	MonoBehaviour	outfits[5].outfitName	Mocha Latte
resources.assets	8576	MonoBehaviour	outfits[6].outfitName	Afrikini
resources.assets	8576	MonoBehaviour	outfits[7].outfitName	Tennis
resources.assets	8576	MonoBehaviour	outfits[8].outfitName	Basketball
resources.assets	8576	MonoBehaviour	outfits[9].outfitName	Football
resources.assets	8576	MonoBehaviour	specialParts[0].specialPartName	Earrings
resources.assets	8576	MonoBehaviour	herQuestions[0].answers[0].answerText	Sure, as long as she's the most qualified person for the job.
resources.assets	8576	MonoBehaviour	herQuestions[0].answers[1].answerText	Absolutely! We need more female managers and CEOs.
resources.assets	8576	MonoBehaviour	herQuestions[0].answers[2].answerText	What do you mean? Like... sex positions?
resources.assets	8576	MonoBehaviour	herQuestions[1].answers[0].answerText	I'd start a fashion company just to compete with yours.
resources.assets	8576	MonoBehaviour	herQuestions[1].answers[1].answerText	Actually, I used to run a cam girl operation...
resources.assets	8576	MonoBehaviour	herQuestions[1].answers[2].answerText	I'd rather start a nonprofit to help those who are in need.
resources.assets	8576	MonoBehaviour	herQuestions[2].answers[0].answerText	Monday, because you can start the week with a clean slate.
resources.assets	8576	MonoBehaviour	herQuestions[2].answers[1].answerText	Friday, because it's finally the start of the weekend!
resources.assets	8576	MonoBehaviour	herQuestions[2].answers[2].answerText	Sunday, because you can just chill and relax at home.
resources.assets	8576	MonoBehaviour	herQuestions[3].answers[0].answerText	Success at any cost... even if it means being unhappy for a while.
resources.assets	8576	MonoBehaviour	herQuestions[3].answers[1].answerText	What's the point of being successful if you're not happy?
resources.assets	8576	MonoBehaviour	herQuestions[3].answers[2].answerText	I think it's important to try and find a healthy balance of both.
resources.assets	8576	MonoBehaviour	herQuestions[4].answers[0].answerText	Life isn't fair and complaining about it doesn't help.
resources.assets	8576	MonoBehaviour	herQuestions[4].answers[1].answerText	Take a year off and travel the world to discover yourself.
resources.assets	8576	MonoBehaviour	herQuestions[4].answers[2].answerText	Never use a condom. It feels WAAAAAY less good.
resources.assets	8576	MonoBehaviour	herQuestions[5].answers[0].answerText	I'd travel around the world and try to experience as much as I could.
resources.assets	8576	MonoBehaviour	herQuestions[5].answers[1].answerText	I'd blow all my money on new skins in free-to-play games.
resources.assets	8576	MonoBehaviour	herQuestions[5].answers[2].answerText	I'd spend as much time as I could with my family and friends.
resources.assets	8576	MonoBehaviour	herQuestions[6].answers[0].answerText	I'm pretty proud that I got to nail a stewardess in an airplane bathroom.
resources.assets	8576	MonoBehaviour	herQuestions[6].answers[1].answerText	I once had sex with an alien. Like... from outer space.
resources.assets	8576	MonoBehaviour	herQuestions[6].answers[2].answerText	Getting every single achievement in my favorite eroge game.
resources.assets	8576	MonoBehaviour	herQuestions[7].answers[0].answerText	I want to be one of those billionaire assholes that owns their own jet.
resources.assets	8576	MonoBehaviour	herQuestions[7].answers[1].answerText	I really admire people who participate in charity and give back to their community.
resources.assets	8576	MonoBehaviour	herQuestions[7].answers[2].answerText	I have a ton of respect for hard working entrepreneurs like you.
resources.assets	8576	MonoBehaviour	herQuestions[8].answers[0].answerText	There are so many sports that I need to learn how to play properly.
resources.assets	8576	MonoBehaviour	herQuestions[8].answers[1].answerText	I've always wanted to learn how to play a musical instrument.
resources.assets	8576	MonoBehaviour	herQuestions[8].answers[2].answerText	One of these days I'm going to force myself to learn a foreign language.
resources.assets	8576	MonoBehaviour	herQuestions[9].answers[0].answerText	A few months ago I moved into a brand new penthouse apartment.
resources.assets	8576	MonoBehaviour	herQuestions[9].answers[1].answerText	This is actually the first time I've ever been to a tropical island.
resources.assets	8576	MonoBehaviour	herQuestions[9].answers[2].answerText	Believe it or not, I just recently had my first threesome. VERY recently.
resources.assets	8576	MonoBehaviour	herQuestions[10].answers[0].answerText	I just try the date again later. There's no real penalty for losing.
resources.assets	8576	MonoBehaviour	herQuestions[10].answers[1].answerText	Whatever I tried is probably not for me, so I'd try something different.
resources.assets	8576	MonoBehaviour	herQuestions[10].answers[2].answerText	I wouldn't know because I've never failed at anything.
resources.assets	8576	MonoBehaviour	herQuestions[11].answers[0].answerText	Something exhilarating, like skydiving or bungie jumping!
resources.assets	8576	MonoBehaviour	herQuestions[11].answers[1].answerText	I'd like to fall in love and get married to a smart, ambitious, sexy young woman.
resources.assets	8576	MonoBehaviour	herQuestions[11].answers[2].answerText	I wanna bang either a fox girl, a slime girl, or a girl made entirely out of boobs.
resources.assets	8577	MonoBehaviour	girlName	Jessie
resources.assets	8577	MonoBehaviour	shoesAdj	an adult actress
resources.assets	8577	MonoBehaviour	uniqueAdj	a heavy drinker
resources.assets	8577	MonoBehaviour	parts[0].partName	neutral
resources.assets	8577	MonoBehaviour	parts[1].partName	annoyed
resources.assets	8577	MonoBehaviour	parts[2].partName	disappointed
resources.assets	8577	MonoBehaviour	parts[3].partName	excited
resources.assets	8577	MonoBehaviour	parts[4].partName	confused
resources.assets	8577	MonoBehaviour	parts[5].partName	inquisitive
resources.assets	8577	MonoBehaviour	parts[6].partName	sarcastic
resources.assets	8577	MonoBehaviour	parts[7].partName	shy
resources.assets	8577	MonoBehaviour	parts[8].partName	horny
resources.assets	8577	MonoBehaviour	parts[9].partName	relaxing
resources.assets	8577	MonoBehaviour	parts[10].partName	activity
resources.assets	8577	MonoBehaviour	parts[11].partName	romantic
resources.assets	8577	MonoBehaviour	parts[12].partName	party
resources.assets	8577	MonoBehaviour	parts[13].partName	water
resources.assets	8577	MonoBehaviour	parts[14].partName	sexy
resources.assets	8577	MonoBehaviour	parts[15].partName	bonus1
resources.assets	8577	MonoBehaviour	parts[16].partName	bonus2
resources.assets	8577	MonoBehaviour	parts[17].partName	bonus3
resources.assets	8577	MonoBehaviour	parts[18].partName	bonus4
resources.assets	8577	MonoBehaviour	parts[19].partName	earrings
resources.assets	8577	MonoBehaviour	parts[20].partName	neutral
resources.assets	8577	MonoBehaviour	parts[21].partName	annoyed
resources.assets	8577	MonoBehaviour	parts[22].partName	disappointed
resources.assets	8577	MonoBehaviour	parts[23].partName	excited
resources.assets	8577	MonoBehaviour	parts[24].partName	confused
resources.assets	8577	MonoBehaviour	parts[25].partName	inquisitive
resources.assets	8577	MonoBehaviour	parts[26].partName	sarcastic
resources.assets	8577	MonoBehaviour	parts[27].partName	shy
resources.assets	8577	MonoBehaviour	parts[28].partName	horny
resources.assets	8577	MonoBehaviour	parts[29].partName	neutral
resources.assets	8577	MonoBehaviour	parts[30].partName	annoyed
resources.assets	8577	MonoBehaviour	parts[31].partName	horny
resources.assets	8577	MonoBehaviour	parts[32].partName	blink
resources.assets	8577	MonoBehaviour	parts[33].partName	blushlight
resources.assets	8577	MonoBehaviour	parts[34].partName	blushheavy
resources.assets	8577	MonoBehaviour	parts[35].partName	neutral
resources.assets	8577	MonoBehaviour	parts[36].partName	annoyed
resources.assets	8577	MonoBehaviour	parts[37].partName	disappointed
resources.assets	8577	MonoBehaviour	parts[38].partName	excited
resources.assets	8577	MonoBehaviour	parts[39].partName	confused
resources.assets	8577	MonoBehaviour	parts[40].partName	inquisitive
resources.assets	8577	MonoBehaviour	parts[41].partName	sarcastic
resources.assets	8577	MonoBehaviour	parts[42].partName	shy
resources.assets	8577	MonoBehaviour	parts[43].partName	horny
resources.assets	8577	MonoBehaviour	parts[44].partName	neutral
resources.assets	8577	MonoBehaviour	parts[45].partName	annoyed
resources.assets	8577	MonoBehaviour	parts[46].partName	disappointed
resources.assets	8577	MonoBehaviour	parts[47].partName	excited
resources.assets	8577	MonoBehaviour	parts[48].partName	confused
resources.assets	8577	MonoBehaviour	parts[49].partName	inquisitive
resources.assets	8577	MonoBehaviour	parts[50].partName	sarcastic
resources.assets	8577	MonoBehaviour	parts[51].partName	shy
resources.assets	8577	MonoBehaviour	parts[52].partName	horny
resources.assets	8577	MonoBehaviour	parts[53].partName	aeil
resources.assets	8577	MonoBehaviour	parts[54].partName	bmp
resources.assets	8577	MonoBehaviour	parts[55].partName	oquw
resources.assets	8577	MonoBehaviour	parts[56].partName	fv
resources.assets	8577	MonoBehaviour	parts[57].partName	other
resources.assets	8577	MonoBehaviour	parts[58].partName	aeil
resources.assets	8577	MonoBehaviour	parts[59].partName	bmp
resources.assets	8577	MonoBehaviour	parts[60].partName	oquw
resources.assets	8577	MonoBehaviour	parts[61].partName	fv
resources.assets	8577	MonoBehaviour	parts[62].partName	other
resources.assets	8577	MonoBehaviour	parts[63].partName	relaxing
resources.assets	8577	MonoBehaviour	parts[64].partName	activity
resources.assets	8577	MonoBehaviour	parts[65].partName	activity~
resources.assets	8577	MonoBehaviour	parts[66].partName	romantic
resources.assets	8577	MonoBehaviour	parts[67].partName	party
resources.assets	8577	MonoBehaviour	parts[68].partName	water
resources.assets	8577	MonoBehaviour	parts[69].partName	sexy
resources.assets	8577	MonoBehaviour	parts[70].partName	bonus1
resources.assets	8577	MonoBehaviour	parts[71].partName	bonus2
resources.assets	8577	MonoBehaviour	parts[72].partName	bonus3
resources.assets	8577	MonoBehaviour	parts[73].partName	bonus4
resources.assets	8577	MonoBehaviour	parts[74].partName	nipples
resources.assets	8577	MonoBehaviour	parts[75].partName	body
resources.assets	8577	MonoBehaviour	parts[76].partName	relaxing
resources.assets	8577	MonoBehaviour	parts[77].partName	activity
resources.assets	8577	MonoBehaviour	parts[78].partName	romantic
resources.assets	8577	MonoBehaviour	parts[79].partName	party
resources.assets	8577	MonoBehaviour	parts[80].partName	water
resources.assets	8577	MonoBehaviour	parts[81].partName	sexy
resources.assets	8577	MonoBehaviour	parts[82].partName	bonus1
resources.assets	8577	MonoBehaviour	parts[83].partName	bonus2
resources.assets	8577	MonoBehaviour	parts[84].partName	bonus3
resources.assets	8577	MonoBehaviour	parts[85].partName	bonus4
resources.assets	8577	MonoBehaviour	hairstyles[0].hairstyleName	Hibiscus
resources.assets	8577	MonoBehaviour	hairstyles[1].hairstyleName	Leopard
resources.assets	8577	MonoBehaviour	hairstyles[2].hairstyleName	Pillow Talk
resources.assets	8577	MonoBehaviour	hairstyles[3].hairstyleName	Tiffany
resources.assets	8577	MonoBehaviour	hairstyles[4].hairstyleName	Blue Wave
resources.assets	8577	MonoBehaviour	hairstyles[5].hairstyleName	Cloud Nine
resources.assets	8577	MonoBehaviour	hairstyles[6].hairstyleName	Naughty List
resources.assets	8577	MonoBehaviour	hairstyles[7].hairstyleName	Sweet Angel
resources.assets	8577	MonoBehaviour	hairstyles[8].hairstyleName	Sinful Devil
resources.assets	8577	MonoBehaviour	hairstyles[9].hairstyleName	Wrapped Up
resources.assets	8577	MonoBehaviour	outfits[0].outfitName	Hibiscus
resources.assets	8577	MonoBehaviour	outfits[1].outfitName	Leopard
resources.assets	8577	MonoBehaviour	outfits[2].outfitName	Pillow Talk
resources.assets	8577	MonoBehaviour	outfits[3].outfitName	Tiffany
resources.assets	8577	MonoBehaviour	outfits[4].outfitName	Blue Wave
resources.assets	8577	MonoBehaviour	outfits[5].outfitName	Cloud Nine
resources.assets	8577	MonoBehaviour	outfits[6].outfitName	Naughty List
resources.assets	8577	MonoBehaviour	outfits[7].outfitName	Sweet Angel
resources.assets	8577	MonoBehaviour	outfits[8].outfitName	Sinful Devil
resources.assets	8577	MonoBehaviour	outfits[9].outfitName	Wrapped Up
resources.assets	8577	MonoBehaviour	specialParts[0].specialPartName	Earrings
resources.assets	8577	MonoBehaviour	herQuestions[0].answers[0].answerText	If it'll make you happy, then sure, why not? It can't hurt.
resources.assets	8577	MonoBehaviour	herQuestions[0].answers[1].answerText	Jessie, you're already so pretty. You don't need a face lift.
resources.assets	8577	MonoBehaviour	herQuestions[0].answers[2].answerText	Don't do it! Women with work done look creepy. You can always tell.
resources.assets	8577	MonoBehaviour	herQuestions[1].answers[0].answerText	Forty. If you ask me, women age like a fine wine.
resources.assets	8577	MonoBehaviour	herQuestions[1].answers[1].answerText	Twenty. I like my girls fresh, tight and naive!
resources.assets	8577	MonoBehaviour	herQuestions[1].answers[2].answerText	Thirty. I prefer ladies with a bit of experience.
resources.assets	8577	MonoBehaviour	herQuestions[2].answers[0].answerText	For the right woman, I'd be willing to overlook the age gap.
resources.assets	8577	MonoBehaviour	herQuestions[2].answers[1].answerText	Of course! I'd marry her even if she was THIRTY years older than me.
resources.assets	8577	MonoBehaviour	herQuestions[2].answers[2].answerText	I think marriages tend to work better if both partners are closer in age.
resources.assets	8577	MonoBehaviour	herQuestions[3].answers[0].answerText	Secretly, I hope you don't. It's kinda sexy when you smoke.
resources.assets	8577	MonoBehaviour	herQuestions[3].answers[1].answerText	That's your call to make. I'll support you no matter what you decide.
resources.assets	8577	MonoBehaviour	herQuestions[3].answers[2].answerText	You probably should. It's very bad for your health and it's never too late to quit!
resources.assets	8577	MonoBehaviour	herQuestions[4].answers[0].answerText	Not having to think about sex every waking moment of my fucking life.
resources.assets	8577	MonoBehaviour	herQuestions[4].answers[1].answerText	It's better to focus on the future rather than dwell on the past.
resources.assets	8577	MonoBehaviour	herQuestions[4].answers[2].answerText	Being able to stay up for three days in a row playing video games.
resources.assets	8577	MonoBehaviour	herQuestions[5].answers[0].answerText	That's pretty fucked up. How could you say that about your own daughter?
resources.assets	8577	MonoBehaviour	herQuestions[5].answers[1].answerText	Kids do put your dreams on hold... and I'm sure it wasn't easy raising her alone...
resources.assets	8577	MonoBehaviour	herQuestions[5].answers[2].answerText	There's no point in thinking about that now. You can't go back and change the past.
resources.assets	8577	MonoBehaviour	herQuestions[6].answers[0].answerText	Maybe some day... I don't like to rush into anything too serious, you know?
resources.assets	8577	MonoBehaviour	herQuestions[6].answers[1].answerText	Uhhh... yeah, cool! I'd love to meet her some day... because, I've never met her before!
resources.assets	8577	MonoBehaviour	herQuestions[6].answers[2].answerText	God no! I mean... I'm sure she's lovely, but, trust me, that is NOT a good idea.
resources.assets	8577	MonoBehaviour	herQuestions[7].answers[0].answerText	I'm not proud of it, but, I did pay for sex once in a moment of weakness.
resources.assets	8577	MonoBehaviour	herQuestions[7].answers[1].answerText	Eww, no. Sorry, but I'm not letting my junk get anywhere near that mess.
resources.assets	8577	MonoBehaviour	herQuestions[7].answers[2].answerText	Are you kidding me? Hundreds of them! I call my apartment "Hooker Haven".
resources.assets	8577	MonoBehaviour	herQuestions[8].answers[0].answerText	I tried once but my mind went right back to sex.
resources.assets	8577	MonoBehaviour	herQuestions[8].answers[1].answerText	Ehhh, why ruin a perfectly good thing by complicating it with feelings?
resources.assets	8577	MonoBehaviour	herQuestions[8].answers[2].answerText	Well, since you asked... yes. I... I'm in love with you, Jessie.
resources.assets	8577	MonoBehaviour	herQuestions[9].answers[0].answerText	A lot, actually. I think about your tits pretty much every night before bed.
resources.assets	8577	MonoBehaviour	herQuestions[9].answers[1].answerText	I've spent almost every waking moment thinking about your beautiful smile.
resources.assets	8577	MonoBehaviour	herQuestions[9].answers[2].answerText	To be honest, I've been so busy I haven't even had time to miss people.
resources.assets	8577	MonoBehaviour	herQuestions[10].answers[0].answerText	I don't know, how about just like... slow, intimate love making?
resources.assets	8577	MonoBehaviour	herQuestions[10].answers[1].answerText	I know this is corny, but I'd like to take you out for ice cream sometime.
resources.assets	8577	MonoBehaviour	herQuestions[10].answers[2].answerText	Weird request... but I've always low key wanted you to eat my ass.
resources.assets	8577	MonoBehaviour	herQuestions[11].answers[0].answerText	I'd be lying if I said curiosity hasn't gotten the best of me...
resources.assets	8577	MonoBehaviour	herQuestions[11].answers[1].answerText	I'd rather not see you get fucked by a bunch of random dudes.
resources.assets	8577	MonoBehaviour	herQuestions[11].answers[1].answerTextAlt	I'd rather not see you get fucked by a bunch of random chicks.
resources.assets	8577	MonoBehaviour	herQuestions[11].answers[2].answerText	I ran home and downloaded every video I could find the second I found out you did porn.
resources.assets	8578	MonoBehaviour	girlName	Lillian
resources.assets	8578	MonoBehaviour	shoesAdj	a goth girl
resources.assets	8578	MonoBehaviour	uniqueAdj	an angsty teen
resources.assets	8578	MonoBehaviour	parts[0].partName	neutral
resources.assets	8578	MonoBehaviour	parts[1].partName	annoyed
resources.assets	8578	MonoBehaviour	parts[2].partName	disappointed
resources.assets	8578	MonoBehaviour	parts[3].partName	excited
resources.assets	8578	MonoBehaviour	parts[4].partName	confused
resources.assets	8578	MonoBehaviour	parts[5].partName	inquisitive
resources.assets	8578	MonoBehaviour	parts[6].partName	sarcastic
resources.assets	8578	MonoBehaviour	parts[7].partName	shy
resources.assets	8578	MonoBehaviour	parts[8].partName	horny
resources.assets	8578	MonoBehaviour	parts[9].partName	relaxing
resources.assets	8578	MonoBehaviour	parts[10].partName	activity
resources.assets	8578	MonoBehaviour	parts[11].partName	romantic
resources.assets	8578	MonoBehaviour	parts[12].partName	party
resources.assets	8578	MonoBehaviour	parts[13].partName	water
resources.assets	8578	MonoBehaviour	parts[14].partName	sexy
resources.assets	8578	MonoBehaviour	parts[15].partName	bonus1
resources.assets	8578	MonoBehaviour	parts[16].partName	bonus2
resources.assets	8578	MonoBehaviour	parts[17].partName	bonus3
resources.assets	8578	MonoBehaviour	parts[18].partName	bonus4
resources.assets	8578	MonoBehaviour	parts[19].partName	neutral
resources.assets	8578	MonoBehaviour	parts[20].partName	annoyed
resources.assets	8578	MonoBehaviour	parts[21].partName	disappointed
resources.assets	8578	MonoBehaviour	parts[22].partName	excited
resources.assets	8578	MonoBehaviour	parts[23].partName	confused
resources.assets	8578	MonoBehaviour	parts[24].partName	inquisitive
resources.assets	8578	MonoBehaviour	parts[25].partName	sarcastic
resources.assets	8578	MonoBehaviour	parts[26].partName	shy
resources.assets	8578	MonoBehaviour	parts[27].partName	horny
resources.assets	8578	MonoBehaviour	parts[28].partName	neutral
resources.assets	8578	MonoBehaviour	parts[29].partName	annoyed
resources.assets	8578	MonoBehaviour	parts[30].partName	horny
resources.assets	8578	MonoBehaviour	parts[31].partName	blink
resources.assets	8578	MonoBehaviour	parts[32].partName	blushlight
resources.assets	8578	MonoBehaviour	parts[33].partName	blushheavy
resources.assets	8578	MonoBehaviour	parts[34].partName	neutral
resources.assets	8578	MonoBehaviour	parts[35].partName	annoyed
resources.assets	8578	MonoBehaviour	parts[36].partName	disappointed
resources.assets	8578	MonoBehaviour	parts[37].partName	excited
resources.assets	8578	MonoBehaviour	parts[38].partName	confused
resources.assets	8578	MonoBehaviour	parts[39].partName	inquisitive
resources.assets	8578	MonoBehaviour	parts[40].partName	sarcastic
resources.assets	8578	MonoBehaviour	parts[41].partName	shy
resources.assets	8578	MonoBehaviour	parts[42].partName	horny
resources.assets	8578	MonoBehaviour	parts[43].partName	neutral
resources.assets	8578	MonoBehaviour	parts[44].partName	annoyed
resources.assets	8578	MonoBehaviour	parts[45].partName	disappointed
resources.assets	8578	MonoBehaviour	parts[46].partName	excited
resources.assets	8578	MonoBehaviour	parts[47].partName	confused
resources.assets	8578	MonoBehaviour	parts[48].partName	inquisitive
resources.assets	8578	MonoBehaviour	parts[49].partName	sarcastic
resources.assets	8578	MonoBehaviour	parts[50].partName	shy
resources.assets	8578	MonoBehaviour	parts[51].partName	horny
resources.assets	8578	MonoBehaviour	parts[52].partName	aeil
resources.assets	8578	MonoBehaviour	parts[53].partName	bmp
resources.assets	8578	MonoBehaviour	parts[54].partName	oquw
resources.assets	8578	MonoBehaviour	parts[55].partName	fv
resources.assets	8578	MonoBehaviour	parts[56].partName	other
resources.assets	8578	MonoBehaviour	parts[57].partName	aeil
resources.assets	8578	MonoBehaviour	parts[58].partName	bmp
resources.assets	8578	MonoBehaviour	parts[59].partName	oquw
resources.assets	8578	MonoBehaviour	parts[60].partName	fv
resources.assets	8578	MonoBehaviour	parts[61].partName	other
resources.assets	8578	MonoBehaviour	parts[62].partName	relaxing
resources.assets	8578	MonoBehaviour	parts[63].partName	activity
resources.assets	8578	MonoBehaviour	parts[64].partName	romantic
resources.assets	8578	MonoBehaviour	parts[65].partName	party
resources.assets	8578	MonoBehaviour	parts[66].partName	water
resources.assets	8578	MonoBehaviour	parts[67].partName	sexy
resources.assets	8578	MonoBehaviour	parts[68].partName	bonus1
resources.assets	8578	MonoBehaviour	parts[69].partName	bonus2
resources.assets	8578	MonoBehaviour	parts[70].partName	bonus3
resources.assets	8578	MonoBehaviour	parts[71].partName	bonus4
resources.assets	8578	MonoBehaviour	parts[72].partName	nipples
resources.assets	8578	MonoBehaviour	parts[73].partName	body
resources.assets	8578	MonoBehaviour	parts[74].partName	body~
resources.assets	8578	MonoBehaviour	parts[75].partName	relaxing
resources.assets	8578	MonoBehaviour	parts[76].partName	activity
resources.assets	8578	MonoBehaviour	parts[77].partName	party
resources.assets	8578	MonoBehaviour	parts[78].partName	water
resources.assets	8578	MonoBehaviour	parts[79].partName	bonus1
resources.assets	8578	MonoBehaviour	parts[80].partName	bonus2
resources.assets	8578	MonoBehaviour	parts[81].partName	bonus3
resources.assets	8578	MonoBehaviour	parts[82].partName	bonus4
resources.assets	8578	MonoBehaviour	hairstyles[0].hairstyleName	Panda Bare
resources.assets	8578	MonoBehaviour	hairstyles[1].hairstyleName	Mall Goth
resources.assets	8578	MonoBehaviour	hairstyles[2].hairstyleName	Pentagram
resources.assets	8578	MonoBehaviour	hairstyles[3].hairstyleName	Trapped Soul
resources.assets	8578	MonoBehaviour	hairstyles[4].hairstyleName	Bat Wings
resources.assets	8578	MonoBehaviour	hairstyles[5].hairstyleName	Vampiress
resources.assets	8578	MonoBehaviour	hairstyles[6].hairstyleName	Candy Corn
resources.assets	8578	MonoBehaviour	hairstyles[7].hairstyleName	Dark Queen
resources.assets	8578	MonoBehaviour	hairstyles[8].hairstyleName	Sweet Dreams
resources.assets	8578	MonoBehaviour	hairstyles[9].hairstyleName	Mega Bitch
resources.assets	8578	MonoBehaviour	outfits[0].outfitName	Panda Bare
resources.assets	8578	MonoBehaviour	outfits[1].outfitName	Mall Goth
resources.assets	8578	MonoBehaviour	outfits[2].outfitName	Pentagram
resources.assets	8578	MonoBehaviour	outfits[3].outfitName	Trapped Soul
resources.assets	8578	MonoBehaviour	outfits[4].outfitName	Bat Wings
resources.assets	8578	MonoBehaviour	outfits[5].outfitName	Vampiress
resources.assets	8578	MonoBehaviour	outfits[6].outfitName	Candy Corn
resources.assets	8578	MonoBehaviour	outfits[7].outfitName	Dark Queen
resources.assets	8578	MonoBehaviour	outfits[8].outfitName	Sweet Dreams
resources.assets	8578	MonoBehaviour	outfits[9].outfitName	Mega Bitch
resources.assets	8578	MonoBehaviour	herQuestions[0].answers[0].answerText	Laying in my room staring up at the ceiling.
resources.assets	8578	MonoBehaviour	herQuestions[0].answers[1].answerText	Running around town trying to find new girls to meet.
resources.assets	8578	MonoBehaviour	herQuestions[0].answers[2].answerText	In the magical fantasy world of my favorite MMORPG.
resources.assets	8578	MonoBehaviour	herQuestions[1].answers[0].answerText	Just one... but I'm not telling you where.
resources.assets	8578	MonoBehaviour	herQuestions[1].answers[1].answerText	Yeah, a few, but they aren't nearly as cool as yours.
resources.assets	8578	MonoBehaviour	herQuestions[1].answers[2].answerText	No, I just can't see myself with a piercing...
resources.assets	8578	MonoBehaviour	herQuestions[2].answers[0].answerText	A big butterfly on your lower back.
resources.assets	8578	MonoBehaviour	herQuestions[2].answers[1].answerText	A long snake going down your arm.
resources.assets	8578	MonoBehaviour	herQuestions[2].answers[2].answerText	A spooky poem on your ankle.
resources.assets	8578	MonoBehaviour	herQuestions[3].answers[0].answerText	I'm not sure, maybe a few thousand?
resources.assets	8578	MonoBehaviour	herQuestions[3].answers[1].answerText	I just broke seven figures last week.
resources.assets	8578	MonoBehaviour	herQuestions[3].answers[2].answerText	What the fuck is QuickiePic?
resources.assets	8578	MonoBehaviour	herQuestions[4].answers[0].answerText	Wrath, because I don't take shit from anyone.
resources.assets	8578	MonoBehaviour	herQuestions[4].answers[1].answerText	Lust. I mean, this is ME we're talking about.
resources.assets	8578	MonoBehaviour	herQuestions[4].answers[2].answerText	Pride. After all, I am supremely perfect.
resources.assets	8578	MonoBehaviour	herQuestions[5].answers[0].answerText	Sure, why not? What do I care?
resources.assets	8578	MonoBehaviour	herQuestions[5].answers[1].answerText	I'd do anything for a cutie like you.
resources.assets	8578	MonoBehaviour	herQuestions[5].answers[2].answerText	Excuse me, but that would be highly illegal.
resources.assets	8578	MonoBehaviour	herQuestions[6].answers[0].answerText	Are you allowed to haunt people you don't like?
resources.assets	8578	MonoBehaviour	herQuestions[6].answers[1].answerText	Do you get to keep your junk as a ghost?
resources.assets	8578	MonoBehaviour	herQuestions[6].answers[2].answerText	What are your biggest regrets from life?
resources.assets	8578	MonoBehaviour	herQuestions[7].answers[0].answerText	Being suffocated by a girl sitting on my face.
resources.assets	8578	MonoBehaviour	herQuestions[7].answers[1].answerText	Peacefully, in my sleep, at a very old age.
resources.assets	8578	MonoBehaviour	herQuestions[7].answers[2].answerText	Something insane like a helicopter explosion.
resources.assets	8578	MonoBehaviour	herQuestions[8].answers[0].answerText	I always say... if you can't find someTHING to do, find someONE to do.
resources.assets	8578	MonoBehaviour	herQuestions[8].answers[1].answerText	You could always watch a movie or some television.
resources.assets	8578	MonoBehaviour	herQuestions[8].answers[2].answerText	Why not go outside for a nice leisurely stroll?
resources.assets	8578	MonoBehaviour	herQuestions[9].answers[0].answerText	Recently? An airplane bathroom.
resources.assets	8578	MonoBehaviour	herQuestions[9].answers[1].answerText	Uhhhh... I once had sex in a graveyard, at night!
resources.assets	8578	MonoBehaviour	herQuestions[9].answers[2].answerText	Fucked up? I don't know... does my bed count?
resources.assets	8578	MonoBehaviour	herQuestions[10].answers[0].answerText	Vampire, duh! Who doesn't want to be a vampire?
resources.assets	8578	MonoBehaviour	herQuestions[10].answers[1].answerText	Definitely a ghost. The things you could see...
resources.assets	8578	MonoBehaviour	herQuestions[10].answers[2].answerText	Is it even a question? Werewolf, hands down.
resources.assets	8578	MonoBehaviour	herQuestions[11].answers[0].answerText	A horrific dream I had where death was chasing me.
resources.assets	8578	MonoBehaviour	herQuestions[11].answers[1].answerText	When I saw strange bumps on my junk. Turns out it was nothing.
resources.assets	8578	MonoBehaviour	herQuestions[11].answers[2].answerText	My very first time on a roller coaster.
resources.assets	8579	MonoBehaviour	girlName	Zoey
resources.assets	8579	MonoBehaviour	shoesAdj	a cyber chick
resources.assets	8579	MonoBehaviour	uniqueAdj	a real weirdo
resources.assets	8579	MonoBehaviour	parts[0].partName	neutral
resources.assets	8579	MonoBehaviour	parts[1].partName	annoyed
resources.assets	8579	MonoBehaviour	parts[2].partName	disappointed
resources.assets	8579	MonoBehaviour	parts[3].partName	excited
resources.assets	8579	MonoBehaviour	parts[4].partName	confused
resources.assets	8579	MonoBehaviour	parts[5].partName	inquisitive
resources.assets	8579	MonoBehaviour	parts[6].partName	sarcastic
resources.assets	8579	MonoBehaviour	parts[7].partName	shy
resources.assets	8579	MonoBehaviour	parts[8].partName	horny
resources.assets	8579	MonoBehaviour	parts[9].partName	relaxing
resources.assets	8579	MonoBehaviour	parts[10].partName	activity
resources.assets	8579	MonoBehaviour	parts[11].partName	romantic
resources.assets	8579	MonoBehaviour	parts[12].partName	party
resources.assets	8579	MonoBehaviour	parts[13].partName	water
resources.assets	8579	MonoBehaviour	parts[14].partName	sexy
resources.assets	8579	MonoBehaviour	parts[15].partName	bonus1
resources.assets	8579	MonoBehaviour	parts[16].partName	bonus2
resources.assets	8579	MonoBehaviour	parts[17].partName	bonus3
resources.assets	8579	MonoBehaviour	parts[18].partName	bonus4
resources.assets	8579	MonoBehaviour	parts[19].partName	neutral
resources.assets	8579	MonoBehaviour	parts[20].partName	neutral~
resources.assets	8579	MonoBehaviour	parts[21].partName	annoyed
resources.assets	8579	MonoBehaviour	parts[22].partName	annoyed~
resources.assets	8579	MonoBehaviour	parts[23].partName	disappointed
resources.assets	8579	MonoBehaviour	parts[24].partName	disappointed~
resources.assets	8579	MonoBehaviour	parts[25].partName	excited
resources.assets	8579	MonoBehaviour	parts[26].partName	excited~
resources.assets	8579	MonoBehaviour	parts[27].partName	confused
resources.assets	8579	MonoBehaviour	parts[28].partName	confused~
resources.assets	8579	MonoBehaviour	parts[29].partName	inquisitive
resources.assets	8579	MonoBehaviour	parts[30].partName	inquisitive~
resources.assets	8579	MonoBehaviour	parts[31].partName	sarcastic
resources.assets	8579	MonoBehaviour	parts[32].partName	sarcastic~
resources.assets	8579	MonoBehaviour	parts[33].partName	shy
resources.assets	8579	MonoBehaviour	parts[34].partName	shy~
resources.assets	8579	MonoBehaviour	parts[35].partName	horny
resources.assets	8579	MonoBehaviour	parts[36].partName	horny~
resources.assets	8579	MonoBehaviour	parts[37].partName	neutral
resources.assets	8579	MonoBehaviour	parts[38].partName	annoyed
resources.assets	8579	MonoBehaviour	parts[39].partName	horny
resources.assets	8579	MonoBehaviour	parts[40].partName	blink
resources.assets	8579	MonoBehaviour	parts[41].partName	blushlight
resources.assets	8579	MonoBehaviour	parts[42].partName	blushheavy
resources.assets	8579	MonoBehaviour	parts[43].partName	neutral
resources.assets	8579	MonoBehaviour	parts[44].partName	annoyed
resources.assets	8579	MonoBehaviour	parts[45].partName	disappointed
resources.assets	8579	MonoBehaviour	parts[46].partName	excited
resources.assets	8579	MonoBehaviour	parts[47].partName	confused
resources.assets	8579	MonoBehaviour	parts[48].partName	inquisitive
resources.assets	8579	MonoBehaviour	parts[49].partName	sarcastic
resources.assets	8579	MonoBehaviour	parts[50].partName	shy
resources.assets	8579	MonoBehaviour	parts[51].partName	horny
resources.assets	8579	MonoBehaviour	parts[52].partName	neutral
resources.assets	8579	MonoBehaviour	parts[53].partName	annoyed
resources.assets	8579	MonoBehaviour	parts[54].partName	disappointed
resources.assets	8579	MonoBehaviour	parts[55].partName	excited
resources.assets	8579	MonoBehaviour	parts[56].partName	confused
resources.assets	8579	MonoBehaviour	parts[57].partName	inquisitive
resources.assets	8579	MonoBehaviour	parts[58].partName	sarcastic
resources.assets	8579	MonoBehaviour	parts[59].partName	shy
resources.assets	8579	MonoBehaviour	parts[60].partName	horny
resources.assets	8579	MonoBehaviour	parts[61].partName	aeil
resources.assets	8579	MonoBehaviour	parts[62].partName	bmp
resources.assets	8579	MonoBehaviour	parts[63].partName	oquw
resources.assets	8579	MonoBehaviour	parts[64].partName	fv
resources.assets	8579	MonoBehaviour	parts[65].partName	other
resources.assets	8579	MonoBehaviour	parts[66].partName	aeil
resources.assets	8579	MonoBehaviour	parts[67].partName	bmp
resources.assets	8579	MonoBehaviour	parts[68].partName	oquw
resources.assets	8579	MonoBehaviour	parts[69].partName	fv
resources.assets	8579	MonoBehaviour	parts[70].partName	other
resources.assets	8579	MonoBehaviour	parts[71].partName	relaxing
resources.assets	8579	MonoBehaviour	parts[72].partName	activity
resources.assets	8579	MonoBehaviour	parts[73].partName	romantic
resources.assets	8579	MonoBehaviour	parts[74].partName	party
resources.assets	8579	MonoBehaviour	parts[75].partName	water
resources.assets	8579	MonoBehaviour	parts[76].partName	sexy
resources.assets	8579	MonoBehaviour	parts[77].partName	bonus1
resources.assets	8579	MonoBehaviour	parts[78].partName	bonus2
resources.assets	8579	MonoBehaviour	parts[79].partName	bonus3
resources.assets	8579	MonoBehaviour	parts[80].partName	bonus4
resources.assets	8579	MonoBehaviour	parts[81].partName	nipples
resources.assets	8579	MonoBehaviour	parts[82].partName	body
resources.assets	8579	MonoBehaviour	parts[83].partName	relaxing
resources.assets	8579	MonoBehaviour	parts[84].partName	activity
resources.assets	8579	MonoBehaviour	parts[85].partName	romantic
resources.assets	8579	MonoBehaviour	parts[86].partName	party
resources.assets	8579	MonoBehaviour	parts[87].partName	water
resources.assets	8579	MonoBehaviour	parts[88].partName	sexy
resources.assets	8579	MonoBehaviour	parts[89].partName	bonus1
resources.assets	8579	MonoBehaviour	parts[90].partName	bonus3
resources.assets	8579	MonoBehaviour	parts[91].partName	bonus4
resources.assets	8579	MonoBehaviour	hairstyles[0].hairstyleName	Citrus Acid
resources.assets	8579	MonoBehaviour	hairstyles[1].hairstyleName	Toxicity
resources.assets	8579	MonoBehaviour	hairstyles[2].hairstyleName	Sacrilege
resources.assets	8579	MonoBehaviour	hairstyles[3].hairstyleName	Sugar High
resources.assets	8579	MonoBehaviour	hairstyles[4].hairstyleName	Cheetah
resources.assets	8579	MonoBehaviour	hairstyles[5].hairstyleName	Dreamsicle
resources.assets	8579	MonoBehaviour	hairstyles[6].hairstyleName	Scarehoe
resources.assets	8579	MonoBehaviour	hairstyles[7].hairstyleName	Cyber Slave
resources.assets	8579	MonoBehaviour	hairstyles[8].hairstyleName	Gamer Girl
resources.assets	8579	MonoBehaviour	hairstyles[9].hairstyleName	Luvendass
resources.assets	8579	MonoBehaviour	outfits[0].outfitName	Citrus Acid
resources.assets	8579	MonoBehaviour	outfits[1].outfitName	Toxicity
resources.assets	8579	MonoBehaviour	outfits[2].outfitName	Sacrilege
resources.assets	8579	MonoBehaviour	outfits[3].outfitName	Sugar High
resources.assets	8579	MonoBehaviour	outfits[4].outfitName	Cheetah
resources.assets	8579	MonoBehaviour	outfits[5].outfitName	Dreamsicle
resources.assets	8579	MonoBehaviour	outfits[6].outfitName	Scarehoe
resources.assets	8579	MonoBehaviour	outfits[7].outfitName	Cyber Slave
resources.assets	8579	MonoBehaviour	outfits[8].outfitName	Gamer Girl
resources.assets	8579	MonoBehaviour	outfits[9].outfitName	Luvendass
resources.assets	8579	MonoBehaviour	herQuestions[0].answers[0].answerText	The person who immediately comes to mind is Lola.
resources.assets	8579	MonoBehaviour	herQuestions[0].answers[1].answerText	Based on that description, I'd go with... Brooke?
resources.assets	8579	MonoBehaviour	herQuestions[0].answers[2].answerText	That's a tough one, but I think you're talking about Polly.
resources.assets	8579	MonoBehaviour	herQuestions[1].answers[0].answerText	As soon as you started saying that I thought, this has to be Jessie.
resources.assets	8579	MonoBehaviour	herQuestions[1].answers[1].answerText	That sounds a lot like it might be Nora.
resources.assets	8579	MonoBehaviour	herQuestions[1].answers[2].answerText	Based on that description, I'd go with... Brooke?
resources.assets	8579	MonoBehaviour	herQuestions[2].answers[0].answerText	You know who you're probably thinking about? Lillian.
resources.assets	8579	MonoBehaviour	herQuestions[2].answers[1].answerText	That sounds a lot like it might be Nora.
resources.assets	8579	MonoBehaviour	herQuestions[2].answers[2].answerText	That's definitely Abia, without a doubt.
resources.assets	8579	MonoBehaviour	herQuestions[3].answers[0].answerText	I think I'm gonna have to go with Suki on that one.
resources.assets	8579	MonoBehaviour	herQuestions[3].answers[1].answerText	I'm thinking that's probably Candace.
resources.assets	8579	MonoBehaviour	herQuestions[3].answers[2].answerText	If that doesn't describe Ashley, I don't know what does.
resources.assets	8579	MonoBehaviour	herQuestions[4].answers[0].answerText	If I had to guess, I'd say... I don't know, Lailani?
resources.assets	8579	MonoBehaviour	herQuestions[4].answers[1].answerText	You know who you're probably thinking about? Lillian.
resources.assets	8579	MonoBehaviour	herQuestions[4].answers[2].answerText	That's definitely Abia, without a doubt.
resources.assets	8579	MonoBehaviour	herQuestions[5].answers[0].answerText	I'm thinking that's probably Candace.
resources.assets	8579	MonoBehaviour	herQuestions[5].answers[1].answerText	I think I'm gonna have to go with Suki on that one.
resources.assets	8579	MonoBehaviour	herQuestions[5].answers[2].answerText	If I had to guess, I'd say... I don't know, Lailani?
resources.assets	8579	MonoBehaviour	herQuestions[6].answers[0].answerText	That sounds a lot like it might be Nora.
resources.assets	8579	MonoBehaviour	herQuestions[6].answers[1].answerText	As soon as you started saying that I thought, this has to be Jessie.
resources.assets	8579	MonoBehaviour	herQuestions[6].answers[2].answerText	You know who you're probably thinking about? Lillian.
resources.assets	8579	MonoBehaviour	herQuestions[7].answers[0].answerText	Based on that description, I'd go with... Brooke?
resources.assets	8579	MonoBehaviour	herQuestions[7].answers[1].answerText	The person who immediately comes to mind is Lola.
resources.assets	8579	MonoBehaviour	herQuestions[7].answers[2].answerText	That's a tough one, but I think you're talking about Polly.
resources.assets	8579	MonoBehaviour	herQuestions[8].answers[0].answerText	If that doesn't describe Ashley, I don't know what does.
resources.assets	8579	MonoBehaviour	herQuestions[8].answers[1].answerText	The person who immediately comes to mind is Lola.
resources.assets	8579	MonoBehaviour	herQuestions[8].answers[2].answerText	Based on that description, I'd go with... Brooke?
resources.assets	8579	MonoBehaviour	herQuestions[9].answers[0].answerText	That's definitely Abia, without a doubt.
resources.assets	8579	MonoBehaviour	herQuestions[9].answers[1].answerText	As soon as you started saying that I thought, this has to be Jessie.
resources.assets	8579	MonoBehaviour	herQuestions[9].answers[2].answerText	If that doesn't describe Ashley, I don't know what does.
resources.assets	8579	MonoBehaviour	herQuestions[10].answers[0].answerText	That's a tough one, but I think you're talking about Polly.
resources.assets	8579	MonoBehaviour	herQuestions[10].answers[1].answerText	I think I'm gonna have to go with Suki on that one.
resources.assets	8579	MonoBehaviour	herQuestions[10].answers[2].answerText	That sounds a lot like it might be Nora.
resources.assets	8580	MonoBehaviour	girlName	Sarah
resources.assets	8580	MonoBehaviour	shoesAdj	a japanophile
resources.assets	8580	MonoBehaviour	uniqueAdj	a smelly weeb
resources.assets	8580	MonoBehaviour	parts[0].partName	neutral
resources.assets	8580	MonoBehaviour	parts[1].partName	annoyed
resources.assets	8580	MonoBehaviour	parts[2].partName	disappointed
resources.assets	8580	MonoBehaviour	parts[3].partName	excited
resources.assets	8580	MonoBehaviour	parts[4].partName	confused
resources.assets	8580	MonoBehaviour	parts[5].partName	inquisitive
resources.assets	8580	MonoBehaviour	parts[6].partName	sarcastic
resources.assets	8580	MonoBehaviour	parts[7].partName	shy
resources.assets	8580	MonoBehaviour	parts[8].partName	horny
resources.assets	8580	MonoBehaviour	parts[9].partName	relaxing
resources.assets	8580	MonoBehaviour	parts[10].partName	activity
resources.assets	8580	MonoBehaviour	parts[11].partName	romantic
resources.assets	8580	MonoBehaviour	parts[12].partName	party
resources.assets	8580	MonoBehaviour	parts[13].partName	water
resources.assets	8580	MonoBehaviour	parts[14].partName	sexy
resources.assets	8580	MonoBehaviour	parts[15].partName	bonus1
resources.assets	8580	MonoBehaviour	parts[16].partName	bonus2
resources.assets	8580	MonoBehaviour	parts[17].partName	bonus3
resources.assets	8580	MonoBehaviour	parts[18].partName	bonus4
resources.assets	8580	MonoBehaviour	parts[19].partName	neutral
resources.assets	8580	MonoBehaviour	parts[20].partName	annoyed
resources.assets	8580	MonoBehaviour	parts[21].partName	disappointed
resources.assets	8580	MonoBehaviour	parts[22].partName	excited
resources.assets	8580	MonoBehaviour	parts[23].partName	confused
resources.assets	8580	MonoBehaviour	parts[24].partName	inquisitive
resources.assets	8580	MonoBehaviour	parts[25].partName	sarcastic
resources.assets	8580	MonoBehaviour	parts[26].partName	shy
resources.assets	8580	MonoBehaviour	parts[27].partName	horny
resources.assets	8580	MonoBehaviour	parts[28].partName	neutral
resources.assets	8580	MonoBehaviour	parts[29].partName	annoyed
resources.assets	8580	MonoBehaviour	parts[30].partName	horny
resources.assets	8580	MonoBehaviour	parts[31].partName	blink
resources.assets	8580	MonoBehaviour	parts[32].partName	blushlight
resources.assets	8580	MonoBehaviour	parts[33].partName	blushheavy
resources.assets	8580	MonoBehaviour	parts[34].partName	neutral
resources.assets	8580	MonoBehaviour	parts[35].partName	annoyed
resources.assets	8580	MonoBehaviour	parts[36].partName	disappointed
resources.assets	8580	MonoBehaviour	parts[37].partName	excited
resources.assets	8580	MonoBehaviour	parts[38].partName	confused
resources.assets	8580	MonoBehaviour	parts[39].partName	inquisitive
resources.assets	8580	MonoBehaviour	parts[40].partName	sarcastic
resources.assets	8580	MonoBehaviour	parts[41].partName	shy
resources.assets	8580	MonoBehaviour	parts[42].partName	horny
resources.assets	8580	MonoBehaviour	parts[43].partName	neutral
resources.assets	8580	MonoBehaviour	parts[44].partName	annoyed
resources.assets	8580	MonoBehaviour	parts[45].partName	disappointed
resources.assets	8580	MonoBehaviour	parts[46].partName	excited
resources.assets	8580	MonoBehaviour	parts[47].partName	confused
resources.assets	8580	MonoBehaviour	parts[48].partName	inquisitive
resources.assets	8580	MonoBehaviour	parts[49].partName	sarcastic
resources.assets	8580	MonoBehaviour	parts[50].partName	shy
resources.assets	8580	MonoBehaviour	parts[51].partName	horny
resources.assets	8580	MonoBehaviour	parts[52].partName	aeil
resources.assets	8580	MonoBehaviour	parts[53].partName	bmp
resources.assets	8580	MonoBehaviour	parts[54].partName	oquw
resources.assets	8580	MonoBehaviour	parts[55].partName	fv
resources.assets	8580	MonoBehaviour	parts[56].partName	other
resources.assets	8580	MonoBehaviour	parts[57].partName	aeil
resources.assets	8580	MonoBehaviour	parts[58].partName	bmp
resources.assets	8580	MonoBehaviour	parts[59].partName	oquw
resources.assets	8580	MonoBehaviour	parts[60].partName	fv
resources.assets	8580	MonoBehaviour	parts[61].partName	other
resources.assets	8580	MonoBehaviour	parts[62].partName	relaxing
resources.assets	8580	MonoBehaviour	parts[63].partName	activity
resources.assets	8580	MonoBehaviour	parts[64].partName	romantic
resources.assets	8580	MonoBehaviour	parts[65].partName	party
resources.assets	8580	MonoBehaviour	parts[66].partName	water
resources.assets	8580	MonoBehaviour	parts[67].partName	sexy
resources.assets	8580	MonoBehaviour	parts[68].partName	bonus1
resources.assets	8580	MonoBehaviour	parts[69].partName	bonus2
resources.assets	8580	MonoBehaviour	parts[70].partName	bonus3
resources.assets	8580	MonoBehaviour	parts[71].partName	bonus4
resources.assets	8580	MonoBehaviour	parts[72].partName	nipples
resources.assets	8580	MonoBehaviour	parts[73].partName	body
resources.assets	8580	MonoBehaviour	parts[74].partName	relaxing
resources.assets	8580	MonoBehaviour	parts[75].partName	activity
resources.assets	8580	MonoBehaviour	parts[76].partName	water
resources.assets	8580	MonoBehaviour	parts[77].partName	sexy
resources.assets	8580	MonoBehaviour	parts[78].partName	bonus2
resources.assets	8580	MonoBehaviour	parts[79].partName	bonus3
resources.assets	8580	MonoBehaviour	parts[80].partName	bonus4
resources.assets	8580	MonoBehaviour	hairstyles[0].hairstyleName	Kimonochi
resources.assets	8580	MonoBehaviour	hairstyles[1].hairstyleName	Ganguro
resources.assets	8580	MonoBehaviour	hairstyles[2].hairstyleName	Over All
resources.assets	8580	MonoBehaviour	hairstyles[3].hairstyleName	Sailor
resources.assets	8580	MonoBehaviour	hairstyles[4].hairstyleName	Bubble Bath
resources.assets	8580	MonoBehaviour	hairstyles[5].hairstyleName	Kitty Kat
resources.assets	8580	MonoBehaviour	hairstyles[6].hairstyleName	Cow Girl
resources.assets	8580	MonoBehaviour	hairstyles[7].hairstyleName	Panda Hoodie
resources.assets	8580	MonoBehaviour	hairstyles[8].hairstyleName	Turbo Skank
resources.assets	8580	MonoBehaviour	hairstyles[9].hairstyleName	Healing Touch
resources.assets	8580	MonoBehaviour	outfits[0].outfitName	Kimonochi
resources.assets	8580	MonoBehaviour	outfits[1].outfitName	Ganguro
resources.assets	8580	MonoBehaviour	outfits[2].outfitName	Over All
resources.assets	8580	MonoBehaviour	outfits[3].outfitName	Sailor
resources.assets	8580	MonoBehaviour	outfits[4].outfitName	Bubble Bath
resources.assets	8580	MonoBehaviour	outfits[5].outfitName	Kitty Kat
resources.assets	8580	MonoBehaviour	outfits[6].outfitName	Cow Girl
resources.assets	8580	MonoBehaviour	outfits[7].outfitName	Panda Hoodie
resources.assets	8580	MonoBehaviour	outfits[8].outfitName	Turbo Skank
resources.assets	8580	MonoBehaviour	outfits[9].outfitName	Healing Touch
resources.assets	8580	MonoBehaviour	herQuestions[0].answers[0].answerText	Action anime where they battle for the fate of the world.
resources.assets	8580	MonoBehaviour	herQuestions[0].answers[1].answerText	I prefer dark and serious anime with a horrific twist.
resources.assets	8580	MonoBehaviour	herQuestions[0].answers[2].answerText	I only watch anime with a harem of cute magical girls.
resources.assets	8580	MonoBehaviour	herQuestions[1].answers[0].answerText	I'd have to go with the anime. Most of the time, anyway.
resources.assets	8580	MonoBehaviour	herQuestions[1].answers[1].answerText	The manga, for sure. The source material is always best.
resources.assets	8580	MonoBehaviour	herQuestions[1].answers[2].answerText	The live action movie, because it usually has the biggest budget.
resources.assets	8580	MonoBehaviour	herQuestions[2].answers[0].answerText	I like the cute games where you get to decorate your house.
resources.assets	8580	MonoBehaviour	herQuestions[2].answers[1].answerText	I mostly just play first person shooters with my friends.
resources.assets	8580	MonoBehaviour	herQuestions[2].answers[2].answerText	Epic adventure games where you travel across a big open world.
resources.assets	8580	MonoBehaviour	herQuestions[3].answers[0].answerText	I'm usually a wizard of some kind. I just like magic.
resources.assets	8580	MonoBehaviour	herQuestions[3].answers[1].answerText	I'm all about the warrior class. It's the most fun way to play.
resources.assets	8580	MonoBehaviour	herQuestions[3].answers[2].answerText	I prefer an archer, so I can keep my distance from enemies.
resources.assets	8580	MonoBehaviour	herQuestions[4].answers[0].answerText	I like the virgin girl with the shy personality.
resources.assets	8580	MonoBehaviour	herQuestions[4].answers[1].answerText	I'm a sucker for abuse so I go for the tsundere girl.
resources.assets	8580	MonoBehaviour	herQuestions[4].answers[2].answerText	I go straight for the chick with the biggest rack.
resources.assets	8580	MonoBehaviour	herQuestions[5].answers[0].answerText	I wait until the series is done and then binge watch the whole thing.
resources.assets	8580	MonoBehaviour	herQuestions[5].answers[1].answerText	I watch each episode as they come out so I can savor every minute.
resources.assets	8580	MonoBehaviour	herQuestions[5].answers[2].answerText	I can't really afford the time to watch an entire television series.
resources.assets	8580	MonoBehaviour	herQuestions[6].answers[0].answerText	I want the ability to shoot lasers out of my eyes.
resources.assets	8580	MonoBehaviour	herQuestions[6].answers[1].answerText	Do you even have to ask? Super strength, so I could be super swole.
resources.assets	8580	MonoBehaviour	herQuestions[6].answers[2].answerText	You'd have to be insane not to pick the power of flight.
resources.assets	8580	MonoBehaviour	herQuestions[7].answers[0].answerText	Go into the city and spend all your money on stupid stuff.
resources.assets	8580	MonoBehaviour	herQuestions[7].answers[1].answerText	Check out the ancient temples and shrines deep within the woods.
resources.assets	8580	MonoBehaviour	herQuestions[7].answers[2].answerText	You have to take a ride on one of the super fast bullet trains.
resources.assets	8580	MonoBehaviour	herQuestions[8].answers[0].answerText	I kinda like the yellow. I say leave them as they are.
resources.assets	8580	MonoBehaviour	herQuestions[8].answers[1].answerText	Why not make them pink? It's the cutest of all the colors.
resources.assets	8580	MonoBehaviour	herQuestions[8].answers[2].answerText	I say go with purple, because it matches your eyes.
resources.assets	8580	MonoBehaviour	herQuestions[9].answers[0].answerText	Sometimes we get together to play board games and stuff.
resources.assets	8580	MonoBehaviour	herQuestions[9].answers[1].answerText	We just shoot the shit over a round of drinks.
resources.assets	8580	MonoBehaviour	herQuestions[9].answers[2].answerText	The only friends I have are of the "with benefits" variety.
resources.assets	8580	MonoBehaviour	herQuestions[10].answers[0].answerText	A little chub can be cute, but there's a limit...
resources.assets	8580	MonoBehaviour	herQuestions[10].answers[1].answerText	The bigger the better, I always say!
resources.assets	8580	MonoBehaviour	herQuestions[10].answers[2].answerText	I tend to think girls are prettiest when they are thin.
resources.assets	8580	MonoBehaviour	herQuestions[11].answers[0].answerText	Oh yeah, are you kidding? My mouth is a train wreck.
resources.assets	8580	MonoBehaviour	herQuestions[11].answers[1].answerText	I might have one or two. I've been meaning to see a dentist.
resources.assets	8580	MonoBehaviour	herQuestions[11].answers[2].answerText	No cavities here! My teeth are perfectly healthy.
resources.assets	8581	MonoBehaviour	girlName	Lailani
resources.assets	8581	MonoBehaviour	shoesAdj	an innocent girl
resources.assets	8581	MonoBehaviour	uniqueAdj	a masseuse
resources.assets	8581	MonoBehaviour	parts[0].partName	neutral
resources.assets	8581	MonoBehaviour	parts[1].partName	annoyed
resources.assets	8581	MonoBehaviour	parts[2].partName	disappointed
resources.assets	8581	MonoBehaviour	parts[3].partName	excited
resources.assets	8581	MonoBehaviour	parts[4].partName	confused
resources.assets	8581	MonoBehaviour	parts[5].partName	inquisitive
resources.assets	8581	MonoBehaviour	parts[6].partName	sarcastic
resources.assets	8581	MonoBehaviour	parts[7].partName	shy
resources.assets	8581	MonoBehaviour	parts[8].partName	horny
resources.assets	8581	MonoBehaviour	parts[9].partName	relaxing
resources.assets	8581	MonoBehaviour	parts[10].partName	activity
resources.assets	8581	MonoBehaviour	parts[11].partName	romantic
resources.assets	8581	MonoBehaviour	parts[12].partName	party
resources.assets	8581	MonoBehaviour	parts[13].partName	water
resources.assets	8581	MonoBehaviour	parts[14].partName	sexy
resources.assets	8581	MonoBehaviour	parts[15].partName	bonus1
resources.assets	8581	MonoBehaviour	parts[16].partName	bonus2
resources.assets	8581	MonoBehaviour	parts[17].partName	bonus3
resources.assets	8581	MonoBehaviour	parts[18].partName	bonus4
resources.assets	8581	MonoBehaviour	parts[19].partName	neutral
resources.assets	8581	MonoBehaviour	parts[20].partName	annoyed
resources.assets	8581	MonoBehaviour	parts[21].partName	disappointed
resources.assets	8581	MonoBehaviour	parts[22].partName	excited
resources.assets	8581	MonoBehaviour	parts[23].partName	confused
resources.assets	8581	MonoBehaviour	parts[24].partName	inquisitive
resources.assets	8581	MonoBehaviour	parts[25].partName	sarcastic
resources.assets	8581	MonoBehaviour	parts[26].partName	shy
resources.assets	8581	MonoBehaviour	parts[27].partName	horny
resources.assets	8581	MonoBehaviour	parts[28].partName	neutral
resources.assets	8581	MonoBehaviour	parts[29].partName	annoyed
resources.assets	8581	MonoBehaviour	parts[30].partName	horny
resources.assets	8581	MonoBehaviour	parts[31].partName	blink
resources.assets	8581	MonoBehaviour	parts[32].partName	blushlight
resources.assets	8581	MonoBehaviour	parts[33].partName	blushheavy
resources.assets	8581	MonoBehaviour	parts[34].partName	neutral
resources.assets	8581	MonoBehaviour	parts[35].partName	annoyed
resources.assets	8581	MonoBehaviour	parts[36].partName	disappointed
resources.assets	8581	MonoBehaviour	parts[37].partName	excited
resources.assets	8581	MonoBehaviour	parts[38].partName	confused
resources.assets	8581	MonoBehaviour	parts[39].partName	inquisitive
resources.assets	8581	MonoBehaviour	parts[40].partName	sarcastic
resources.assets	8581	MonoBehaviour	parts[41].partName	shy
resources.assets	8581	MonoBehaviour	parts[42].partName	horny
resources.assets	8581	MonoBehaviour	parts[43].partName	neutral
resources.assets	8581	MonoBehaviour	parts[44].partName	annoyed
resources.assets	8581	MonoBehaviour	parts[45].partName	disappointed
resources.assets	8581	MonoBehaviour	parts[46].partName	excited
resources.assets	8581	MonoBehaviour	parts[47].partName	confused
resources.assets	8581	MonoBehaviour	parts[48].partName	inquisitive
resources.assets	8581	MonoBehaviour	parts[49].partName	sarcastic
resources.assets	8581	MonoBehaviour	parts[50].partName	shy
resources.assets	8581	MonoBehaviour	parts[51].partName	horny
resources.assets	8581	MonoBehaviour	parts[52].partName	aeil
resources.assets	8581	MonoBehaviour	parts[53].partName	bmp
resources.assets	8581	MonoBehaviour	parts[54].partName	oquw
resources.assets	8581	MonoBehaviour	parts[55].partName	fv
resources.assets	8581	MonoBehaviour	parts[56].partName	other
resources.assets	8581	MonoBehaviour	parts[57].partName	aeil
resources.assets	8581	MonoBehaviour	parts[58].partName	bmp
resources.assets	8581	MonoBehaviour	parts[59].partName	oquw
resources.assets	8581	MonoBehaviour	parts[60].partName	fv
resources.assets	8581	MonoBehaviour	parts[61].partName	other
resources.assets	8581	MonoBehaviour	parts[62].partName	relaxing
resources.assets	8581	MonoBehaviour	parts[63].partName	activity
resources.assets	8581	MonoBehaviour	parts[64].partName	romantic
resources.assets	8581	MonoBehaviour	parts[65].partName	party
resources.assets	8581	MonoBehaviour	parts[66].partName	water
resources.assets	8581	MonoBehaviour	parts[67].partName	sexy
resources.assets	8581	MonoBehaviour	parts[68].partName	bonus1
resources.assets	8581	MonoBehaviour	parts[69].partName	bonus2
resources.assets	8581	MonoBehaviour	parts[70].partName	bonus3
resources.assets	8581	MonoBehaviour	parts[71].partName	bonus4
resources.assets	8581	MonoBehaviour	parts[72].partName	nipples
resources.assets	8581	MonoBehaviour	parts[73].partName	body
resources.assets	8581	MonoBehaviour	parts[74].partName	relaxing
resources.assets	8581	MonoBehaviour	parts[75].partName	activity
resources.assets	8581	MonoBehaviour	parts[76].partName	romantic
resources.assets	8581	MonoBehaviour	parts[77].partName	party
resources.assets	8581	MonoBehaviour	parts[78].partName	water
resources.assets	8581	MonoBehaviour	parts[79].partName	sexy
resources.assets	8581	MonoBehaviour	parts[80].partName	bonus3
resources.assets	8581	MonoBehaviour	parts[81].partName	bonus4
resources.assets	8581	MonoBehaviour	hairstyles[0].hairstyleName	Sea Foam
resources.assets	8581	MonoBehaviour	hairstyles[1].hairstyleName	Sarong Song
resources.assets	8581	MonoBehaviour	hairstyles[2].hairstyleName	Sunny Day
resources.assets	8581	MonoBehaviour	hairstyles[3].hairstyleName	Hula Dancer
resources.assets	8581	MonoBehaviour	hairstyles[4].hairstyleName	Infinity
resources.assets	8581	MonoBehaviour	hairstyles[5].hairstyleName	Masseuse
resources.assets	8581	MonoBehaviour	hairstyles[6].hairstyleName	Koimono
resources.assets	8581	MonoBehaviour	hairstyles[7].hairstyleName	Native Chic
resources.assets	8581	MonoBehaviour	hairstyles[8].hairstyleName	Blupee
resources.assets	8581	MonoBehaviour	hairstyles[9].hairstyleName	Closet Freak
resources.assets	8581	MonoBehaviour	outfits[0].outfitName	Sea Foam
resources.assets	8581	MonoBehaviour	outfits[1].outfitName	Sarong Song
resources.assets	8581	MonoBehaviour	outfits[2].outfitName	Sunny Day
resources.assets	8581	MonoBehaviour	outfits[3].outfitName	Hula Dancer
resources.assets	8581	MonoBehaviour	outfits[4].outfitName	Infinity
resources.assets	8581	MonoBehaviour	outfits[5].outfitName	Masseuse
resources.assets	8581	MonoBehaviour	outfits[6].outfitName	Koimono
resources.assets	8581	MonoBehaviour	outfits[7].outfitName	Native Chic
resources.assets	8581	MonoBehaviour	outfits[8].outfitName	Blupee
resources.assets	8581	MonoBehaviour	outfits[9].outfitName	Closet Freak
resources.assets	8581	MonoBehaviour	herQuestions[0].answers[0].answerText	I like a little bit of makeup, but not the whole counter.
resources.assets	8581	MonoBehaviour	herQuestions[0].answers[1].answerText	Personally? I prefer the natural look.
resources.assets	8581	MonoBehaviour	herQuestions[0].answers[2].answerText	Makeup adds at least two points on the attractiveness scale.
resources.assets	8581	MonoBehaviour	herQuestions[1].answers[0].answerText	I start doing a different activity that will distract my mind.
resources.assets	8581	MonoBehaviour	herQuestions[1].answers[1].answerText	I just crank one out. That seems to do the trick.
resources.assets	8581	MonoBehaviour	herQuestions[1].answers[1].answerTextAlt	I just play with myself. That seems to do the trick.
resources.assets	8581	MonoBehaviour	herQuestions[1].answers[2].answerText	I take slow, deep breaths and try to tell myself to relax.
resources.assets	8581	MonoBehaviour	herQuestions[2].answers[0].answerText	To me? Extremely important. I'd go crazy without it!
resources.assets	8581	MonoBehaviour	herQuestions[2].answers[1].answerText	Well, it's not much of a relationship without sex...
resources.assets	8581	MonoBehaviour	herQuestions[2].answers[2].answerText	I don't think you need sex to be happy with someone.
resources.assets	8581	MonoBehaviour	herQuestions[3].answers[0].answerText	I'd much rather find a way to meet someone in real life.
resources.assets	8581	MonoBehaviour	herQuestions[3].answers[1].answerText	You can meet a lot of really nice people on those sites.
resources.assets	8581	MonoBehaviour	herQuestions[3].answers[2].answerText	Great if you're looking to hook up, but not for much else.
resources.assets	8581	MonoBehaviour	herQuestions[4].answers[0].answerText	Yeah, but it was a bad idea. Never doing that again!
resources.assets	8581	MonoBehaviour	herQuestions[4].answers[1].answerText	I've never been in one, but I wouldn't mind trying it.
resources.assets	8581	MonoBehaviour	herQuestions[4].answers[2].answerText	Nah, long distance relationships are kinda pathetic.
resources.assets	8581	MonoBehaviour	herQuestions[5].answers[0].answerText	Sure... if you still care about the person, why not?
resources.assets	8581	MonoBehaviour	herQuestions[5].answers[1].answerText	I don't think so. That seems like recipe for disaster...
resources.assets	8581	MonoBehaviour	herQuestions[5].answers[2].answerText	As long as the friendship "benefits" still come with it.
resources.assets	8581	MonoBehaviour	herQuestions[6].answers[0].answerText	You can't beat the suburbs. It's the best of both worlds.
resources.assets	8581	MonoBehaviour	herQuestions[6].answers[1].answerText	I'd be happiest in the middle of the woods... just me and nature.
resources.assets	8581	MonoBehaviour	herQuestions[6].answers[2].answerText	I'm a city boy. That's actually where I live now.
resources.assets	8581	MonoBehaviour	herQuestions[6].answers[2].answerTextAlt	I'm a city girl. That's actually where I live now.
resources.assets	8581	MonoBehaviour	herQuestions[7].answers[0].answerText	I have pretty good intuition about people most of the time.
resources.assets	8581	MonoBehaviour	herQuestions[7].answers[1].answerText	I can tell how much I wanna bang them... but that's about it.
resources.assets	8581	MonoBehaviour	herQuestions[7].answers[2].answerText	I don't think you should judge a book by it's cover.
resources.assets	8581	MonoBehaviour	herQuestions[8].answers[0].answerText	I was a virgin up until about two years go...
resources.assets	8581	MonoBehaviour	herQuestions[8].answers[1].answerText	If I told you, it wouldn't be a secret anymore.
resources.assets	8581	MonoBehaviour	herQuestions[8].answers[2].answerText	I had sex with my cat. Well, not a cat exactly... more like a cat-girl...
resources.assets	8581	MonoBehaviour	herQuestions[9].answers[0].answerText	You should strive to forgive everyone, no matter what they did.
resources.assets	8581	MonoBehaviour	herQuestions[9].answers[1].answerText	Never forgive, never forget. You have to protect yourself first.
resources.assets	8581	MonoBehaviour	herQuestions[9].answers[2].answerText	Be reasonable. You don't want to make yourself too vulnerable.
resources.assets	8581	MonoBehaviour	herQuestions[10].answers[0].answerText	I might make a few little tweaks... but nothing too crazy.
resources.assets	8581	MonoBehaviour	herQuestions[10].answers[1].answerText	No, I think we should love ourselves just the way we are.
resources.assets	8581	MonoBehaviour	herQuestions[10].answers[2].answerText	Of course! I'd become the perfect male specimen.
resources.assets	8581	MonoBehaviour	herQuestions[10].answers[2].answerTextAlt	Of course! I'd become the perfect female specimen.
resources.assets	8581	MonoBehaviour	herQuestions[11].answers[0].answerText	I've never had a lucid dream, but I've always wanted to!
resources.assets	8581	MonoBehaviour	herQuestions[11].answers[1].answerText	Oh yeah, I've had those. Lot of sex in those dreams... loooot of sex...
resources.assets	8581	MonoBehaviour	herQuestions[11].answers[2].answerText	I don't think I'd want to be aware of that... it sounds creepy.
resources.assets	8582	MonoBehaviour	girlName	Candace
resources.assets	8582	MonoBehaviour	girlNickName	Candy
resources.assets	8582	MonoBehaviour	shoesAdj	a exotic dancer
resources.assets	8582	MonoBehaviour	uniqueAdj	a slow learner
resources.assets	8582	MonoBehaviour	parts[0].partName	neutral
resources.assets	8582	MonoBehaviour	parts[1].partName	annoyed
resources.assets	8582	MonoBehaviour	parts[2].partName	disappointed
resources.assets	8582	MonoBehaviour	parts[3].partName	excited
resources.assets	8582	MonoBehaviour	parts[4].partName	confused
resources.assets	8582	MonoBehaviour	parts[5].partName	inquisitive
resources.assets	8582	MonoBehaviour	parts[6].partName	sarcastic
resources.assets	8582	MonoBehaviour	parts[7].partName	shy
resources.assets	8582	MonoBehaviour	parts[8].partName	horny
resources.assets	8582	MonoBehaviour	parts[9].partName	relaxing
resources.assets	8582	MonoBehaviour	parts[10].partName	activity
resources.assets	8582	MonoBehaviour	parts[11].partName	romantic
resources.assets	8582	MonoBehaviour	parts[12].partName	party
resources.assets	8582	MonoBehaviour	parts[13].partName	water
resources.assets	8582	MonoBehaviour	parts[14].partName	sexy
resources.assets	8582	MonoBehaviour	parts[15].partName	bonus1
resources.assets	8582	MonoBehaviour	parts[16].partName	bonus2
resources.assets	8582	MonoBehaviour	parts[17].partName	bonus3
resources.assets	8582	MonoBehaviour	parts[18].partName	bonus4
resources.assets	8582	MonoBehaviour	parts[19].partName	neutral
resources.assets	8582	MonoBehaviour	parts[20].partName	annoyed
resources.assets	8582	MonoBehaviour	parts[21].partName	disappointed
resources.assets	8582	MonoBehaviour	parts[22].partName	excited
resources.assets	8582	MonoBehaviour	parts[23].partName	confused
resources.assets	8582	MonoBehaviour	parts[24].partName	inquisitive
resources.assets	8582	MonoBehaviour	parts[25].partName	sarcastic
resources.assets	8582	MonoBehaviour	parts[26].partName	shy
resources.assets	8582	MonoBehaviour	parts[27].partName	horny
resources.assets	8582	MonoBehaviour	parts[28].partName	neutral
resources.assets	8582	MonoBehaviour	parts[29].partName	annoyed
resources.assets	8582	MonoBehaviour	parts[30].partName	horny
resources.assets	8582	MonoBehaviour	parts[31].partName	blink
resources.assets	8582	MonoBehaviour	parts[32].partName	blushlight
resources.assets	8582	MonoBehaviour	parts[33].partName	blushheavy
resources.assets	8582	MonoBehaviour	parts[34].partName	neutral
resources.assets	8582	MonoBehaviour	parts[35].partName	annoyed
resources.assets	8582	MonoBehaviour	parts[36].partName	disappointed
resources.assets	8582	MonoBehaviour	parts[37].partName	excited
resources.assets	8582	MonoBehaviour	parts[38].partName	confused
resources.assets	8582	MonoBehaviour	parts[39].partName	inquisitive
resources.assets	8582	MonoBehaviour	parts[40].partName	sarcastic
resources.assets	8582	MonoBehaviour	parts[41].partName	shy
resources.assets	8582	MonoBehaviour	parts[42].partName	horny
resources.assets	8582	MonoBehaviour	parts[43].partName	neutral
resources.assets	8582	MonoBehaviour	parts[44].partName	annoyed
resources.assets	8582	MonoBehaviour	parts[45].partName	disappointed
resources.assets	8582	MonoBehaviour	parts[46].partName	excited
resources.assets	8582	MonoBehaviour	parts[47].partName	confused
resources.assets	8582	MonoBehaviour	parts[48].partName	inquisitive
resources.assets	8582	MonoBehaviour	parts[49].partName	sarcastic
resources.assets	8582	MonoBehaviour	parts[50].partName	shy
resources.assets	8582	MonoBehaviour	parts[51].partName	horny
resources.assets	8582	MonoBehaviour	parts[52].partName	aeil
resources.assets	8582	MonoBehaviour	parts[53].partName	bmp
resources.assets	8582	MonoBehaviour	parts[54].partName	oquw
resources.assets	8582	MonoBehaviour	parts[55].partName	fv
resources.assets	8582	MonoBehaviour	parts[56].partName	other
resources.assets	8582	MonoBehaviour	parts[57].partName	aeil
resources.assets	8582	MonoBehaviour	parts[58].partName	bmp
resources.assets	8582	MonoBehaviour	parts[59].partName	oquw
resources.assets	8582	MonoBehaviour	parts[60].partName	fv
resources.assets	8582	MonoBehaviour	parts[61].partName	other
resources.assets	8582	MonoBehaviour	parts[62].partName	relaxing
resources.assets	8582	MonoBehaviour	parts[63].partName	activity
resources.assets	8582	MonoBehaviour	parts[64].partName	romantic
resources.assets	8582	MonoBehaviour	parts[65].partName	party
resources.assets	8582	MonoBehaviour	parts[66].partName	water
resources.assets	8582	MonoBehaviour	parts[67].partName	sexy
resources.assets	8582	MonoBehaviour	parts[68].partName	bonus1
resources.assets	8582	MonoBehaviour	parts[69].partName	bonus1~
resources.assets	8582	MonoBehaviour	parts[70].partName	bonus2
resources.assets	8582	MonoBehaviour	parts[71].partName	bonus3
resources.assets	8582	MonoBehaviour	parts[72].partName	bonus4
resources.assets	8582	MonoBehaviour	parts[73].partName	nipples
resources.assets	8582	MonoBehaviour	parts[74].partName	body
resources.assets	8582	MonoBehaviour	parts[75].partName	activity
resources.assets	8582	MonoBehaviour	parts[76].partName	romantic
resources.assets	8582	MonoBehaviour	parts[77].partName	party
resources.assets	8582	MonoBehaviour	parts[78].partName	water
resources.assets	8582	MonoBehaviour	parts[79].partName	bonus1
resources.assets	8582	MonoBehaviour	parts[80].partName	bonus2
resources.assets	8582	MonoBehaviour	parts[81].partName	bonus3
resources.assets	8582	MonoBehaviour	hairstyles[0].hairstyleName	Buckled Up
resources.assets	8582	MonoBehaviour	hairstyles[1].hairstyleName	Candy Wrapper
resources.assets	8582	MonoBehaviour	hairstyles[2].hairstyleName	Vanilla Cream
resources.assets	8582	MonoBehaviour	hairstyles[3].hairstyleName	Shiny Treasure
resources.assets	8582	MonoBehaviour	hairstyles[4].hairstyleName	Splish Splash
resources.assets	8582	MonoBehaviour	hairstyles[5].hairstyleName	Strawberry Milk
resources.assets	8582	MonoBehaviour	hairstyles[6].hairstyleName	Onahole
resources.assets	8582	MonoBehaviour	hairstyles[7].hairstyleName	Law & Order
resources.assets	8582	MonoBehaviour	hairstyles[8].hairstyleName	Health Care
resources.assets	8582	MonoBehaviour	hairstyles[9].hairstyleName	Flasher
resources.assets	8582	MonoBehaviour	outfits[0].outfitName	Buckled Up
resources.assets	8582	MonoBehaviour	outfits[1].outfitName	Candy Wrapper
resources.assets	8582	MonoBehaviour	outfits[2].outfitName	Vanilla Cream
resources.assets	8582	MonoBehaviour	outfits[3].outfitName	Shiny Treasure
resources.assets	8582	MonoBehaviour	outfits[4].outfitName	Splish Splash
resources.assets	8582	MonoBehaviour	outfits[5].outfitName	Strawberry Milk
resources.assets	8582	MonoBehaviour	outfits[6].outfitName	Onahole
resources.assets	8582	MonoBehaviour	outfits[7].outfitName	Law & Order
resources.assets	8582	MonoBehaviour	outfits[8].outfitName	Health Care
resources.assets	8582	MonoBehaviour	outfits[9].outfitName	Flasher
resources.assets	8582	MonoBehaviour	herQuestions[0].answers[0].answerText	Definitely the freckles. I'm really into the freckles.
resources.assets	8582	MonoBehaviour	herQuestions[0].answers[1].answerText	The deep and thoughtful conversations we have.
resources.assets	8582	MonoBehaviour	herQuestions[0].answers[2].answerText	I would have to say your impossibly perfect physique.
resources.assets	8582	MonoBehaviour	herQuestions[1].answers[0].answerText	A small furry animal?
resources.assets	8582	MonoBehaviour	herQuestions[1].answers[1].answerText	Advanced calculus?
resources.assets	8582	MonoBehaviour	herQuestions[1].answers[2].answerText	Hair, makeup and nails?
resources.assets	8582	MonoBehaviour	herQuestions[2].answers[0].answerText	I hope not! Otherwise, I am a VERY bad person.
resources.assets	8582	MonoBehaviour	herQuestions[2].answers[1].answerText	Paying for sex is... morally questionable, at the least.
resources.assets	8582	MonoBehaviour	herQuestions[2].answers[2].answerText	Not at all. It's not something I personally would do though.
resources.assets	8582	MonoBehaviour	herQuestions[3].answers[0].answerText	All the time! I've lost a lot of money that way...
resources.assets	8582	MonoBehaviour	herQuestions[3].answers[1].answerText	I might peek into a cam show every now and again.
resources.assets	8582	MonoBehaviour	herQuestions[3].answers[2].answerText	No, something about that just seems kinda... pathetic.
resources.assets	8582	MonoBehaviour	herQuestions[4].answers[0].answerText	Sell pictures of your feet on the internet.
resources.assets	8582	MonoBehaviour	herQuestions[4].answers[1].answerText	Get a second job as a waitress or something like that.
resources.assets	8582	MonoBehaviour	herQuestions[4].answers[2].answerText	Earn a computer science degree and become a software engineer.
resources.assets	8582	MonoBehaviour	herQuestions[5].answers[0].answerText	I feel like a hundred dollars would be a fair price.
resources.assets	8582	MonoBehaviour	herQuestions[5].answers[1].answerText	You're only gonna get like ten bucks for a handski.
resources.assets	8582	MonoBehaviour	herQuestions[5].answers[2].answerText	You could get at least a thousand for that, easy.
resources.assets	8582	MonoBehaviour	herQuestions[6].answers[0].answerText	I finished high school, but I never went to college.
resources.assets	8582	MonoBehaviour	herQuestions[6].answers[1].answerText	I dropped out during my junior year of high school.
resources.assets	8582	MonoBehaviour	herQuestions[6].answers[2].answerText	I went all the way through college and got my degree.
resources.assets	8582	MonoBehaviour	herQuestions[7].answers[0].answerText	I caught one once, but thankfully it wasn't permanent.
resources.assets	8582	MonoBehaviour	herQuestions[7].answers[1].answerText	For all I know, I have multiple STDs at this very moment.
resources.assets	8582	MonoBehaviour	herQuestions[7].answers[2].answerText	Nope, not me! I'm clean as a whistle and always have been.
resources.assets	8582	MonoBehaviour	herQuestions[8].answers[0].answerText	All I have are seeds... will you take seeds?
resources.assets	8582	MonoBehaviour	herQuestions[8].answers[1].answerText	If I had any, I'd give it to you. I'm flat broke though.
resources.assets	8582	MonoBehaviour	herQuestions[8].answers[2].answerText	No way! This is my money... go get your own.
resources.assets	8582	MonoBehaviour	herQuestions[9].answers[0].answerText	Not at the moment. I can probably get some later though.
resources.assets	8582	MonoBehaviour	herQuestions[9].answers[1].answerText	As a matter of fact, I do! Would you like some?
resources.assets	8582	MonoBehaviour	herQuestions[9].answers[2].answerText	Sorry, but I don't mess around with that stuff.
resources.assets	8582	MonoBehaviour	herQuestions[10].answers[0].answerText	I'm friends with a magical fairy who kinda has a thing for you.
resources.assets	8582	MonoBehaviour	herQuestions[10].answers[1].answerText	I've never used protection or birth control.
resources.assets	8582	MonoBehaviour	herQuestions[10].answers[2].answerText	I'm pretty much the chosen hero destined to save the world.
resources.assets	8582	MonoBehaviour	herQuestions[11].answers[0].answerText	It can't possibly be more than like, three, right? Right!?
resources.assets	8582	MonoBehaviour	herQuestions[11].answers[1].answerText	You probably wouldn't ask if it was just one... so, two?
resources.assets	8582	MonoBehaviour	herQuestions[11].answers[2].answerText	I'm hoping it's a trick question and the answer is zero...
resources.assets	8583	MonoBehaviour	girlName	Nora
resources.assets	8583	MonoBehaviour	shoesAdj	a tomboy
resources.assets	8583	MonoBehaviour	uniqueAdj	a caring aunt
resources.assets	8583	MonoBehaviour	parts[0].partName	neutral
resources.assets	8583	MonoBehaviour	parts[1].partName	annoyed
resources.assets	8583	MonoBehaviour	parts[2].partName	disappointed
resources.assets	8583	MonoBehaviour	parts[3].partName	excited
resources.assets	8583	MonoBehaviour	parts[4].partName	confused
resources.assets	8583	MonoBehaviour	parts[5].partName	inquisitive
resources.assets	8583	MonoBehaviour	parts[6].partName	sarcastic
resources.assets	8583	MonoBehaviour	parts[7].partName	shy
resources.assets	8583	MonoBehaviour	parts[8].partName	horny
resources.assets	8583	MonoBehaviour	parts[9].partName	relaxing
resources.assets	8583	MonoBehaviour	parts[10].partName	activity
resources.assets	8583	MonoBehaviour	parts[11].partName	romantic
resources.assets	8583	MonoBehaviour	parts[12].partName	party
resources.assets	8583	MonoBehaviour	parts[13].partName	water
resources.assets	8583	MonoBehaviour	parts[14].partName	sexy
resources.assets	8583	MonoBehaviour	parts[15].partName	bonus1
resources.assets	8583	MonoBehaviour	parts[16].partName	bonus2
resources.assets	8583	MonoBehaviour	parts[17].partName	bonus3
resources.assets	8583	MonoBehaviour	parts[18].partName	bonus4
resources.assets	8583	MonoBehaviour	parts[19].partName	earrings
resources.assets	8583	MonoBehaviour	parts[20].partName	neutral
resources.assets	8583	MonoBehaviour	parts[21].partName	annoyed
resources.assets	8583	MonoBehaviour	parts[22].partName	disappointed
resources.assets	8583	MonoBehaviour	parts[23].partName	excited
resources.assets	8583	MonoBehaviour	parts[24].partName	confused
resources.assets	8583	MonoBehaviour	parts[25].partName	inquisitive
resources.assets	8583	MonoBehaviour	parts[26].partName	sarcastic
resources.assets	8583	MonoBehaviour	parts[27].partName	shy
resources.assets	8583	MonoBehaviour	parts[28].partName	horny
resources.assets	8583	MonoBehaviour	parts[29].partName	neutral
resources.assets	8583	MonoBehaviour	parts[30].partName	annoyed
resources.assets	8583	MonoBehaviour	parts[31].partName	horny
resources.assets	8583	MonoBehaviour	parts[32].partName	blink
resources.assets	8583	MonoBehaviour	parts[33].partName	blushlight
resources.assets	8583	MonoBehaviour	parts[34].partName	blushheavy
resources.assets	8583	MonoBehaviour	parts[35].partName	neutral
resources.assets	8583	MonoBehaviour	parts[36].partName	annoyed
resources.assets	8583	MonoBehaviour	parts[37].partName	disappointed
resources.assets	8583	MonoBehaviour	parts[38].partName	excited
resources.assets	8583	MonoBehaviour	parts[39].partName	confused
resources.assets	8583	MonoBehaviour	parts[40].partName	inquisitive
resources.assets	8583	MonoBehaviour	parts[41].partName	sarcastic
resources.assets	8583	MonoBehaviour	parts[42].partName	shy
resources.assets	8583	MonoBehaviour	parts[43].partName	horny
resources.assets	8583	MonoBehaviour	parts[44].partName	neutral
resources.assets	8583	MonoBehaviour	parts[45].partName	annoyed
resources.assets	8583	MonoBehaviour	parts[46].partName	disappointed
resources.assets	8583	MonoBehaviour	parts[47].partName	excited
resources.assets	8583	MonoBehaviour	parts[48].partName	confused
resources.assets	8583	MonoBehaviour	parts[49].partName	inquisitive
resources.assets	8583	MonoBehaviour	parts[50].partName	sarcastic
resources.assets	8583	MonoBehaviour	parts[51].partName	shy
resources.assets	8583	MonoBehaviour	parts[52].partName	horny
resources.assets	8583	MonoBehaviour	parts[53].partName	aeil
resources.assets	8583	MonoBehaviour	parts[54].partName	bmp
resources.assets	8583	MonoBehaviour	parts[55].partName	oquw
resources.assets	8583	MonoBehaviour	parts[56].partName	fv
resources.assets	8583	MonoBehaviour	parts[57].partName	other
resources.assets	8583	MonoBehaviour	parts[58].partName	aeil
resources.assets	8583	MonoBehaviour	parts[59].partName	bmp
resources.assets	8583	MonoBehaviour	parts[60].partName	oquw
resources.assets	8583	MonoBehaviour	parts[61].partName	fv
resources.assets	8583	MonoBehaviour	parts[62].partName	other
resources.assets	8583	MonoBehaviour	parts[63].partName	relaxing
resources.assets	8583	MonoBehaviour	parts[64].partName	activity
resources.assets	8583	MonoBehaviour	parts[65].partName	romantic
resources.assets	8583	MonoBehaviour	parts[66].partName	party
resources.assets	8583	MonoBehaviour	parts[67].partName	water
resources.assets	8583	MonoBehaviour	parts[68].partName	sexy
resources.assets	8583	MonoBehaviour	parts[69].partName	bonus1
resources.assets	8583	MonoBehaviour	parts[70].partName	bonus2
resources.assets	8583	MonoBehaviour	parts[71].partName	bonus3
resources.assets	8583	MonoBehaviour	parts[72].partName	bonus4
resources.assets	8583	MonoBehaviour	parts[73].partName	nipples
resources.assets	8583	MonoBehaviour	parts[74].partName	body
resources.assets	8583	MonoBehaviour	parts[75].partName	body~
resources.assets	8583	MonoBehaviour	parts[76].partName	romantic
resources.assets	8583	MonoBehaviour	parts[77].partName	party
resources.assets	8583	MonoBehaviour	parts[78].partName	water
resources.assets	8583	MonoBehaviour	parts[79].partName	bonus1
resources.assets	8583	MonoBehaviour	parts[80].partName	bonus2
resources.assets	8583	MonoBehaviour	parts[81].partName	bonus4
resources.assets	8583	MonoBehaviour	hairstyles[0].hairstyleName	Housekeeping
resources.assets	8583	MonoBehaviour	hairstyles[1].hairstyleName	Caliente
resources.assets	8583	MonoBehaviour	hairstyles[2].hairstyleName	Badass Bitch
resources.assets	8583	MonoBehaviour	hairstyles[3].hairstyleName	Streetwear
resources.assets	8583	MonoBehaviour	hairstyles[4].hairstyleName	Aquarius
resources.assets	8583	MonoBehaviour	hairstyles[5].hairstyleName	Nighty Night
resources.assets	8583	MonoBehaviour	hairstyles[6].hairstyleName	Spiral Scout
resources.assets	8583	MonoBehaviour	hairstyles[7].hairstyleName	Tough Gal
resources.assets	8583	MonoBehaviour	hairstyles[8].hairstyleName	Gangster
resources.assets	8583	MonoBehaviour	hairstyles[9].hairstyleName	Cousinly Love
resources.assets	8583	MonoBehaviour	outfits[0].outfitName	Housekeeping
resources.assets	8583	MonoBehaviour	outfits[1].outfitName	Caliente
resources.assets	8583	MonoBehaviour	outfits[2].outfitName	Badass Bitch
resources.assets	8583	MonoBehaviour	outfits[3].outfitName	Streetwear
resources.assets	8583	MonoBehaviour	outfits[4].outfitName	Aquarius
resources.assets	8583	MonoBehaviour	outfits[5].outfitName	Nighty Night
resources.assets	8583	MonoBehaviour	outfits[6].outfitName	Spiral Scout
resources.assets	8583	MonoBehaviour	outfits[7].outfitName	Tough Gal
resources.assets	8583	MonoBehaviour	outfits[8].outfitName	Gangster
resources.assets	8583	MonoBehaviour	outfits[9].outfitName	Cousinly Love
resources.assets	8583	MonoBehaviour	specialParts[0].specialPartName	Earrings
resources.assets	8583	MonoBehaviour	herQuestions[0].answers[0].answerText	Oh yeah, I was quite rebellious in my younger years.
resources.assets	8583	MonoBehaviour	herQuestions[0].answers[1].answerText	I've only ever committed the crime of caring too much...
resources.assets	8583	MonoBehaviour	herQuestions[0].answers[2].answerText	That would depend on your definition of bestiality...
resources.assets	8583	MonoBehaviour	herQuestions[1].answers[0].answerText	Some of the sentences they give out are way too harsh.
resources.assets	8583	MonoBehaviour	herQuestions[1].answers[1].answerText	If you ask me, we ought to abolish prisons completely.
resources.assets	8583	MonoBehaviour	herQuestions[1].answers[2].answerText	Well, they are keeping bad people off the streets...
resources.assets	8583	MonoBehaviour	herQuestions[2].answers[0].answerText	It depends what she did.
resources.assets	8583	MonoBehaviour	herQuestions[2].answers[1].answerText	Probably not... that's just begging for trouble.
resources.assets	8583	MonoBehaviour	herQuestions[2].answers[2].answerText	Fuck yeah I would! That sounds hot!
resources.assets	8583	MonoBehaviour	herQuestions[3].answers[0].answerText	Nothing. You're a big girl, you can handle it.
resources.assets	8583	MonoBehaviour	herQuestions[3].answers[1].answerText	I'd beat his fucking ass is what I'd do!
resources.assets	8583	MonoBehaviour	herQuestions[3].answers[2].answerText	Politely ask him to stop. There's no need to resort to violence.
resources.assets	8583	MonoBehaviour	herQuestions[4].answers[0].answerText	Neither really... I think of myself as more of a realist.
resources.assets	8583	MonoBehaviour	herQuestions[4].answers[1].answerText	There's not a whole lot to be optimistic about these days...
resources.assets	8583	MonoBehaviour	herQuestions[4].answers[2].answerText	Pessimism can be very toxic, so I try to always stay positive!
resources.assets	8583	MonoBehaviour	herQuestions[5].answers[0].answerText	Where do I start?
resources.assets	8583	MonoBehaviour	herQuestions[5].answers[1].answerText	No, not really. I've lived a very careful life.
resources.assets	8583	MonoBehaviour	herQuestions[5].answers[2].answerText	I have some small regrets, but nothing major.
resources.assets	8583	MonoBehaviour	herQuestions[6].answers[0].answerText	Thinking about the messed up state of our world...
resources.assets	8583	MonoBehaviour	herQuestions[6].answers[1].answerText	Trying to find a comfortable position for my huge dick.
resources.assets	8583	MonoBehaviour	herQuestions[6].answers[1].answerTextAlt	Trying to find a comfortable position for my huge tits.
resources.assets	8583	MonoBehaviour	herQuestions[6].answers[2].answerText	Aliens. You know they're real, right? Pretty hot too.
resources.assets	8583	MonoBehaviour	herQuestions[7].answers[0].answerText	It's been a long time. I was probably a kid.
resources.assets	8583	MonoBehaviour	herQuestions[7].answers[1].answerText	While I was falling asleep last night...
resources.assets	8583	MonoBehaviour	herQuestions[7].answers[2].answerText	Probably sometime within the last year or so.
resources.assets	8583	MonoBehaviour	herQuestions[8].answers[0].answerText	You can't trust anybody... not even your closest friends.
resources.assets	8583	MonoBehaviour	herQuestions[8].answers[1].answerText	Nice guys always finish last. ALWAYS.
resources.assets	8583	MonoBehaviour	herQuestions[8].answers[1].answerTextAlt	Nice girls always finish last. ALWAYS.
resources.assets	8583	MonoBehaviour	herQuestions[8].answers[2].answerText	You really have to keep your eye on those broken heart tokens.
resources.assets	8583	MonoBehaviour	herQuestions[9].answers[0].answerText	Anything that paid really well, like a doctor or a lawyer.
resources.assets	8583	MonoBehaviour	herQuestions[9].answers[1].answerText	As a kid? I'm pretty sure I wanted to be a super cool ninja.
resources.assets	8583	MonoBehaviour	herQuestions[9].answers[2].answerText	I always had my heart set on becoming a world class porn star.
resources.assets	8583	MonoBehaviour	herQuestions[10].answers[0].answerText	We're very, very close. Family is extremely important to me.
resources.assets	8583	MonoBehaviour	herQuestions[10].answers[1].answerText	We check in on each other every so often. The love is there.
resources.assets	8583	MonoBehaviour	herQuestions[10].answers[2].answerText	Not very... I haven't spoken with any of them in years.
resources.assets	8583	MonoBehaviour	herQuestions[11].answers[0].answerText	Yeah, definitely. I plan to have at least a couple of them.
resources.assets	8583	MonoBehaviour	herQuestions[11].answers[1].answerText	Nah, kids would just get in the way of me reaching my goals.
resources.assets	8583	MonoBehaviour	herQuestions[11].answers[2].answerText	There's at least a decent chance that I already have some...
resources.assets	8583	MonoBehaviour	herQuestions[11].answers[2].answerTextAlt	I'm kind of amazed that I don't have a bunch of them already...
resources.assets	8584	MonoBehaviour	girlName	Brooke
resources.assets	8584	MonoBehaviour	shoesAdj	a woman in charge
resources.assets	8584	MonoBehaviour	uniqueAdj	a high status woman
resources.assets	8584	MonoBehaviour	parts[0].partName	glasses
resources.assets	8584	MonoBehaviour	parts[1].partName	neutral
resources.assets	8584	MonoBehaviour	parts[2].partName	annoyed
resources.assets	8584	MonoBehaviour	parts[3].partName	disappointed
resources.assets	8584	MonoBehaviour	parts[4].partName	excited
resources.assets	8584	MonoBehaviour	parts[5].partName	confused
resources.assets	8584	MonoBehaviour	parts[6].partName	inquisitive
resources.assets	8584	MonoBehaviour	parts[7].partName	sarcastic
resources.assets	8584	MonoBehaviour	parts[8].partName	shy
resources.assets	8584	MonoBehaviour	parts[9].partName	horny
resources.assets	8584	MonoBehaviour	parts[10].partName	relaxing
resources.assets	8584	MonoBehaviour	parts[11].partName	activity
resources.assets	8584	MonoBehaviour	parts[12].partName	romantic
resources.assets	8584	MonoBehaviour	parts[13].partName	party
resources.assets	8584	MonoBehaviour	parts[14].partName	water
resources.assets	8584	MonoBehaviour	parts[15].partName	sexy
resources.assets	8584	MonoBehaviour	parts[16].partName	bonus1
resources.assets	8584	MonoBehaviour	parts[17].partName	bonus2
resources.assets	8584	MonoBehaviour	parts[18].partName	bonus3
resources.assets	8584	MonoBehaviour	parts[19].partName	bonus4
resources.assets	8584	MonoBehaviour	parts[20].partName	neutral
resources.assets	8584	MonoBehaviour	parts[21].partName	annoyed
resources.assets	8584	MonoBehaviour	parts[22].partName	disappointed
resources.assets	8584	MonoBehaviour	parts[23].partName	excited
resources.assets	8584	MonoBehaviour	parts[24].partName	confused
resources.assets	8584	MonoBehaviour	parts[25].partName	inquisitive
resources.assets	8584	MonoBehaviour	parts[26].partName	sarcastic
resources.assets	8584	MonoBehaviour	parts[27].partName	shy
resources.assets	8584	MonoBehaviour	parts[28].partName	horny
resources.assets	8584	MonoBehaviour	parts[29].partName	neutral
resources.assets	8584	MonoBehaviour	parts[30].partName	annoyed
resources.assets	8584	MonoBehaviour	parts[31].partName	horny
resources.assets	8584	MonoBehaviour	parts[32].partName	blink
resources.assets	8584	MonoBehaviour	parts[33].partName	blushlight
resources.assets	8584	MonoBehaviour	parts[34].partName	blushheavy
resources.assets	8584	MonoBehaviour	parts[35].partName	neutral
resources.assets	8584	MonoBehaviour	parts[36].partName	annoyed
resources.assets	8584	MonoBehaviour	parts[37].partName	disappointed
resources.assets	8584	MonoBehaviour	parts[38].partName	excited
resources.assets	8584	MonoBehaviour	parts[39].partName	confused
resources.assets	8584	MonoBehaviour	parts[40].partName	inquisitive
resources.assets	8584	MonoBehaviour	parts[41].partName	sarcastic
resources.assets	8584	MonoBehaviour	parts[42].partName	shy
resources.assets	8584	MonoBehaviour	parts[43].partName	horny
resources.assets	8584	MonoBehaviour	parts[44].partName	neutral
resources.assets	8584	MonoBehaviour	parts[45].partName	annoyed
resources.assets	8584	MonoBehaviour	parts[46].partName	disappointed
resources.assets	8584	MonoBehaviour	parts[47].partName	excited
resources.assets	8584	MonoBehaviour	parts[48].partName	confused
resources.assets	8584	MonoBehaviour	parts[49].partName	inquisitive
resources.assets	8584	MonoBehaviour	parts[50].partName	sarcastic
resources.assets	8584	MonoBehaviour	parts[51].partName	shy
resources.assets	8584	MonoBehaviour	parts[52].partName	horny
resources.assets	8584	MonoBehaviour	parts[53].partName	aeil
resources.assets	8584	MonoBehaviour	parts[54].partName	bmp
resources.assets	8584	MonoBehaviour	parts[55].partName	oquw
resources.assets	8584	MonoBehaviour	parts[56].partName	fv
resources.assets	8584	MonoBehaviour	parts[57].partName	other
resources.assets	8584	MonoBehaviour	parts[58].partName	aeil
resources.assets	8584	MonoBehaviour	parts[59].partName	bmp
resources.assets	8584	MonoBehaviour	parts[60].partName	oquw
resources.assets	8584	MonoBehaviour	parts[61].partName	fv
resources.assets	8584	MonoBehaviour	parts[62].partName	other
resources.assets	8584	MonoBehaviour	parts[63].partName	earrings
resources.assets	8584	MonoBehaviour	parts[64].partName	relaxing
resources.assets	8584	MonoBehaviour	parts[65].partName	activity
resources.assets	8584	MonoBehaviour	parts[66].partName	romantic
resources.assets	8584	MonoBehaviour	parts[67].partName	party
resources.assets	8584	MonoBehaviour	parts[68].partName	water
resources.assets	8584	MonoBehaviour	parts[69].partName	sexy
resources.assets	8584	MonoBehaviour	parts[70].partName	bonus1
resources.assets	8584	MonoBehaviour	parts[71].partName	bonus2
resources.assets	8584	MonoBehaviour	parts[72].partName	bonus3
resources.assets	8584	MonoBehaviour	parts[73].partName	bonus4
resources.assets	8584	MonoBehaviour	parts[74].partName	nipples
resources.assets	8584	MonoBehaviour	parts[75].partName	body
resources.assets	8584	MonoBehaviour	parts[76].partName	relaxing
resources.assets	8584	MonoBehaviour	parts[77].partName	activity
resources.assets	8584	MonoBehaviour	parts[78].partName	romantic
resources.assets	8584	MonoBehaviour	parts[79].partName	sexy
resources.assets	8584	MonoBehaviour	parts[80].partName	bonus1
resources.assets	8584	MonoBehaviour	parts[81].partName	bonus2
resources.assets	8584	MonoBehaviour	parts[82].partName	bonus3
resources.assets	8584	MonoBehaviour	parts[83].partName	bonus4
resources.assets	8584	MonoBehaviour	hairstyles[0].hairstyleName	Bath Time
resources.assets	8584	MonoBehaviour	hairstyles[1].hairstyleName	Professional
resources.assets	8584	MonoBehaviour	hairstyles[2].hairstyleName	Priceless
resources.assets	8584	MonoBehaviour	hairstyles[3].hairstyleName	Kitchen Cook
resources.assets	8584	MonoBehaviour	hairstyles[4].hairstyleName	Vikini
resources.assets	8584	MonoBehaviour	hairstyles[5].hairstyleName	Cougar
resources.assets	8584	MonoBehaviour	hairstyles[6].hairstyleName	Stars & Stripes
resources.assets	8584	MonoBehaviour	hairstyles[7].hairstyleName	Captain Mommy
resources.assets	8584	MonoBehaviour	hairstyles[8].hairstyleName	Glamorous
resources.assets	8584	MonoBehaviour	hairstyles[9].hairstyleName	Love Goddess
resources.assets	8584	MonoBehaviour	outfits[0].outfitName	Bath Time
resources.assets	8584	MonoBehaviour	outfits[1].outfitName	Professional
resources.assets	8584	MonoBehaviour	outfits[2].outfitName	Priceless
resources.assets	8584	MonoBehaviour	outfits[3].outfitName	Kitchen Cook
resources.assets	8584	MonoBehaviour	outfits[4].outfitName	Vikini
resources.assets	8584	MonoBehaviour	outfits[5].outfitName	Cougar
resources.assets	8584	MonoBehaviour	outfits[6].outfitName	Stars & Stripes
resources.assets	8584	MonoBehaviour	outfits[7].outfitName	Captain Mommy
resources.assets	8584	MonoBehaviour	outfits[8].outfitName	Glamorous
resources.assets	8584	MonoBehaviour	outfits[9].outfitName	Love Goddess
resources.assets	8584	MonoBehaviour	specialParts[0].specialPartName	Earrings
resources.assets	8584	MonoBehaviour	specialParts[1].specialPartName	Glasses
resources.assets	8584	MonoBehaviour	herQuestions[0].answers[0].answerText	That's fine, as long as I don't have to see them.
resources.assets	8584	MonoBehaviour	herQuestions[0].answers[1].answerText	Doesn't bother me at all! Who doesn't love kids?
resources.assets	8584	MonoBehaviour	herQuestions[0].answers[2].answerText	Kids are an instant deal breaker for me.
resources.assets	8584	MonoBehaviour	herQuestions[1].answers[0].answerText	Not at all. It's just human nature.
resources.assets	8584	MonoBehaviour	herQuestions[1].answers[1].answerText	It's a pretty shallow and selfish way to live.
resources.assets	8584	MonoBehaviour	herQuestions[1].answers[2].answerText	Wrong? No... but you can't buy happiness.
resources.assets	8584	MonoBehaviour	herQuestions[2].answers[0].answerText	Not to brag, but I DO have a high end European sports car...
resources.assets	8584	MonoBehaviour	herQuestions[2].answers[1].answerText	Nothing special. I'm happy if it gets me from point A to point B.
resources.assets	8584	MonoBehaviour	herQuestions[2].answers[2].answerText	I uhhh... I take the bus...
resources.assets	8584	MonoBehaviour	herQuestions[3].answers[0].answerText	I just ask her what she wants so I don't have to think about it.
resources.assets	8584	MonoBehaviour	herQuestions[3].answers[1].answerText	I try to make something personal and meaningful to her.
resources.assets	8584	MonoBehaviour	herQuestions[3].answers[2].answerText	Chocolates, flowers, jewelry... you know, the usual.
resources.assets	8584	MonoBehaviour	herQuestions[4].answers[0].answerText	I guess I just have a thing for older women...
resources.assets	8584	MonoBehaviour	herQuestions[4].answers[1].answerText	Well, everyone has to pay for college somehow, right?
resources.assets	8584	MonoBehaviour	herQuestions[4].answers[2].answerText	Would you believe me if I said I wasn't actually a sugar baby?
resources.assets	8584	MonoBehaviour	herQuestions[5].answers[0].answerText	Absolutely not. They'd just blow it on drugs or something.
resources.assets	8584	MonoBehaviour	herQuestions[5].answers[1].answerText	Yes, whenever I can. It's the moral thing to do.
resources.assets	8584	MonoBehaviour	herQuestions[5].answers[2].answerText	If I happen to have some loose change on me, sure.
resources.assets	8584	MonoBehaviour	herQuestions[6].answers[0].answerText	If you get used to a certain lifestyle, you shouldn't have to give it up.
resources.assets	8584	MonoBehaviour	herQuestions[6].answers[1].answerText	I suppose it depends on the reason for the divorce.
resources.assets	8584	MonoBehaviour	herQuestions[6].answers[2].answerText	It's a total scam. The wealthier partner gets screwed every time.
resources.assets	8584	MonoBehaviour	herQuestions[7].answers[0].answerText	Most husbands don't know how to make their wives happy.
resources.assets	8584	MonoBehaviour	herQuestions[7].answers[1].answerText	If I had to guess, I'd say it's the rampant infidelity.
resources.assets	8584	MonoBehaviour	herQuestions[7].answers[2].answerText	People don't have the will power to commit for the long haul anymore.
resources.assets	8584	MonoBehaviour	herQuestions[8].answers[0].answerText	Why should you? It's up to him to attract you, isn't it?
resources.assets	8584	MonoBehaviour	herQuestions[8].answers[1].answerText	Maybe you guys could try to renew your wedding vows?
resources.assets	8584	MonoBehaviour	herQuestions[8].answers[2].answerText	It might help if you stopped cheating on him...
resources.assets	8584	MonoBehaviour	herQuestions[9].answers[0].answerText	Not even once. I'm ready to go at the drop of a hat.
resources.assets	8584	MonoBehaviour	herQuestions[9].answers[1].answerText	Everyone occasionally needs a little help getting up and running.
resources.assets	8584	MonoBehaviour	herQuestions[9].answers[2].answerText	I'm not ashamed to admit that I've taken pills for that.
resources.assets	8584	MonoBehaviour	herQuestions[10].answers[0].answerText	Not a fan. They kinda creep me out a little.
resources.assets	8584	MonoBehaviour	herQuestions[10].answers[1].answerText	I don't really pay attention to things like that...
resources.assets	8584	MonoBehaviour	herQuestions[10].answers[2].answerText	Boobs are boobs! I'll take them any way I can get them.
resources.assets	8584	MonoBehaviour	herQuestions[11].answers[0].answerText	I'm gonna take a wild guess and say... your ass?
resources.assets	8584	MonoBehaviour	herQuestions[11].answers[1].answerText	Hmmm, let's go wiiiith... your jawline?
resources.assets	8584	MonoBehaviour	herQuestions[11].answers[2].answerText	Wait, don't tell me... it's your eyes, right?
resources.assets	8585	MonoBehaviour	girlName	Ashley
resources.assets	8585	MonoBehaviour	shoesAdj	a fashion model
resources.assets	8585	MonoBehaviour	uniqueAdj	a musician
resources.assets	8585	MonoBehaviour	parts[0].partName	neutral
resources.assets	8585	MonoBehaviour	parts[1].partName	annoyed
resources.assets	8585	MonoBehaviour	parts[2].partName	disappointed
resources.assets	8585	MonoBehaviour	parts[3].partName	excited
resources.assets	8585	MonoBehaviour	parts[4].partName	confused
resources.assets	8585	MonoBehaviour	parts[5].partName	inquisitive
resources.assets	8585	MonoBehaviour	parts[6].partName	sarcastic
resources.assets	8585	MonoBehaviour	parts[7].partName	shy
resources.assets	8585	MonoBehaviour	parts[8].partName	horny
resources.assets	8585	MonoBehaviour	parts[9].partName	relaxing
resources.assets	8585	MonoBehaviour	parts[10].partName	activity
resources.assets	8585	MonoBehaviour	parts[11].partName	activity~
resources.assets	8585	MonoBehaviour	parts[12].partName	romantic
resources.assets	8585	MonoBehaviour	parts[13].partName	party
resources.assets	8585	MonoBehaviour	parts[14].partName	party~
resources.assets	8585	MonoBehaviour	parts[15].partName	water
resources.assets	8585	MonoBehaviour	parts[16].partName	sexy
resources.assets	8585	MonoBehaviour	parts[17].partName	bonus1
resources.assets	8585	MonoBehaviour	parts[18].partName	bonus2
resources.assets	8585	MonoBehaviour	parts[19].partName	bonus3
resources.assets	8585	MonoBehaviour	parts[20].partName	bonus4
resources.assets	8585	MonoBehaviour	parts[21].partName	neutral
resources.assets	8585	MonoBehaviour	parts[22].partName	annoyed
resources.assets	8585	MonoBehaviour	parts[23].partName	disappointed
resources.assets	8585	MonoBehaviour	parts[24].partName	excited
resources.assets	8585	MonoBehaviour	parts[25].partName	confused
resources.assets	8585	MonoBehaviour	parts[26].partName	inquisitive
resources.assets	8585	MonoBehaviour	parts[27].partName	sarcastic
resources.assets	8585	MonoBehaviour	parts[28].partName	shy
resources.assets	8585	MonoBehaviour	parts[29].partName	horny
resources.assets	8585	MonoBehaviour	parts[30].partName	neutral
resources.assets	8585	MonoBehaviour	parts[31].partName	annoyed
resources.assets	8585	MonoBehaviour	parts[32].partName	horny
resources.assets	8585	MonoBehaviour	parts[33].partName	blink
resources.assets	8585	MonoBehaviour	parts[34].partName	blushlight
resources.assets	8585	MonoBehaviour	parts[35].partName	blushheavy
resources.assets	8585	MonoBehaviour	parts[36].partName	neutral
resources.assets	8585	MonoBehaviour	parts[37].partName	annoyed
resources.assets	8585	MonoBehaviour	parts[38].partName	disappointed
resources.assets	8585	MonoBehaviour	parts[39].partName	excited
resources.assets	8585	MonoBehaviour	parts[40].partName	confused
resources.assets	8585	MonoBehaviour	parts[41].partName	inquisitive
resources.assets	8585	MonoBehaviour	parts[42].partName	sarcastic
resources.assets	8585	MonoBehaviour	parts[43].partName	shy
resources.assets	8585	MonoBehaviour	parts[44].partName	horny
resources.assets	8585	MonoBehaviour	parts[45].partName	neutral
resources.assets	8585	MonoBehaviour	parts[46].partName	annoyed
resources.assets	8585	MonoBehaviour	parts[47].partName	disappointed
resources.assets	8585	MonoBehaviour	parts[48].partName	excited
resources.assets	8585	MonoBehaviour	parts[49].partName	confused
resources.assets	8585	MonoBehaviour	parts[50].partName	inquisitive
resources.assets	8585	MonoBehaviour	parts[51].partName	sarcastic
resources.assets	8585	MonoBehaviour	parts[52].partName	shy
resources.assets	8585	MonoBehaviour	parts[53].partName	horny
resources.assets	8585	MonoBehaviour	parts[54].partName	aeil
resources.assets	8585	MonoBehaviour	parts[55].partName	bmp
resources.assets	8585	MonoBehaviour	parts[56].partName	oquw
resources.assets	8585	MonoBehaviour	parts[57].partName	fv
resources.assets	8585	MonoBehaviour	parts[58].partName	other
resources.assets	8585	MonoBehaviour	parts[59].partName	aeil
resources.assets	8585	MonoBehaviour	parts[60].partName	bmp
resources.assets	8585	MonoBehaviour	parts[61].partName	oquw
resources.assets	8585	MonoBehaviour	parts[62].partName	fv
resources.assets	8585	MonoBehaviour	parts[63].partName	other
resources.assets	8585	MonoBehaviour	parts[64].partName	relaxing
resources.assets	8585	MonoBehaviour	parts[65].partName	relaxing~
resources.assets	8585	MonoBehaviour	parts[66].partName	activity
resources.assets	8585	MonoBehaviour	parts[67].partName	romantic
resources.assets	8585	MonoBehaviour	parts[68].partName	party
resources.assets	8585	MonoBehaviour	parts[69].partName	water
resources.assets	8585	MonoBehaviour	parts[70].partName	sexy
resources.assets	8585	MonoBehaviour	parts[71].partName	sexy~
resources.assets	8585	MonoBehaviour	parts[72].partName	bonus1
resources.assets	8585	MonoBehaviour	parts[73].partName	bonus2
resources.assets	8585	MonoBehaviour	parts[74].partName	bonus3
resources.assets	8585	MonoBehaviour	parts[75].partName	bonus3~
resources.assets	8585	MonoBehaviour	parts[76].partName	bonus4
resources.assets	8585	MonoBehaviour	parts[77].partName	nipples
resources.assets	8585	MonoBehaviour	parts[78].partName	body
resources.assets	8585	MonoBehaviour	parts[79].partName	body~
resources.assets	8585	MonoBehaviour	parts[80].partName	relaxing
resources.assets	8585	MonoBehaviour	parts[81].partName	activity
resources.assets	8585	MonoBehaviour	parts[82].partName	romantic
resources.assets	8585	MonoBehaviour	parts[83].partName	party
resources.assets	8585	MonoBehaviour	parts[84].partName	water
resources.assets	8585	MonoBehaviour	parts[85].partName	sexy
resources.assets	8585	MonoBehaviour	parts[86].partName	bonus1
resources.assets	8585	MonoBehaviour	parts[87].partName	bonus2
resources.assets	8585	MonoBehaviour	parts[88].partName	bonus3
resources.assets	8585	MonoBehaviour	hairstyles[0].hairstyleName	Stay Black
resources.assets	8585	MonoBehaviour	hairstyles[1].hairstyleName	Skater Girl
resources.assets	8585	MonoBehaviour	hairstyles[2].hairstyleName	Punk Rock
resources.assets	8585	MonoBehaviour	hairstyles[3].hairstyleName	On Brand
resources.assets	8585	MonoBehaviour	hairstyles[4].hairstyleName	Red Thread
resources.assets	8585	MonoBehaviour	hairstyles[5].hairstyleName	Black Fly
resources.assets	8585	MonoBehaviour	hairstyles[6].hairstyleName	Clamouflage
resources.assets	8585	MonoBehaviour	hairstyles[7].hairstyleName	Bumble Bea
resources.assets	8585	MonoBehaviour	hairstyles[8].hairstyleName	Astronautical
resources.assets	8585	MonoBehaviour	hairstyles[9].hairstyleName	Lazy Teacher
resources.assets	8585	MonoBehaviour	outfits[0].outfitName	Stay Black
resources.assets	8585	MonoBehaviour	outfits[1].outfitName	Skater Girl
resources.assets	8585	MonoBehaviour	outfits[2].outfitName	Punk Rock
resources.assets	8585	MonoBehaviour	outfits[3].outfitName	On Brand
resources.assets	8585	MonoBehaviour	outfits[4].outfitName	Red Thread
resources.assets	8585	MonoBehaviour	outfits[5].outfitName	Black Fly
resources.assets	8585	MonoBehaviour	outfits[6].outfitName	Clamouflage
resources.assets	8585	MonoBehaviour	outfits[7].outfitName	Bumble Bea
resources.assets	8585	MonoBehaviour	outfits[8].outfitName	Astronautical
resources.assets	8585	MonoBehaviour	outfits[9].outfitName	Lazy Teacher
resources.assets	8585	MonoBehaviour	herQuestions[0].answers[0].answerText	Neither... I'm more of a personality man.
resources.assets	8585	MonoBehaviour	herQuestions[0].answers[0].answerTextAlt	Neither... I'm more of a personality girl.
resources.assets	8585	MonoBehaviour	herQuestions[0].answers[1].answerText	It's a tough choice, but I gotta go with tits.
resources.assets	8585	MonoBehaviour	herQuestions[0].answers[2].answerText	Ass man, all the way, one hundred percent.
resources.assets	8585	MonoBehaviour	herQuestions[0].answers[2].answerTextAlt	Ass girl, all the way, one hundred percent.
resources.assets	8585	MonoBehaviour	herQuestions[1].answers[0].answerText	Please, I lost that shit while I was still in the womb.
resources.assets	8585	MonoBehaviour	herQuestions[1].answers[1].answerText	About two years ago. I was... let's say, a late bloomer...
resources.assets	8585	MonoBehaviour	herQuestions[1].answers[2].answerText	Actually, you're the first person I ever had sex with.
resources.assets	8585	MonoBehaviour	herQuestions[2].answers[0].answerText	This really annoying chick keeps calling me "Sweet Cheeks".
resources.assets	8585	MonoBehaviour	herQuestions[2].answers[1].answerText	Most girls know me as "Godzilla Dick Daddy".
resources.assets	8585	MonoBehaviour	herQuestions[2].answers[1].answerTextAlt	Most girls know me as "Waterfall Pussy Princess".
resources.assets	8585	MonoBehaviour	herQuestions[2].answers[2].answerText	I prefer to be addressed as "The Match-3 Master".
resources.assets	8585	MonoBehaviour	herQuestions[3].answers[0].answerText	Of course... and successfully I might add!
resources.assets	8585	MonoBehaviour	herQuestions[3].answers[1].answerText	I never felt the need. I have plenty of girls for that.
resources.assets	8585	MonoBehaviour	herQuestions[3].answers[2].answerText	Many, many times. Unfortunately, no luck yet...
resources.assets	8585	MonoBehaviour	herQuestions[4].answers[0].answerText	Nah, I think everything should be on the table.
resources.assets	8585	MonoBehaviour	herQuestions[4].answers[1].answerText	Horrific atrocities should probably be off limits...
resources.assets	8585	MonoBehaviour	herQuestions[4].answers[2].answerText	Maybe if something JUST happened. Other than that, go for it.
resources.assets	8585	MonoBehaviour	herQuestions[5].answers[0].answerText	Believe it to not, in high school I was kind of a jock.
resources.assets	8585	MonoBehaviour	herQuestions[5].answers[1].answerText	Do you even have to ask? I was, and still am, a nerd.
resources.assets	8585	MonoBehaviour	herQuestions[5].answers[2].answerText	I almost hate to admit it, but I was a total prep.
resources.assets	8585	MonoBehaviour	herQuestions[6].answers[0].answerText	Nope, sorry, I HAVE no shame.
resources.assets	8585	MonoBehaviour	herQuestions[6].answers[1].answerText	There's a couple things I prefer not to talk about...
resources.assets	8585	MonoBehaviour	herQuestions[6].answers[2].answerText	Yeah, pretty much my entire life so far!
resources.assets	8585	MonoBehaviour	herQuestions[7].answers[0].answerText	I'm not happy about it, but I'd take one for the team.
resources.assets	8585	MonoBehaviour	herQuestions[7].answers[1].answerText	Hell to the NO! That shit is where I draw the line.
resources.assets	8585	MonoBehaviour	herQuestions[7].answers[2].answerText	Wouldn't bother me at all. I'm kinda into it to be honest.
resources.assets	8585	MonoBehaviour	herQuestions[8].answers[0].answerText	How about... "Worthless Holes"? It fits you perfectly!
resources.assets	8585	MonoBehaviour	herQuestions[8].answers[1].answerText	Pick something simple like "Ashley and the Gang".
resources.assets	8585	MonoBehaviour	herQuestions[8].answers[2].answerText	You gotta go with a cool name like "Treble Trouble".
resources.assets	8585	MonoBehaviour	herQuestions[9].answers[0].answerText	Fuck, I don't know... "humpie" or something like that?
resources.assets	8585	MonoBehaviour	herQuestions[9].answers[1].answerText	How am I supposed to guess that? It could be anything!
resources.assets	8585	MonoBehaviour	herQuestions[9].answers[2].answerText	It's obviously named after me...
resources.assets	8585	MonoBehaviour	herQuestions[10].answers[0].answerText	Why bother? I already have a sex bot named Ashley.
resources.assets	8585	MonoBehaviour	herQuestions[10].answers[1].answerText	No, I'm not fucking my dad for anything in the world.
resources.assets	8585	MonoBehaviour	herQuestions[10].answers[2].answerText	What choice do I have? I need that sex bot.
resources.assets	8585	MonoBehaviour	herQuestions[11].answers[0].answerText	Do I have to pick just one? Why not both?
resources.assets	8585	MonoBehaviour	herQuestions[11].answers[1].answerText	Hey, I wouldn't complain if you peed in my mouth.
resources.assets	8585	MonoBehaviour	herQuestions[11].answers[2].answerText	Gun to my head? I'm going with shit on my chest.
resources.assets	8586	MonoBehaviour	girlName	Abia
resources.assets	8586	MonoBehaviour	shoesAdj	a foreign girl
resources.assets	8586	MonoBehaviour	uniqueAdj	a total freak
resources.assets	8586	MonoBehaviour	parts[0].partName	neutral
resources.assets	8586	MonoBehaviour	parts[1].partName	annoyed
resources.assets	8586	MonoBehaviour	parts[2].partName	disappointed
resources.assets	8586	MonoBehaviour	parts[3].partName	excited
resources.assets	8586	MonoBehaviour	parts[4].partName	confused
resources.assets	8586	MonoBehaviour	parts[5].partName	inquisitive
resources.assets	8586	MonoBehaviour	parts[6].partName	sarcastic
resources.assets	8586	MonoBehaviour	parts[7].partName	shy
resources.assets	8586	MonoBehaviour	parts[8].partName	horny
resources.assets	8586	MonoBehaviour	parts[9].partName	relaxing
resources.assets	8586	MonoBehaviour	parts[10].partName	relaxing-alt
resources.assets	8586	MonoBehaviour	parts[11].partName	activity
resources.assets	8586	MonoBehaviour	parts[12].partName	romantic
resources.assets	8586	MonoBehaviour	parts[13].partName	romantic-alt
resources.assets	8586	MonoBehaviour	parts[14].partName	party
resources.assets	8586	MonoBehaviour	parts[15].partName	water
resources.assets	8586	MonoBehaviour	parts[16].partName	water-alt
resources.assets	8586	MonoBehaviour	parts[17].partName	sexy
resources.assets	8586	MonoBehaviour	parts[18].partName	bonus1
resources.assets	8586	MonoBehaviour	parts[19].partName	bonus1-alt
resources.assets	8586	MonoBehaviour	parts[20].partName	bonus2
resources.assets	8586	MonoBehaviour	parts[21].partName	bonus2-alt
resources.assets	8586	MonoBehaviour	parts[22].partName	bonus3
resources.assets	8586	MonoBehaviour	parts[23].partName	bonus4
resources.assets	8586	MonoBehaviour	parts[24].partName	neutral
resources.assets	8586	MonoBehaviour	parts[25].partName	annoyed
resources.assets	8586	MonoBehaviour	parts[26].partName	disappointed
resources.assets	8586	MonoBehaviour	parts[27].partName	excited
resources.assets	8586	MonoBehaviour	parts[28].partName	confused
resources.assets	8586	MonoBehaviour	parts[29].partName	inquisitive
resources.assets	8586	MonoBehaviour	parts[30].partName	sarcastic
resources.assets	8586	MonoBehaviour	parts[31].partName	shy
resources.assets	8586	MonoBehaviour	parts[32].partName	horny
resources.assets	8586	MonoBehaviour	parts[33].partName	neutral
resources.assets	8586	MonoBehaviour	parts[34].partName	annoyed
resources.assets	8586	MonoBehaviour	parts[35].partName	horny
resources.assets	8586	MonoBehaviour	parts[36].partName	blink
resources.assets	8586	MonoBehaviour	parts[37].partName	blushlight
resources.assets	8586	MonoBehaviour	parts[38].partName	blushheavy
resources.assets	8586	MonoBehaviour	parts[39].partName	neutral
resources.assets	8586	MonoBehaviour	parts[40].partName	annoyed
resources.assets	8586	MonoBehaviour	parts[41].partName	disappointed
resources.assets	8586	MonoBehaviour	parts[42].partName	excited
resources.assets	8586	MonoBehaviour	parts[43].partName	confused
resources.assets	8586	MonoBehaviour	parts[44].partName	inquisitive
resources.assets	8586	MonoBehaviour	parts[45].partName	sarcastic
resources.assets	8586	MonoBehaviour	parts[46].partName	shy
resources.assets	8586	MonoBehaviour	parts[47].partName	horny
resources.assets	8586	MonoBehaviour	parts[48].partName	neutral
resources.assets	8586	MonoBehaviour	parts[49].partName	annoyed
resources.assets	8586	MonoBehaviour	parts[50].partName	disappointed
resources.assets	8586	MonoBehaviour	parts[51].partName	excited
resources.assets	8586	MonoBehaviour	parts[52].partName	confused
resources.assets	8586	MonoBehaviour	parts[53].partName	inquisitive
resources.assets	8586	MonoBehaviour	parts[54].partName	sarcastic
resources.assets	8586	MonoBehaviour	parts[55].partName	shy
resources.assets	8586	MonoBehaviour	parts[56].partName	horny
resources.assets	8586	MonoBehaviour	parts[57].partName	aeil
resources.assets	8586	MonoBehaviour	parts[58].partName	bmp
resources.assets	8586	MonoBehaviour	parts[59].partName	oquw
resources.assets	8586	MonoBehaviour	parts[60].partName	fv
resources.assets	8586	MonoBehaviour	parts[61].partName	other
resources.assets	8586	MonoBehaviour	parts[62].partName	aeil
resources.assets	8586	MonoBehaviour	parts[63].partName	bmp
resources.assets	8586	MonoBehaviour	parts[64].partName	oquw
resources.assets	8586	MonoBehaviour	parts[65].partName	fv
resources.assets	8586	MonoBehaviour	parts[66].partName	other
resources.assets	8586	MonoBehaviour	parts[67].partName	relaxing
resources.assets	8586	MonoBehaviour	parts[68].partName	activity
resources.assets	8586	MonoBehaviour	parts[69].partName	romantic
resources.assets	8586	MonoBehaviour	parts[70].partName	party
resources.assets	8586	MonoBehaviour	parts[71].partName	water
resources.assets	8586	MonoBehaviour	parts[72].partName	sexy
resources.assets	8586	MonoBehaviour	parts[73].partName	bonus1
resources.assets	8586	MonoBehaviour	parts[74].partName	bonus1~
resources.assets	8586	MonoBehaviour	parts[75].partName	bonus2
resources.assets	8586	MonoBehaviour	parts[76].partName	bonus3
resources.assets	8586	MonoBehaviour	parts[77].partName	bonus4
resources.assets	8586	MonoBehaviour	parts[78].partName	nipples
resources.assets	8586	MonoBehaviour	parts[79].partName	body
resources.assets	8586	MonoBehaviour	parts[80].partName	relaxing
resources.assets	8586	MonoBehaviour	parts[81].partName	relaxing-alt
resources.assets	8586	MonoBehaviour	parts[82].partName	activity
resources.assets	8586	MonoBehaviour	parts[83].partName	romantic
resources.assets	8586	MonoBehaviour	parts[84].partName	romantic-alt
resources.assets	8586	MonoBehaviour	parts[85].partName	party
resources.assets	8586	MonoBehaviour	parts[86].partName	water
resources.assets	8586	MonoBehaviour	parts[87].partName	water-alt
resources.assets	8586	MonoBehaviour	parts[88].partName	sexy
resources.assets	8586	MonoBehaviour	parts[89].partName	bonus1
resources.assets	8586	MonoBehaviour	parts[90].partName	bonus1-alt
resources.assets	8586	MonoBehaviour	parts[91].partName	bonus2
resources.assets	8586	MonoBehaviour	parts[92].partName	bonus2-alt
resources.assets	8586	MonoBehaviour	parts[93].partName	bonus3
resources.assets	8586	MonoBehaviour	hairstyles[0].hairstyleName	Traditional
resources.assets	8586	MonoBehaviour	hairstyles[1].hairstyleName	Flarora
resources.assets	8586	MonoBehaviour	hairstyles[2].hairstyleName	Modesty
resources.assets	8586	MonoBehaviour	hairstyles[3].hairstyleName	Arabian Allure
resources.assets	8586	MonoBehaviour	hairstyles[4].hairstyleName	Invisikini
resources.assets	8586	MonoBehaviour	hairstyles[5].hairstyleName	Silk Road
resources.assets	8586	MonoBehaviour	hairstyles[6].hairstyleName	Morning Delight
resources.assets	8586	MonoBehaviour	hairstyles[7].hairstyleName	Airport Security
resources.assets	8586	MonoBehaviour	hairstyles[8].hairstyleName	Assassin
resources.assets	8586	MonoBehaviour	hairstyles[9].hairstyleName	Birthday Suit
resources.assets	8586	MonoBehaviour	outfits[0].outfitName	Traditional
resources.assets	8586	MonoBehaviour	outfits[1].outfitName	Flarora
resources.assets	8586	MonoBehaviour	outfits[2].outfitName	Modesty
resources.assets	8586	MonoBehaviour	outfits[3].outfitName	Arabian Allure
resources.assets	8586	MonoBehaviour	outfits[4].outfitName	Invisikini
resources.assets	8586	MonoBehaviour	outfits[5].outfitName	Silk Road
resources.assets	8586	MonoBehaviour	outfits[6].outfitName	Morning Delight
resources.assets	8586	MonoBehaviour	outfits[7].outfitName	Airport Security
resources.assets	8586	MonoBehaviour	outfits[8].outfitName	Assassin
resources.assets	8586	MonoBehaviour	outfits[9].outfitName	Birthday Suit
resources.assets	8586	MonoBehaviour	herQuestions[0].answers[0].answerText	I hate to admit it, but... finishing too quickly.
resources.assets	8586	MonoBehaviour	herQuestions[0].answers[1].answerText	There's been a few times where I couldn't... get it up.
resources.assets	8586	MonoBehaviour	herQuestions[0].answers[1].answerTextAlt	There's been a few times where I couldn't... make it wet.
resources.assets	8586	MonoBehaviour	herQuestions[0].answers[2].answerText	One time I farted right when I was about to finish.
resources.assets	8586	MonoBehaviour	herQuestions[1].answers[0].answerText	I prefer to take on the more dominate role.
resources.assets	8586	MonoBehaviour	herQuestions[1].answers[1].answerText	I usually end up in a more submissive role.
resources.assets	8586	MonoBehaviour	herQuestions[1].answers[2].answerText	I can play either role. It depends who I'm with.
resources.assets	8586	MonoBehaviour	herQuestions[2].answers[0].answerText	Nah, I'm pretty much game for anything.
resources.assets	8586	MonoBehaviour	herQuestions[2].answers[1].answerText	I can't really get into the hitting and choking stuff.
resources.assets	8586	MonoBehaviour	herQuestions[2].answers[2].answerText	If she's on her period, I'm not going down on her.
resources.assets	8586	MonoBehaviour	herQuestions[3].answers[0].answerText	I just go into the bathroom and take care of business.
resources.assets	8586	MonoBehaviour	herQuestions[3].answers[1].answerText	If it's bad enough, I'll just leave work early.
resources.assets	8586	MonoBehaviour	herQuestions[3].answers[2].answerText	My advice is to try to think of something else.
resources.assets	8586	MonoBehaviour	herQuestions[4].answers[0].answerText	I'll never forget the day my mom walked in on me...
resources.assets	8586	MonoBehaviour	herQuestions[4].answers[1].answerText	No, thank god. I could never face that person again.
resources.assets	8586	MonoBehaviour	herQuestions[4].answers[2].answerText	Does accidentally live-streaming it count as being caught?
resources.assets	8586	MonoBehaviour	herQuestions[5].answers[0].answerText	My all time record is about six hours.
resources.assets	8586	MonoBehaviour	herQuestions[5].answers[1].answerText	I've made it past day two, but that's about it...
resources.assets	8586	MonoBehaviour	herQuestions[5].answers[2].answerText	I could go weeks if I had to, no problem.
resources.assets	8586	MonoBehaviour	herQuestions[6].answers[0].answerText	Sex slavery, where she's the slave and I'm the master.
resources.assets	8586	MonoBehaviour	herQuestions[6].answers[1].answerText	Prostitution, where she's the hooker and I'm the client.
resources.assets	8586	MonoBehaviour	herQuestions[6].answers[2].answerText	Age play, where she's the big and I'm the little.
resources.assets	8586	MonoBehaviour	herQuestions[7].answers[0].answerText	It tastes like a sweaty armpit smells.
resources.assets	8586	MonoBehaviour	herQuestions[7].answers[1].answerText	It's like if you poured milk into a bowl of loose change.
resources.assets	8586	MonoBehaviour	herQuestions[7].answers[2].answerText	It's a bit fishy if I'm being honest.
resources.assets	8586	MonoBehaviour	herQuestions[8].answers[0].answerText	I may have recently developed a water sports fetish...
resources.assets	8586	MonoBehaviour	herQuestions[8].answers[1].answerText	Half of my bookmarks are just girls sitting on balloons.
resources.assets	8586	MonoBehaviour	herQuestions[8].answers[2].answerText	I most certainly have. You ever heard of cake farting?
resources.assets	8586	MonoBehaviour	herQuestions[9].answers[0].answerText	Totally nude! Nothing but my birthday suit!
resources.assets	8586	MonoBehaviour	herQuestions[9].answers[1].answerText	I have to at least wear my underwear and socks.
resources.assets	8586	MonoBehaviour	herQuestions[9].answers[2].answerText	I can't fall asleep without my cozy pajamas on.
resources.assets	8586	MonoBehaviour	herQuestions[10].answers[0].answerText	I turn the volume all the way up so my neighbors can't hear.
resources.assets	8586	MonoBehaviour	herQuestions[10].answers[1].answerText	Sometimes I put on some slow jams to set the mood.
resources.assets	8586	MonoBehaviour	herQuestions[10].answers[2].answerText	No, the only thing I want to hear is the moaning...
resources.assets	8586	MonoBehaviour	herQuestions[11].answers[0].answerText	Boobs, always boobs. Big ones, small ones, medium sized ones...
resources.assets	8586	MonoBehaviour	herQuestions[11].answers[1].answerText	Whether or not I remembered to lock my apartment door...
resources.assets	8586	MonoBehaviour	herQuestions[11].answers[2].answerText	How do aliens from another planet have human sex organs?
resources.assets	8587	MonoBehaviour	girlName	Polly
resources.assets	8587	MonoBehaviour	shoesAdj	a classy gal
resources.assets	8587	MonoBehaviour	uniqueAdj	an old-fashioned girl
resources.assets	8587	MonoBehaviour	altStylesFlagName	pollys_junk
resources.assets	8587	MonoBehaviour	parts[0].partName	neutral
resources.assets	8587	MonoBehaviour	parts[1].partName	annoyed
resources.assets	8587	MonoBehaviour	parts[2].partName	disappointed
resources.assets	8587	MonoBehaviour	parts[3].partName	excited
resources.assets	8587	MonoBehaviour	parts[4].partName	confused
resources.assets	8587	MonoBehaviour	parts[5].partName	inquisitive
resources.assets	8587	MonoBehaviour	parts[6].partName	sarcastic
resources.assets	8587	MonoBehaviour	parts[7].partName	shy
resources.assets	8587	MonoBehaviour	parts[8].partName	horny
resources.assets	8587	MonoBehaviour	parts[9].partName	relaxing
resources.assets	8587	MonoBehaviour	parts[10].partName	activity
resources.assets	8587	MonoBehaviour	parts[11].partName	romantic
resources.assets	8587	MonoBehaviour	parts[12].partName	party
resources.assets	8587	MonoBehaviour	parts[13].partName	water
resources.assets	8587	MonoBehaviour	parts[14].partName	sexy
resources.assets	8587	MonoBehaviour	parts[15].partName	bonus1
resources.assets	8587	MonoBehaviour	parts[16].partName	bonus2
resources.assets	8587	MonoBehaviour	parts[17].partName	bonus3
resources.assets	8587	MonoBehaviour	parts[18].partName	bonus4
resources.assets	8587	MonoBehaviour	parts[19].partName	neutral
resources.assets	8587	MonoBehaviour	parts[20].partName	annoyed
resources.assets	8587	MonoBehaviour	parts[21].partName	disappointed
resources.assets	8587	MonoBehaviour	parts[22].partName	excited
resources.assets	8587	MonoBehaviour	parts[23].partName	confused
resources.assets	8587	MonoBehaviour	parts[24].partName	inquisitive
resources.assets	8587	MonoBehaviour	parts[25].partName	sarcastic
resources.assets	8587	MonoBehaviour	parts[26].partName	shy
resources.assets	8587	MonoBehaviour	parts[27].partName	horny
resources.assets	8587	MonoBehaviour	parts[28].partName	neutral
resources.assets	8587	MonoBehaviour	parts[29].partName	annoyed
resources.assets	8587	MonoBehaviour	parts[30].partName	horny
resources.assets	8587	MonoBehaviour	parts[31].partName	blink
resources.assets	8587	MonoBehaviour	parts[32].partName	blushlight
resources.assets	8587	MonoBehaviour	parts[33].partName	blushheavy
resources.assets	8587	MonoBehaviour	parts[34].partName	neutral
resources.assets	8587	MonoBehaviour	parts[35].partName	annoyed
resources.assets	8587	MonoBehaviour	parts[36].partName	disappointed
resources.assets	8587	MonoBehaviour	parts[37].partName	excited
resources.assets	8587	MonoBehaviour	parts[38].partName	confused
resources.assets	8587	MonoBehaviour	parts[39].partName	inquisitive
resources.assets	8587	MonoBehaviour	parts[40].partName	sarcastic
resources.assets	8587	MonoBehaviour	parts[41].partName	shy
resources.assets	8587	MonoBehaviour	parts[42].partName	horny
resources.assets	8587	MonoBehaviour	parts[43].partName	neutral
resources.assets	8587	MonoBehaviour	parts[44].partName	annoyed
resources.assets	8587	MonoBehaviour	parts[45].partName	disappointed
resources.assets	8587	MonoBehaviour	parts[46].partName	excited
resources.assets	8587	MonoBehaviour	parts[47].partName	confused
resources.assets	8587	MonoBehaviour	parts[48].partName	inquisitive
resources.assets	8587	MonoBehaviour	parts[49].partName	sarcastic
resources.assets	8587	MonoBehaviour	parts[50].partName	shy
resources.assets	8587	MonoBehaviour	parts[51].partName	horny
resources.assets	8587	MonoBehaviour	parts[52].partName	aeil
resources.assets	8587	MonoBehaviour	parts[53].partName	bmp
resources.assets	8587	MonoBehaviour	parts[54].partName	oquw
resources.assets	8587	MonoBehaviour	parts[55].partName	fv
resources.assets	8587	MonoBehaviour	parts[56].partName	other
resources.assets	8587	MonoBehaviour	parts[57].partName	aeil
resources.assets	8587	MonoBehaviour	parts[58].partName	bmp
resources.assets	8587	MonoBehaviour	parts[59].partName	oquw
resources.assets	8587	MonoBehaviour	parts[60].partName	fv
resources.assets	8587	MonoBehaviour	parts[61].partName	other
resources.assets	8587	MonoBehaviour	parts[62].partName	relaxing
resources.assets	8587	MonoBehaviour	parts[63].partName	activity
resources.assets	8587	MonoBehaviour	parts[64].partName	romantic
resources.assets	8587	MonoBehaviour	parts[65].partName	party
resources.assets	8587	MonoBehaviour	parts[66].partName	party-alt
resources.assets	8587	MonoBehaviour	parts[67].partName	water
resources.assets	8587	MonoBehaviour	parts[68].partName	water-alt
resources.assets	8587	MonoBehaviour	parts[69].partName	sexy
resources.assets	8587	MonoBehaviour	parts[70].partName	sexy-alt
resources.assets	8587	MonoBehaviour	parts[71].partName	bonus1
resources.assets	8587	MonoBehaviour	parts[72].partName	bonus2
resources.assets	8587	MonoBehaviour	parts[73].partName	bonus2-alt
resources.assets	8587	MonoBehaviour	parts[74].partName	bonus3
resources.assets	8587	MonoBehaviour	parts[75].partName	bonus3-alt
resources.assets	8587	MonoBehaviour	parts[76].partName	bonus4
resources.assets	8587	MonoBehaviour	parts[77].partName	nipples
resources.assets	8587	MonoBehaviour	parts[78].partName	body
resources.assets	8587	MonoBehaviour	parts[79].partName	body~
resources.assets	8587	MonoBehaviour	parts[80].partName	relaxing
resources.assets	8587	MonoBehaviour	parts[81].partName	activity
resources.assets	8587	MonoBehaviour	parts[82].partName	romantic
resources.assets	8587	MonoBehaviour	parts[83].partName	party
resources.assets	8587	MonoBehaviour	parts[84].partName	water
resources.assets	8587	MonoBehaviour	parts[85].partName	sexy
resources.assets	8587	MonoBehaviour	parts[86].partName	bonus1
resources.assets	8587	MonoBehaviour	parts[87].partName	bonus2
resources.assets	8587	MonoBehaviour	parts[88].partName	bonus3
resources.assets	8587	MonoBehaviour	hairstyles[0].hairstyleName	Fifties
resources.assets	8587	MonoBehaviour	hairstyles[1].hairstyleName	Forties
resources.assets	8587	MonoBehaviour	hairstyles[2].hairstyleName	Seventies
resources.assets	8587	MonoBehaviour	hairstyles[3].hairstyleName	Eighties
resources.assets	8587	MonoBehaviour	hairstyles[4].hairstyleName	Pin-up Girl
resources.assets	8587	MonoBehaviour	hairstyles[5].hairstyleName	Wife Material
resources.assets	8587	MonoBehaviour	hairstyles[6].hairstyleName	Tuxedo
resources.assets	8587	MonoBehaviour	hairstyles[7].hairstyleName	Sex Symbol
resources.assets	8587	MonoBehaviour	hairstyles[8].hairstyleName	Roller Skate
resources.assets	8587	MonoBehaviour	hairstyles[9].hairstyleName	Wedding Night
resources.assets	8587	MonoBehaviour	outfits[0].outfitName	Fifties
resources.assets	8587	MonoBehaviour	outfits[1].outfitName	Forties
resources.assets	8587	MonoBehaviour	outfits[2].outfitName	Seventies
resources.assets	8587	MonoBehaviour	outfits[3].outfitName	Eighties
resources.assets	8587	MonoBehaviour	outfits[4].outfitName	Pin-up Girl
resources.assets	8587	MonoBehaviour	outfits[5].outfitName	Wife Material
resources.assets	8587	MonoBehaviour	outfits[6].outfitName	Tuxedo
resources.assets	8587	MonoBehaviour	outfits[7].outfitName	Sex Symbol
resources.assets	8587	MonoBehaviour	outfits[8].outfitName	Roller Skate
resources.assets	8587	MonoBehaviour	outfits[9].outfitName	Wedding Night
resources.assets	8587	MonoBehaviour	herQuestions[0].answers[0].answerText	I'm going all out with a huge venue, flowers, doves... the works!
resources.assets	8587	MonoBehaviour	herQuestions[0].answers[1].answerText	I don't care... a Vegas wedding would be fine by me.
resources.assets	8587	MonoBehaviour	herQuestions[0].answers[2].answerText	A small wedding in the backyard with family and close friends.
resources.assets	8587	MonoBehaviour	herQuestions[1].answers[0].answerText	If you don't know in six months, it's not going to work out.
resources.assets	8587	MonoBehaviour	herQuestions[1].answers[1].answerText	You probably want to date for at least a year or two.
resources.assets	8587	MonoBehaviour	herQuestions[1].answers[2].answerText	It takes at least five years to truly get to know someone.
resources.assets	8587	MonoBehaviour	herQuestions[2].answers[0].answerText	Personally? I feel good about fulfilling my obligations as a man.
resources.assets	8587	MonoBehaviour	herQuestions[2].answers[0].answerTextAlt	Personally? I feel good about fulfilling my obligations as a woman.
resources.assets	8587	MonoBehaviour	herQuestions[2].answers[1].answerText	People should take on whatever role they're comfortable with.
resources.assets	8587	MonoBehaviour	herQuestions[2].answers[2].answerText	Absolutely not! We should work to break those stereotypes.
resources.assets	8587	MonoBehaviour	herQuestions[3].answers[0].answerText	I'd be much happier in the past. Those were simpler times.
resources.assets	8587	MonoBehaviour	herQuestions[3].answers[1].answerText	Life here in the present is pretty good if you ask me.
resources.assets	8587	MonoBehaviour	herQuestions[3].answers[2].answerText	I belong in the future with my cyborg brothers.
resources.assets	8587	MonoBehaviour	herQuestions[3].answers[2].answerTextAlt	I belong in the future with my cyborg sisters.
resources.assets	8587	MonoBehaviour	herQuestions[4].answers[0].answerText	Power is everything. How could you NOT choose power?
resources.assets	8587	MonoBehaviour	herQuestions[4].answers[1].answerText	I gotta grab the cash. Money makes the world go round!
resources.assets	8587	MonoBehaviour	herQuestions[4].answers[2].answerText	I don't think I could turn down the chance to be famous.
resources.assets	8587	MonoBehaviour	herQuestions[5].answers[0].answerText	I think it's a good way to ruin a relationship forever.
resources.assets	8587	MonoBehaviour	herQuestions[5].answers[1].answerText	I've never tried it, but, I might be open to it...
resources.assets	8587	MonoBehaviour	herQuestions[5].answers[2].answerText	I get to bang whoever I want? Hell yeah! Sign me up!
resources.assets	8587	MonoBehaviour	herQuestions[6].answers[0].answerText	Sex is great, but nothing beats a delicious home cooked meal.
resources.assets	8587	MonoBehaviour	herQuestions[6].answers[1].answerText	I'd happily starve as long as she knows what she's doing in bed!
resources.assets	8587	MonoBehaviour	herQuestions[6].answers[2].answerText	Neither one! I'd rather have her be good in the BOARDROOM!
resources.assets	8587	MonoBehaviour	herQuestions[7].answers[0].answerText	I like to cuddle for a little while.
resources.assets	8587	MonoBehaviour	herQuestions[7].answers[1].answerText	I'm ready to go for another round!
resources.assets	8587	MonoBehaviour	herQuestions[7].answers[2].answerText	I get the sudden urge to play video games.
resources.assets	8587	MonoBehaviour	herQuestions[8].answers[0].answerText	I don't see anything wrong with getting hitched in your twenties.
resources.assets	8587	MonoBehaviour	herQuestions[8].answers[1].answerText	You ought to be married by the end of your thirties at least.
resources.assets	8587	MonoBehaviour	herQuestions[8].answers[2].answerText	Nowadays, it seems like people are waiting until their forties.
resources.assets	8587	MonoBehaviour	herQuestions[9].answers[0].answerText	I like girly girls. Lipstick, perfume, cute dresses and heels!
resources.assets	8587	MonoBehaviour	herQuestions[9].answers[1].answerText	I tend to gravitate toward girls who break the stereotypical mould.
resources.assets	8587	MonoBehaviour	herQuestions[9].answers[2].answerText	I'll take any girl who's willing to engage in sexual relations.
resources.assets	8587	MonoBehaviour	herQuestions[10].answers[0].answerText	Why don't you try doing an ASMR video?
resources.assets	8587	MonoBehaviour	herQuestions[10].answers[1].answerText	I wouldn't mind seeing you upload a sex tape...
resources.assets	8587	MonoBehaviour	herQuestions[10].answers[2].answerText	You could start a daily VLOG series!
resources.assets	8587	MonoBehaviour	herQuestions[11].answers[0].answerText	Sometimes I sing an entire album in there!
resources.assets	8587	MonoBehaviour	herQuestions[11].answers[1].answerText	Well, hair conditioner does make pretty good lube...
resources.assets	8587	MonoBehaviour	herQuestions[11].answers[2].answerText	I just think about what I have to do that day.
resources.assets	8588	MonoBehaviour	girlName	Kyu
resources.assets	8588	MonoBehaviour	parts[0].partName	neutral
resources.assets	8588	MonoBehaviour	parts[1].partName	annoyed
resources.assets	8588	MonoBehaviour	parts[2].partName	disappointed
resources.assets	8588	MonoBehaviour	parts[3].partName	excited
resources.assets	8588	MonoBehaviour	parts[4].partName	confused
resources.assets	8588	MonoBehaviour	parts[5].partName	inquisitive
resources.assets	8588	MonoBehaviour	parts[6].partName	sarcastic
resources.assets	8588	MonoBehaviour	parts[7].partName	shy
resources.assets	8588	MonoBehaviour	parts[8].partName	horny
resources.assets	8588	MonoBehaviour	parts[9].partName	relaxing
resources.assets	8588	MonoBehaviour	parts[10].partName	relaxing~
resources.assets	8588	MonoBehaviour	parts[11].partName	activity
resources.assets	8588	MonoBehaviour	parts[12].partName	romantic
resources.assets	8588	MonoBehaviour	parts[13].partName	party
resources.assets	8588	MonoBehaviour	parts[14].partName	water
resources.assets	8588	MonoBehaviour	parts[15].partName	sexy
resources.assets	8588	MonoBehaviour	parts[16].partName	neutral
resources.assets	8588	MonoBehaviour	parts[17].partName	annoyed
resources.assets	8588	MonoBehaviour	parts[18].partName	disappointed
resources.assets	8588	MonoBehaviour	parts[19].partName	excited
resources.assets	8588	MonoBehaviour	parts[20].partName	confused
resources.assets	8588	MonoBehaviour	parts[21].partName	inquisitive
resources.assets	8588	MonoBehaviour	parts[22].partName	sarcastic
resources.assets	8588	MonoBehaviour	parts[23].partName	shy
resources.assets	8588	MonoBehaviour	parts[24].partName	horny
resources.assets	8588	MonoBehaviour	parts[25].partName	blink
resources.assets	8588	MonoBehaviour	parts[26].partName	blushlight
resources.assets	8588	MonoBehaviour	parts[27].partName	blushheavy
resources.assets	8588	MonoBehaviour	parts[28].partName	neutral
resources.assets	8588	MonoBehaviour	parts[29].partName	annoyed
resources.assets	8588	MonoBehaviour	parts[30].partName	disappointed
resources.assets	8588	MonoBehaviour	parts[31].partName	excited
resources.assets	8588	MonoBehaviour	parts[32].partName	confused
resources.assets	8588	MonoBehaviour	parts[33].partName	inquisitive
resources.assets	8588	MonoBehaviour	parts[34].partName	sarcastic
resources.assets	8588	MonoBehaviour	parts[35].partName	shy
resources.assets	8588	MonoBehaviour	parts[36].partName	horny
resources.assets	8588	MonoBehaviour	parts[37].partName	neutral
resources.assets	8588	MonoBehaviour	parts[38].partName	annoyed
resources.assets	8588	MonoBehaviour	parts[39].partName	disappointed
resources.assets	8588	MonoBehaviour	parts[40].partName	excited
resources.assets	8588	MonoBehaviour	parts[41].partName	confused
resources.assets	8588	MonoBehaviour	parts[42].partName	inquisitive
resources.assets	8588	MonoBehaviour	parts[43].partName	sarcastic
resources.assets	8588	MonoBehaviour	parts[44].partName	shy
resources.assets	8588	MonoBehaviour	parts[45].partName	horny
resources.assets	8588	MonoBehaviour	parts[46].partName	aeil
resources.assets	8588	MonoBehaviour	parts[47].partName	bmp
resources.assets	8588	MonoBehaviour	parts[48].partName	oquw
resources.assets	8588	MonoBehaviour	parts[49].partName	fv
resources.assets	8588	MonoBehaviour	parts[50].partName	other
resources.assets	8588	MonoBehaviour	parts[51].partName	aeil
resources.assets	8588	MonoBehaviour	parts[52].partName	bmp
resources.assets	8588	MonoBehaviour	parts[53].partName	oquw
resources.assets	8588	MonoBehaviour	parts[54].partName	fv
resources.assets	8588	MonoBehaviour	parts[55].partName	other
resources.assets	8588	MonoBehaviour	parts[56].partName	relaxing
resources.assets	8588	MonoBehaviour	parts[57].partName	relaxing~
resources.assets	8588	MonoBehaviour	parts[58].partName	activity
resources.assets	8588	MonoBehaviour	parts[59].partName	romantic
resources.assets	8588	MonoBehaviour	parts[60].partName	party
resources.assets	8588	MonoBehaviour	parts[61].partName	party-alt
resources.assets	8588	MonoBehaviour	parts[62].partName	water
resources.assets	8588	MonoBehaviour	parts[63].partName	sexy
resources.assets	8588	MonoBehaviour	parts[64].partName	nipples
resources.assets	8588	MonoBehaviour	parts[65].partName	body
resources.assets	8588	MonoBehaviour	parts[66].partName	relaxing
resources.assets	8588	MonoBehaviour	parts[67].partName	activity
resources.assets	8588	MonoBehaviour	parts[68].partName	romantic
resources.assets	8588	MonoBehaviour	parts[69].partName	party
resources.assets	8588	MonoBehaviour	parts[70].partName	water
resources.assets	8588	MonoBehaviour	parts[71].partName	sexy
resources.assets	8588	MonoBehaviour	hairstyles[0].hairstyleName	relaxing
resources.assets	8588	MonoBehaviour	hairstyles[1].hairstyleName	activity
resources.assets	8588	MonoBehaviour	hairstyles[2].hairstyleName	romantic
resources.assets	8588	MonoBehaviour	hairstyles[3].hairstyleName	party
resources.assets	8588	MonoBehaviour	hairstyles[4].hairstyleName	water
resources.assets	8588	MonoBehaviour	hairstyles[5].hairstyleName	sexy
resources.assets	8588	MonoBehaviour	outfits[0].outfitName	relaxing
resources.assets	8588	MonoBehaviour	outfits[1].outfitName	activity
resources.assets	8588	MonoBehaviour	outfits[2].outfitName	romantic
resources.assets	8588	MonoBehaviour	outfits[3].outfitName	party
resources.assets	8588	MonoBehaviour	outfits[4].outfitName	water
resources.assets	8588	MonoBehaviour	outfits[5].outfitName	sexy
resources.assets	8589	MonoBehaviour	girlName	Moxie
resources.assets	8589	MonoBehaviour	parts[0].partName	neutral
resources.assets	8589	MonoBehaviour	parts[1].partName	annoyed
resources.assets	8589	MonoBehaviour	parts[2].partName	disappointed
resources.assets	8589	MonoBehaviour	parts[3].partName	excited
resources.assets	8589	MonoBehaviour	parts[4].partName	confused
resources.assets	8589	MonoBehaviour	parts[5].partName	inquisitive
resources.assets	8589	MonoBehaviour	parts[6].partName	sarcastic
resources.assets	8589	MonoBehaviour	parts[7].partName	shy
resources.assets	8589	MonoBehaviour	parts[8].partName	horny
resources.assets	8589	MonoBehaviour	parts[9].partName	sexy
resources.assets	8589	MonoBehaviour	parts[10].partName	neutral
resources.assets	8589	MonoBehaviour	parts[11].partName	annoyed
resources.assets	8589	MonoBehaviour	parts[12].partName	disappointed
resources.assets	8589	MonoBehaviour	parts[13].partName	excited
resources.assets	8589	MonoBehaviour	parts[14].partName	confused
resources.assets	8589	MonoBehaviour	parts[15].partName	inquisitive
resources.assets	8589	MonoBehaviour	parts[16].partName	sarcastic
resources.assets	8589	MonoBehaviour	parts[17].partName	shy
resources.assets	8589	MonoBehaviour	parts[18].partName	horny
resources.assets	8589	MonoBehaviour	parts[19].partName	blink
resources.assets	8589	MonoBehaviour	parts[20].partName	blushlight
resources.assets	8589	MonoBehaviour	parts[21].partName	blushheavy
resources.assets	8589	MonoBehaviour	parts[22].partName	neutral
resources.assets	8589	MonoBehaviour	parts[23].partName	annoyed
resources.assets	8589	MonoBehaviour	parts[24].partName	disappointed
resources.assets	8589	MonoBehaviour	parts[25].partName	excited
resources.assets	8589	MonoBehaviour	parts[26].partName	confused
resources.assets	8589	MonoBehaviour	parts[27].partName	inquisitive
resources.assets	8589	MonoBehaviour	parts[28].partName	sarcastic
resources.assets	8589	MonoBehaviour	parts[29].partName	shy
resources.assets	8589	MonoBehaviour	parts[30].partName	horny
resources.assets	8589	MonoBehaviour	parts[31].partName	neutral
resources.assets	8589	MonoBehaviour	parts[32].partName	annoyed
resources.assets	8589	MonoBehaviour	parts[33].partName	disappointed
resources.assets	8589	MonoBehaviour	parts[34].partName	excited
resources.assets	8589	MonoBehaviour	parts[35].partName	confused
resources.assets	8589	MonoBehaviour	parts[36].partName	inquisitive
resources.assets	8589	MonoBehaviour	parts[37].partName	sarcastic
resources.assets	8589	MonoBehaviour	parts[38].partName	shy
resources.assets	8589	MonoBehaviour	parts[39].partName	horny
resources.assets	8589	MonoBehaviour	parts[40].partName	aeil
resources.assets	8589	MonoBehaviour	parts[41].partName	bmp
resources.assets	8589	MonoBehaviour	parts[42].partName	oquw
resources.assets	8589	MonoBehaviour	parts[43].partName	fv
resources.assets	8589	MonoBehaviour	parts[44].partName	other
resources.assets	8589	MonoBehaviour	parts[45].partName	aeil
resources.assets	8589	MonoBehaviour	parts[46].partName	bmp
resources.assets	8589	MonoBehaviour	parts[47].partName	oquw
resources.assets	8589	MonoBehaviour	parts[48].partName	fv
resources.assets	8589	MonoBehaviour	parts[49].partName	other
resources.assets	8589	MonoBehaviour	parts[50].partName	sexy
resources.assets	8589	MonoBehaviour	parts[51].partName	nipples
resources.assets	8589	MonoBehaviour	parts[52].partName	body
resources.assets	8589	MonoBehaviour	parts[53].partName	sexy
resources.assets	8589	MonoBehaviour	hairstyles[0].hairstyleName	sexy
resources.assets	8589	MonoBehaviour	outfits[0].outfitName	sexy
resources.assets	8590	MonoBehaviour	girlName	Jewn
resources.assets	8590	MonoBehaviour	parts[0].partName	neutral
resources.assets	8590	MonoBehaviour	parts[1].partName	annoyed
resources.assets	8590	MonoBehaviour	parts[2].partName	disappointed
resources.assets	8590	MonoBehaviour	parts[3].partName	excited
resources.assets	8590	MonoBehaviour	parts[4].partName	confused
resources.assets	8590	MonoBehaviour	parts[5].partName	inquisitive
resources.assets	8590	MonoBehaviour	parts[6].partName	sarcastic
resources.assets	8590	MonoBehaviour	parts[7].partName	shy
resources.assets	8590	MonoBehaviour	parts[8].partName	horny
resources.assets	8590	MonoBehaviour	parts[9].partName	sexy
resources.assets	8590	MonoBehaviour	parts[10].partName	neutral
resources.assets	8590	MonoBehaviour	parts[11].partName	annoyed
resources.assets	8590	MonoBehaviour	parts[12].partName	disappointed
resources.assets	8590	MonoBehaviour	parts[13].partName	excited
resources.assets	8590	MonoBehaviour	parts[14].partName	confused
resources.assets	8590	MonoBehaviour	parts[15].partName	inquisitive
resources.assets	8590	MonoBehaviour	parts[16].partName	sarcastic
resources.assets	8590	MonoBehaviour	parts[17].partName	shy
resources.assets	8590	MonoBehaviour	parts[18].partName	horny
resources.assets	8590	MonoBehaviour	parts[19].partName	blink
resources.assets	8590	MonoBehaviour	parts[20].partName	blushlight
resources.assets	8590	MonoBehaviour	parts[21].partName	blushheavy
resources.assets	8590	MonoBehaviour	parts[22].partName	neutral
resources.assets	8590	MonoBehaviour	parts[23].partName	annoyed
resources.assets	8590	MonoBehaviour	parts[24].partName	disappointed
resources.assets	8590	MonoBehaviour	parts[25].partName	excited
resources.assets	8590	MonoBehaviour	parts[26].partName	confused
resources.assets	8590	MonoBehaviour	parts[27].partName	inquisitive
resources.assets	8590	MonoBehaviour	parts[28].partName	sarcastic
resources.assets	8590	MonoBehaviour	parts[29].partName	shy
resources.assets	8590	MonoBehaviour	parts[30].partName	horny
resources.assets	8590	MonoBehaviour	parts[31].partName	neutral
resources.assets	8590	MonoBehaviour	parts[32].partName	annoyed
resources.assets	8590	MonoBehaviour	parts[33].partName	disappointed
resources.assets	8590	MonoBehaviour	parts[34].partName	excited
resources.assets	8590	MonoBehaviour	parts[35].partName	confused
resources.assets	8590	MonoBehaviour	parts[36].partName	inquisitive
resources.assets	8590	MonoBehaviour	parts[37].partName	sarcastic
resources.assets	8590	MonoBehaviour	parts[38].partName	shy
resources.assets	8590	MonoBehaviour	parts[39].partName	horny
resources.assets	8590	MonoBehaviour	parts[40].partName	aeil
resources.assets	8590	MonoBehaviour	parts[41].partName	bmp
resources.assets	8590	MonoBehaviour	parts[42].partName	oquw
resources.assets	8590	MonoBehaviour	parts[43].partName	fv
resources.assets	8590	MonoBehaviour	parts[44].partName	other
resources.assets	8590	MonoBehaviour	parts[45].partName	aeil
resources.assets	8590	MonoBehaviour	parts[46].partName	bmp
resources.assets	8590	MonoBehaviour	parts[47].partName	oquw
resources.assets	8590	MonoBehaviour	parts[48].partName	fv
resources.assets	8590	MonoBehaviour	parts[49].partName	other
resources.assets	8590	MonoBehaviour	parts[50].partName	sexy
resources.assets	8590	MonoBehaviour	parts[51].partName	nipples
resources.assets	8590	MonoBehaviour	parts[52].partName	body
resources.assets	8590	MonoBehaviour	parts[53].partName	sexy
resources.assets	8590	MonoBehaviour	hairstyles[0].hairstyleName	sexy
resources.assets	8590	MonoBehaviour	outfits[0].outfitName	sexy
resources.assets	8591	MonoBehaviour	itemName	Busy Schedule
resources.assets	8591	MonoBehaviour	itemDescription	Lola will shorten the date due to time constraints by taking an additional 1 [[joy]@Move] after every 10 moves.
resources.assets	8592	MonoBehaviour	itemName	Caffeine Junkie
resources.assets	8592	MonoBehaviour	itemDescription	Lola's caffeine addiction will cause her to absorb all [[stamina]@Stamina] matches, unless she's exhausted or upset.
resources.assets	8593	MonoBehaviour	itemName	Miss Independent
resources.assets	8593	MonoBehaviour	itemDescription	Lola will refuse to accept date gifts unless she has at least 30% [[passion]@Passion].
resources.assets	8594	MonoBehaviour	itemName	Depression
resources.assets	8594	MonoBehaviour	itemDescription	A deep depression will cause Jessie to shed 1 [[sentiment]@Sentiment] after every 5 moves.
resources.assets	8595	MonoBehaviour	itemName	Emphysema
resources.assets	8595	MonoBehaviour	itemDescription	There's a 20% chance that Jessie will fail to recover [[stamina]@Stamina] when a move is made on her date.
resources.assets	8596	MonoBehaviour	itemName	Busted Vadge
resources.assets	8596	MonoBehaviour	itemDescription	Jessie won't feel [[sexuality]@Sexuality] matches at all unless they are at least 4-of-a-kind+.
resources.assets	8597	MonoBehaviour	itemName	The Darkness
resources.assets	8597	MonoBehaviour	itemDescription	The effects of [[passion]@Passion] tokens and [[broken]@Broken Heart] tokens are reversed for Lillian.
resources.assets	8598	MonoBehaviour	itemName	Asthma
resources.assets	8598	MonoBehaviour	itemDescription	Moves on Lillian that include multiple matches or a 4-of-a-kind+ match will cause her to lose an additional 1 [[stamina]@Stamina].
resources.assets	8599	MonoBehaviour	itemName	Teen Angst
resources.assets	8599	MonoBehaviour	itemDescription	[[joy]@Joy] matches directed at Lillian will subtract [[joy]@Moves] instead of adding them.
resources.assets	8600	MonoBehaviour	itemName	Aquaphobic
resources.assets	8600	MonoBehaviour	itemDescription	The effects of [[sentiment]@Sentiment] tokens and [[broken]@Broken Heart] tokens are reversed for Zoey.
resources.assets	8601	MonoBehaviour	itemName	Tinnitus
resources.assets	8601	MonoBehaviour	itemDescription	A constant ringing in Zoey's ears will prevent any [[joy]@Joy] tokens from falling while your focus is on her.
resources.assets	8602	MonoBehaviour	itemName	Kinda Crazy
resources.assets	8602	MonoBehaviour	itemDescription	A random row of tokens on the grid will shatter every time a move is made on Zoey.
resources.assets	8603	MonoBehaviour	itemName	Annoying as Fuck
resources.assets	8603	MonoBehaviour	itemDescription	There's a 15% chance that Sarah will leave behind a [[broken]@Broken Heart] token whenever a match is directed at her.
resources.assets	8604	MonoBehaviour	itemName	Attention Whore
resources.assets	8604	MonoBehaviour	itemDescription	There's a 15% chance that Sarah will steal your focus away from her date right before a move is made, unless she's exhausted or upset.
resources.assets	8605	MonoBehaviour	itemName	Smelly Pussy
resources.assets	8605	MonoBehaviour	itemDescription	A fishy aroma emanating from Sarah will reduce the amount of [[passion]@Passion] tokens that fall by 20% for the duration of the date.
resources.assets	8606	MonoBehaviour	itemName	Old Fashioned
resources.assets	8606	MonoBehaviour	itemDescription	For the first 15 moves of the date, [[sexuality]@Sexuality] matches directed at Lailani will cause her to become upset.
resources.assets	8607	MonoBehaviour	itemName	Low Self-Esteem
resources.assets	8607	MonoBehaviour	itemDescription	Affection matches directed at Lailani that include a POWER token won't yield any Affection, unless it's a [[romance]@Romance] match.
resources.assets	8608	MonoBehaviour	itemName	Sheepish
resources.assets	8608	MonoBehaviour	itemDescription	Lailani won't allow any Hygiene or Sex Toy date gifts, unless she's exhausted or upset, because it's too embarrassing.
resources.assets	8609	MonoBehaviour	itemName	Intellectually Challenged
resources.assets	8609	MonoBehaviour	itemDescription	Big moves on Candace won't use extra [[stamina]@Stamina], but will cost an extra [[joy]@Move] for her to figure out.
resources.assets	8610	MonoBehaviour	itemName	Hypersensitive
resources.assets	8610	MonoBehaviour	itemDescription	If Candace becomes upset she'll drain 30% [[passion]@Passion] from both herself and her date.
resources.assets	8611	MonoBehaviour	itemName	Forgetful
resources.assets	8611	MonoBehaviour	itemDescription	There's a 5% chance per move that Candace will forget about a date gift that either she or her date have received, removing its passive effects.
resources.assets	8612	MonoBehaviour	itemName	Emotionally Guarded
resources.assets	8612	MonoBehaviour	itemDescription	Doubles the amount of [[broken]@Broken Heart] tokens that fall, but Nora will be immune to [[broken]@Broken Heart] matches.
resources.assets	8613	MonoBehaviour	itemName	Abandonment Issues
resources.assets	8613	MonoBehaviour	itemDescription	Any time your focus is turned away from Nora, she'll drain 5% of the current earned Affection for the date.
resources.assets	8614	MonoBehaviour	itemName	Vindictive
resources.assets	8614	MonoBehaviour	itemDescription	If Nora becomes upset she'll throw away one date gift each that she and her date have received, removing their passive effects.
resources.assets	8615	MonoBehaviour	itemName	Gold Digger
resources.assets	8615	MonoBehaviour	itemDescription	Brooke will take 1 [[joy]@Move] for herself any time her date receives a date gift, unless she's exhausted or upset.
resources.assets	8616	MonoBehaviour	itemName	Unsentimental
resources.assets	8616	MonoBehaviour	itemDescription	Brooke's unsentimentality will reduce the amount of [[sentiment]@Sentiment] tokens that fall by 20% for the duration of the date.
resources.assets	8617	MonoBehaviour	itemName	Expensive Tastes
resources.assets	8617	MonoBehaviour	itemDescription	Brooke won't allow any Plushie or Souvenir date gifts, unless she's exhausted or upset, because she views them as cheap.
resources.assets	8618	MonoBehaviour	itemName	Commitment Issues
resources.assets	8618	MonoBehaviour	itemDescription	If you stay focused on Ashley for 4 consecutive moves, she'll become uncomfortable and matches directed at her will be negative.
resources.assets	8619	MonoBehaviour	itemName	Easily Bored
resources.assets	8619	MonoBehaviour	itemDescription	Two consecutive moves that include the same type of match will cost an extra [[joy]@Move]. Moves with multiple matches excluded.
resources.assets	8620	MonoBehaviour	itemName	Allergies
resources.assets	8620	MonoBehaviour	itemDescription	Ashley won't allow any Flower or Candle date gifts, unless she's exhausted or upset, because of her allergies.
resources.assets	8621	MonoBehaviour	itemName	Self-Effacing
resources.assets	8621	MonoBehaviour	itemDescription	Abia will refuse to accept date gifts unless her date has already received one before her.
resources.assets	8622	MonoBehaviour	itemName	One Pump Chump
resources.assets	8622	MonoBehaviour	itemDescription	A 4-of-a-kind+ match directed at Abia will cause her to squirt out half of her [[sentiment]@Sentiment]. [[sentiment]@Sentiment] matches excluded.
resources.assets	8623	MonoBehaviour	itemName	Sex Addict
resources.assets	8623	MonoBehaviour	itemDescription	Abia will absorb all [[sexuality]@Sexuality] matches and she'll consume a random [[sexuality]@Sexuality] token every time a move is made on her.
resources.assets	8624	MonoBehaviour	itemName	Jealousy
resources.assets	8624	MonoBehaviour	itemDescription	Polly will drain 5% of the total Affection Goal for the date any time her date receives a date gift, unless she's exhausted or upset.
resources.assets	8625	MonoBehaviour	itemName	Drama Queen
resources.assets	8625	MonoBehaviour	itemDescription	If Polly becomes upset she'll drain 4 [[sentiment]@Sentiment] from both herself and her date.
resources.assets	8626	MonoBehaviour	itemName	Brand Loyalist
resources.assets	8626	MonoBehaviour	itemDescription	Polly won't allow any Jewelry or Cosmetic date gifts, unless she's exhausted or upset, because she doesn't like off-brand products.
resources.assets	8627	MonoBehaviour	itemName	Ocean Breeze
resources.assets	8627	MonoBehaviour	itemDescription	Increases the amount of [[talent]@Talent] tokens that fall by 50% for the remainder of the date.
resources.assets	8628	MonoBehaviour	itemName	Pine Forest
resources.assets	8628	MonoBehaviour	itemDescription	Increases the amount of [[flirtation]@Flirtation] tokens that fall by 50% for the remainder of the date.
resources.assets	8629	MonoBehaviour	itemName	Pumpkin Spice
resources.assets	8629	MonoBehaviour	itemDescription	Increases the amount of [[romance]@Romance] tokens that fall by 50% for the remainder of the date.
resources.assets	8630	MonoBehaviour	itemName	Cinnamon Cider
resources.assets	8630	MonoBehaviour	itemDescription	Increases the amount of [[sexuality]@Sexuality] tokens that fall by 50% for the remainder of the date.
resources.assets	8631	MonoBehaviour	itemName	Tropical Sunset
resources.assets	8631	MonoBehaviour	itemDescription	Increases the amount of [[passion]@Passion] tokens that fall by 50% for the remainder of the date.
resources.assets	8632	MonoBehaviour	itemName	Midnight Moonlight
resources.assets	8632	MonoBehaviour	itemDescription	Decreases the amount of [[broken]@Broken Heart] tokens that fall by 25% for the remainder of the date.
resources.assets	8633	MonoBehaviour	itemName	Sweet Honeycomb
resources.assets	8633	MonoBehaviour	itemDescription	Increases the amount of [[joy]@Joy] tokens that fall by 25% for the remainder of the date.
resources.assets	8634	MonoBehaviour	itemName	Spring Rain
resources.assets	8634	MonoBehaviour	itemDescription	Increases the amount of [[sentiment]@Sentiment] tokens that fall by 25% for the remainder of the date.
resources.assets	8635	MonoBehaviour	itemName	Cotton Pillows
resources.assets	8635	MonoBehaviour	itemDescription	Increases the amount of [[stamina]@Stamina] tokens that fall by 25% for the remainder of the date.
resources.assets	8636	MonoBehaviour	itemName	Exfoliating Scrub
resources.assets	8636	MonoBehaviour	itemDescription	Moves on the recipient will drain 3 [[sentiment]@Sentiment] from her instead of costing a [[joy]@Move], as long as she has at least 3 [[sentiment]@Sentiment] to drain.
resources.assets	8637	MonoBehaviour	itemName	Eyelash Kit
resources.assets	8637	MonoBehaviour	itemDescription	+3 [[sentiment]@Sentiment] to the recipient for every move on her that includes a 4-of-a-kind+ match.
resources.assets	8638	MonoBehaviour	itemName	Powder Brush
resources.assets	8638	MonoBehaviour	itemDescription	+2 [[stamina]@Stamina] to the recipient for every move on her that includes a 4-of-a-kind+ match.
resources.assets	8639	MonoBehaviour	itemName	Makeup Palette
resources.assets	8639	MonoBehaviour	itemDescription	+1 [[joy]@Move] for every move on the recipient that includes a 4-of-a-kind+ match.
resources.assets	8640	MonoBehaviour	itemName	Lipstick
resources.assets	8640	MonoBehaviour	itemDescription	+15% [[passion]@Passion] to the recipient for every move on her that includes a 4-of-a-kind+ match.
resources.assets	8641	MonoBehaviour	itemName	Moisturizer
resources.assets	8641	MonoBehaviour	itemDescription	Moves on the recipient will use her [[sentiment]@Sentiment] instead of her [[stamina]@Stamina], as long as she has [[sentiment]@Sentiment] to use.
resources.assets	8642	MonoBehaviour	itemName	Hair Brush
resources.assets	8642	MonoBehaviour	itemDescription	Increases the chance that a POWER token will be generated by boosting the style level for the remainder of the date.
resources.assets	8643	MonoBehaviour	itemName	Blow Dryer
resources.assets	8643	MonoBehaviour	itemDescription	Makes POWER tokens even more powerful by increasing the POWER token Affection multiplier for the remainder of the date.
resources.assets	8644	MonoBehaviour	itemName	Blue Orchid
resources.assets	8644	MonoBehaviour	itemDescription	Consumes all [[talent]@Talent] tokens on the grid.
resources.assets	8645	MonoBehaviour	itemName	Green Clover
resources.assets	8645	MonoBehaviour	itemDescription	Consumes all [[flirtation]@Flirtation] tokens on the grid.
resources.assets	8646	MonoBehaviour	itemName	Orange Daisy
resources.assets	8646	MonoBehaviour	itemDescription	Consumes all [[romance]@Romance] tokens on the grid.
resources.assets	8647	MonoBehaviour	itemName	Red Rose
resources.assets	8647	MonoBehaviour	itemDescription	Consumes all [[sexuality]@Sexuality] tokens on the grid.
resources.assets	8648	MonoBehaviour	itemName	Pink Cosmos
resources.assets	8648	MonoBehaviour	itemDescription	Consumes all [[passion]@Passion] tokens on the grid.
resources.assets	8649	MonoBehaviour	itemName	Violet Pansy
resources.assets	8649	MonoBehaviour	itemDescription	Consumes all [[broken]@Broken Heart] tokens on the grid.
resources.assets	8650	MonoBehaviour	itemName	Yellow Narcissus
resources.assets	8650	MonoBehaviour	itemDescription	Consumes all [[joy]@Joy] tokens on the grid, earning +1 [[joy]@Move] for every token consumed after the first 2.
resources.assets	8651	MonoBehaviour	itemName	Turquoise Tulip
resources.assets	8651	MonoBehaviour	itemDescription	Consumes all [[sentiment]@Sentiment] tokens on the grid.
resources.assets	8652	MonoBehaviour	itemName	White Lily
resources.assets	8652	MonoBehaviour	itemDescription	Consumes as many [[stamina]@Stamina] tokens on the grid as the recipient needs to refill her [[stamina]@Stamina].
resources.assets	8653	MonoBehaviour	itemName	Sanitary Pad
resources.assets	8653	MonoBehaviour	itemDescription	Blocks the recipient's baggage for 8 moves.
resources.assets	8654	MonoBehaviour	itemName	Sanitary Pad
resources.assets	8654	MonoBehaviour	itemDescription	Blocks all of the recipient's baggage for 8 moves.
resources.assets	8655	MonoBehaviour	itemName	Tampon
resources.assets	8655	MonoBehaviour	itemDescription	Blocks the recipient's baggage for 16 moves.
resources.assets	8656	MonoBehaviour	itemName	Tampon
resources.assets	8656	MonoBehaviour	itemDescription	Randomly blocks one of the recipient's baggage for 16 moves.
resources.assets	8657	MonoBehaviour	itemName	Feminine Wash
resources.assets	8657	MonoBehaviour	itemDescription	Blocks the recipient's third baggage for the remainder of the date.
resources.assets	8658	MonoBehaviour	itemName	Feminine Cream
resources.assets	8658	MonoBehaviour	itemDescription	Blocks the recipient's first baggage for the remainder of the date.
resources.assets	8659	MonoBehaviour	itemName	Feminine Wipes
resources.assets	8659	MonoBehaviour	itemDescription	Blocks the recipient's second baggage for the remainder of the date.
resources.assets	8660	MonoBehaviour	itemName	Douche
resources.assets	8660	MonoBehaviour	itemDescription	Blocks the recipient's baggage, but drains 1 [[sentiment]@Sentiment] from her after every 3 moves. Discarded if she runs out of [[sentiment]@Sentiment].
resources.assets	8661	MonoBehaviour	itemName	Douche
resources.assets	8661	MonoBehaviour	itemDescription	Blocks all of the recipient's baggage, but drains 1 [[sentiment]@Sentiment] from her after every other move. Discarded if she runs out of [[sentiment]@Sentiment].
resources.assets	8662	MonoBehaviour	itemName	Sapphire Ring
resources.assets	8662	MonoBehaviour	itemDescription	+1% of the total Affection Goal for every [[talent]@Talent] token on the grid.
resources.assets	8663	MonoBehaviour	itemName	Emerald Bracelet
resources.assets	8663	MonoBehaviour	itemDescription	+1% of the total Affection Goal for every [[flirtation]@Flirtation] token on the grid.
resources.assets	8664	MonoBehaviour	itemName	Citrine Bracelet
resources.assets	8664	MonoBehaviour	itemDescription	+1% of the total Affection Goal for every [[romance]@Romance] token on the grid.
resources.assets	8665	MonoBehaviour	itemName	Ruby Ring
resources.assets	8665	MonoBehaviour	itemDescription	+1% of the total Affection Goal for every [[sexuality]@Sexuality] token on the grid.
resources.assets	8666	MonoBehaviour	itemName	Spinel Necklace
resources.assets	8666	MonoBehaviour	itemDescription	+5% [[passion]@Passion] to the recipient for every [[passion]@Passion] token on the grid.
resources.assets	8667	MonoBehaviour	itemName	Amethyst Necklace
resources.assets	8667	MonoBehaviour	itemDescription	+1 [[joy]@Move] for every 2 [[broken]@Broken Heart] tokens on the grid.
resources.assets	8668	MonoBehaviour	itemName	Topaz Earrings
resources.assets	8668	MonoBehaviour	itemDescription	+1 [[joy]@Move] for every 2 [[joy]@Joy] tokens on the grid.
resources.assets	8669	MonoBehaviour	itemName	Aquamarine Earrings
resources.assets	8669	MonoBehaviour	itemDescription	+5% [[passion]@Passion] to the recipient for every [[sentiment]@Sentiment] token on the grid.
resources.assets	8670	MonoBehaviour	itemName	Diamond Tiara
resources.assets	8670	MonoBehaviour	itemDescription	+1 [[sentiment]@Sentiment] to both girls for every [[stamina]@Stamina] token on the grid.
resources.assets	8671	MonoBehaviour	itemName	Peacock Plush
resources.assets	8671	MonoBehaviour	itemDescription	Converts all [[broken]@Broken Heart] tokens into [[talent]@Talent] tokens.
resources.assets	8672	MonoBehaviour	itemName	Frog Plush
resources.assets	8672	MonoBehaviour	itemDescription	Converts all [[broken]@Broken Heart] tokens into [[flirtation]@Flirtation] tokens.
resources.assets	8673	MonoBehaviour	itemName	Goldfish Plush
resources.assets	8673	MonoBehaviour	itemDescription	Converts all [[broken]@Broken Heart] tokens into [[romance]@Romance] tokens.
resources.assets	8674	MonoBehaviour	itemName	Ladybug Plush
resources.assets	8674	MonoBehaviour	itemDescription	Converts all [[broken]@Broken Heart] tokens into [[sexuality]@Sexuality] tokens.
resources.assets	8675	MonoBehaviour	itemName	Pig Plush
resources.assets	8675	MonoBehaviour	itemDescription	Converts all [[broken]@Broken Heart] tokens into [[passion]@Passion] tokens.
resources.assets	8676	MonoBehaviour	itemName	Octopus Plush
resources.assets	8676	MonoBehaviour	itemDescription	Converts all [[broken]@Broken Heart] tokens into other random tokens.
resources.assets	8677	MonoBehaviour	itemName	Chick Plush
resources.assets	8677	MonoBehaviour	itemDescription	Converts all [[broken]@Broken Heart] tokens into [[joy]@Joy] tokens.
resources.assets	8678	MonoBehaviour	itemName	Elephant Plush
resources.assets	8678	MonoBehaviour	itemDescription	Converts all [[broken]@Broken Heart] tokens into [[sentiment]@Sentiment] tokens.
resources.assets	8679	MonoBehaviour	itemName	Bunny Plush
resources.assets	8679	MonoBehaviour	itemDescription	Converts all [[broken]@Broken Heart] tokens into [[stamina]@Stamina] tokens.
resources.assets	8680	MonoBehaviour	itemName	Fox Plush
resources.assets	8680	MonoBehaviour	itemDescription	Removes all [[broken]@Broken Heart] tokens from the grid.
resources.assets	8681	MonoBehaviour	itemName	Cow Plush
resources.assets	8681	MonoBehaviour	itemDescription	Removes all [[broken]@Broken Heart] tokens from the grid.
resources.assets	8682	MonoBehaviour	itemName	Magic Wand
resources.assets	8682	MonoBehaviour	itemDescription	Doubles the amount of Affection the recipient gets from Affection matches of her MOST favorite type.
resources.assets	8683	MonoBehaviour	itemName	Egg Vibrator
resources.assets	8683	MonoBehaviour	itemDescription	Doubles the amount of [[passion]@Passion] the recipient gets from [[passion]@Passion] matches.
resources.assets	8684	MonoBehaviour	itemName	Butt Plug
resources.assets	8684	MonoBehaviour	itemDescription	Doubles the amount of [[sentiment]@Sentiment] the recipient gets from [[sentiment]@Sentiment] matches.
resources.assets	8685	MonoBehaviour	itemName	Anal Beads
resources.assets	8685	MonoBehaviour	itemDescription	Doubles the amount of Affection the recipient gets from Affection matches of her LEAST favorite type.
resources.assets	8686	MonoBehaviour	itemName	Lube
resources.assets	8686	MonoBehaviour	itemDescription	All date gifts will cost 2 less [[sentiment]@Sentiment] to give for both girls.
resources.assets	8687	MonoBehaviour	itemName	Dirty Dice
resources.assets	8687	MonoBehaviour	itemDescription	Moves on the recipient that include a [[joy]@Joy] match will not use any [[stamina]@Stamina].
resources.assets	8688	MonoBehaviour	itemName	Kamasutra
resources.assets	8688	MonoBehaviour	itemDescription	Moves on the recipient that include a [[stamina]@Stamina] match will not cost a [[joy]@Move].
resources.assets	8689	MonoBehaviour	itemName	Breast Pump
resources.assets	8689	MonoBehaviour	itemDescription	+1 to the [[stamina]@Stamina] recovery rate of both girls when they are exhausted or upset.
resources.assets	8690	MonoBehaviour	itemName	Beach Ball
resources.assets	8690	MonoBehaviour	itemDescription	The recipient will duplicate her [[passion]@Passion] and give that amount to her date.
resources.assets	8691	MonoBehaviour	itemName	Inner Tube
resources.assets	8691	MonoBehaviour	itemDescription	All of her date's current [[passion]@Passion] will be transferred to the recipient.
resources.assets	8692	MonoBehaviour	itemName	Tiki Head Charm
resources.assets	8692	MonoBehaviour	itemDescription	+1 [[joy]@Move] for every 20% of the total Affection Goal that's been reached.
resources.assets	8693	MonoBehaviour	itemName	Surfboard
resources.assets	8693	MonoBehaviour	itemDescription	+3 [[stamina]@Stamina] to both girls, unless the recipient's date is exhausted or upset.
resources.assets	8694	MonoBehaviour	itemName	Snorkel Mask
resources.assets	8694	MonoBehaviour	itemDescription	Completely refills the recipient's [[stamina]@Stamina].
resources.assets	8695	MonoBehaviour	itemName	Flippers
resources.assets	8695	MonoBehaviour	itemDescription	Completely refills the recipient's [[stamina]@Stamina].
resources.assets	8696	MonoBehaviour	itemName	Suntan Lotion
resources.assets	8696	MonoBehaviour	itemDescription	Drains all of the recipient's [[passion]@Passion] and gives her +1 [[sentiment]@Sentiment] for every 5% [[passion]@Passion] drained.
resources.assets	8697	MonoBehaviour	itemName	Beach Towel
resources.assets	8697	MonoBehaviour	itemDescription	Drains all of the recipient's [[sentiment]@Sentiment] and gives her +5% [[passion]@Passion] for every 1 [[sentiment]@Sentiment] drained.
resources.assets	8698	MonoBehaviour	itemName	Tropical Lei
resources.assets	8698	MonoBehaviour	itemDescription	Drains all of the recipient's [[sentiment]@Sentiment] and gives +1% of the total Affection Goal for every 1 [[sentiment]@Sentiment] drained. Maximum of +20%.
resources.assets	8699	MonoBehaviour	itemName	Ceramic Fish
resources.assets	8699	MonoBehaviour	itemDescription	All of her date's current [[sentiment]@Sentiment] will be transferred to the recipient.
resources.assets	8700	MonoBehaviour	itemName	Pinwheel
resources.assets	8700	MonoBehaviour	itemDescription	Drains all of the recipient's [[passion]@Passion] and gives +1% of the total Affection Goal for every 5% [[passion]@Passion] drained.
resources.assets	8701	MonoBehaviour	itemName	Hemp Bracelet
resources.assets	8701	MonoBehaviour	itemDescription	+1 [[joy]@Move] for every 5 [[joy]@Moves] remaining in the date. Maximum of +5 [[joy]@Moves].
resources.assets	8702	MonoBehaviour	itemName	Glass Dolphin
resources.assets	8702	MonoBehaviour	itemDescription	The recipient will duplicate her [[sentiment]@Sentiment] and give that amount to her date.
resources.assets	8703	MonoBehaviour	itemName	Postcard
resources.assets	8703	MonoBehaviour	itemDescription	Instantly cures the recipient's date of exhaustion and ensures that she has at least 4 [[stamina]@Stamina].
resources.assets	8704	MonoBehaviour	itemName	Snow Globe
resources.assets	8704	MonoBehaviour	itemDescription	Instantly cures the recipient's date of upsetness and ensures that she has at least 4 [[stamina]@Stamina].
resources.assets	8705	MonoBehaviour	itemName	Nail Polish
resources.assets	8706	MonoBehaviour	itemName	Foundation
resources.assets	8706	MonoBehaviour	itemDescription	Expands the Powder Brush, Makeup Palette, Eyelash Kit and Lipstick date gifts by also triggering them for every move on the recipient that includes multiple matches.
resources.assets	8707	MonoBehaviour	itemName	Lady Razor
resources.assets	8708	MonoBehaviour	itemName	Fried Chicken
resources.assets	8708	MonoBehaviour	itemDescription	+10% [[passion]@Passion] to the recipient.
resources.assets	8709	MonoBehaviour	itemName	Hot Dog
resources.assets	8709	MonoBehaviour	itemDescription	+15% [[passion]@Passion] to the recipient.
resources.assets	8710	MonoBehaviour	itemName	Hamburger
resources.assets	8710	MonoBehaviour	itemDescription	+20% [[passion]@Passion] to the recipient.
resources.assets	8711	MonoBehaviour	itemName	Corn on the Cob
resources.assets	8711	MonoBehaviour	itemDescription	+25% [[passion]@Passion] to the recipient.
resources.assets	8712	MonoBehaviour	itemName	Candy Necklace
resources.assets	8712	MonoBehaviour	itemDescription	+2 [[stamina]@Stamina] to the recipient.
resources.assets	8713	MonoBehaviour	itemName	Cotton Candy
resources.assets	8713	MonoBehaviour	itemDescription	+2 [[stamina]@Stamina] to the recipient.
resources.assets	8714	MonoBehaviour	itemName	Chocolate Drops
resources.assets	8714	MonoBehaviour	itemDescription	+3 [[stamina]@Stamina] to the recipient.
resources.assets	8715	MonoBehaviour	itemName	Fudge Truffles
resources.assets	8715	MonoBehaviour	itemDescription	+3 [[stamina]@Stamina] to the recipient.
resources.assets	8716	MonoBehaviour	itemName	Cupcake
resources.assets	8716	MonoBehaviour	itemDescription	+4 [[stamina]@Stamina] to the recipient.
resources.assets	8717	MonoBehaviour	itemName	Cinnamon Bun
resources.assets	8717	MonoBehaviour	itemDescription	+4 [[stamina]@Stamina] to the recipient.
resources.assets	8718	MonoBehaviour	itemName	Slice of Pie
resources.assets	8718	MonoBehaviour	itemDescription	+5 [[stamina]@Stamina] to the recipient.
resources.assets	8719	MonoBehaviour	itemName	Shaved Ice
resources.assets	8719	MonoBehaviour	itemDescription	+5 [[stamina]@Stamina] to the recipient.
resources.assets	8720	MonoBehaviour	itemName	Croissant
resources.assets	8720	MonoBehaviour	itemDescription	+1 [[joy]@Move], doubled if the recipient's MOST favorite Affection type is [[romance]@Romance].
resources.assets	8721	MonoBehaviour	itemName	Crepe
resources.assets	8721	MonoBehaviour	itemDescription	+2 [[stamina]@Stamina], doubled if the recipient's MOST favorite Affection type is [[romance]@Romance].
resources.assets	8722	MonoBehaviour	itemName	Baguette
resources.assets	8722	MonoBehaviour	itemDescription	+10% [[passion]@Passion], doubled if the recipient's MOST favorite Affection type is [[romance]@Romance].
resources.assets	8723	MonoBehaviour	itemName	Quiche
resources.assets	8723	MonoBehaviour	itemDescription	+2 [[sentiment]@Sentiment], doubled if the recipient's MOST favorite Affection type is [[romance]@Romance].
resources.assets	8724	MonoBehaviour	itemName	Pizza
resources.assets	8724	MonoBehaviour	itemDescription	+1 [[joy]@Move], doubled if the recipient's MOST favorite Affection type is [[sexuality]@Sexuality].
resources.assets	8725	MonoBehaviour	itemName	Bruschetta
resources.assets	8725	MonoBehaviour	itemDescription	+2 [[stamina]@Stamina], doubled if the recipient's MOST favorite Affection type is [[sexuality]@Sexuality].
resources.assets	8726	MonoBehaviour	itemName	Lasagna
resources.assets	8726	MonoBehaviour	itemDescription	+10% [[passion]@Passion], doubled if the recipient's MOST favorite Affection type is [[sexuality]@Sexuality].
resources.assets	8727	MonoBehaviour	itemName	Ravioli
resources.assets	8727	MonoBehaviour	itemDescription	+2 [[sentiment]@Sentiment], doubled if the recipient's MOST favorite Affection type is [[sexuality]@Sexuality].
resources.assets	8728	MonoBehaviour	itemName	Sushi
resources.assets	8728	MonoBehaviour	itemDescription	+1 [[joy]@Move], doubled if the recipient's MOST favorite Affection type is [[talent]@Talent].
resources.assets	8729	MonoBehaviour	itemName	Rice Ball
resources.assets	8729	MonoBehaviour	itemDescription	+2 [[stamina]@Stamina], doubled if the recipient's MOST favorite Affection type is [[talent]@Talent].
resources.assets	8730	MonoBehaviour	itemName	Bento Box
resources.assets	8730	MonoBehaviour	itemDescription	+10% [[passion]@Passion], doubled if the recipient's MOST favorite Affection type is [[talent]@Talent].
resources.assets	8731	MonoBehaviour	itemName	Ramen
resources.assets	8731	MonoBehaviour	itemDescription	+2 [[sentiment]@Sentiment], doubled if the recipient's MOST favorite Affection type is [[talent]@Talent].
resources.assets	8732	MonoBehaviour	itemName	Taco
resources.assets	8732	MonoBehaviour	itemDescription	+1 [[joy]@Move], doubled if the recipient's MOST favorite Affection type is [[flirtation]@Flirtation].
resources.assets	8733	MonoBehaviour	itemName	Nachos
resources.assets	8733	MonoBehaviour	itemDescription	+2 [[stamina]@Stamina], doubled if the recipient's MOST favorite Affection type is [[flirtation]@Flirtation].
resources.assets	8734	MonoBehaviour	itemName	Burrito
resources.assets	8734	MonoBehaviour	itemDescription	+10% [[passion]@Passion], doubled if the recipient's MOST favorite Affection type is [[flirtation]@Flirtation].
resources.assets	8735	MonoBehaviour	itemName	Guacamole
resources.assets	8735	MonoBehaviour	itemDescription	+2 [[sentiment]@Sentiment], doubled if the recipient's MOST favorite Affection type is [[flirtation]@Flirtation].
resources.assets	8736	MonoBehaviour	itemName	Shrimp
resources.assets	8736	MonoBehaviour	itemDescription	+2 [[sentiment]@Sentiment] to the recipient.
resources.assets	8737	MonoBehaviour	itemName	Grilled Salmon
resources.assets	8737	MonoBehaviour	itemDescription	+3 [[sentiment]@Sentiment] to the recipient.
resources.assets	8738	MonoBehaviour	itemName	Mussels
resources.assets	8738	MonoBehaviour	itemDescription	+4 [[sentiment]@Sentiment] to the recipient.
resources.assets	8739	MonoBehaviour	itemName	Lobster Tail
resources.assets	8739	MonoBehaviour	itemDescription	+5 [[sentiment]@Sentiment] to the recipient.
resources.assets	8740	MonoBehaviour	itemName	Tater Tots
resources.assets	8741	MonoBehaviour	itemName	Box of Chocolates
resources.assets	8742	MonoBehaviour	itemName	Ice Cream
resources.assets	8743	MonoBehaviour	itemName	Escargot
resources.assets	8744	MonoBehaviour	itemName	Caesar Salad
resources.assets	8745	MonoBehaviour	itemName	Miso Soup
resources.assets	8746	MonoBehaviour	itemName	Carnitas
resources.assets	8747	MonoBehaviour	itemName	Crab Legs
resources.assets	8748	MonoBehaviour	itemName	Pear
resources.assets	8749	MonoBehaviour	itemName	Kiwi
resources.assets	8750	MonoBehaviour	itemName	Watermelon
resources.assets	8751	MonoBehaviour	itemName	Carambola
resources.assets	8752	MonoBehaviour	itemName	Lime
resources.assets	8753	MonoBehaviour	itemName	Orange
resources.assets	8754	MonoBehaviour	itemName	Mango
resources.assets	8755	MonoBehaviour	itemName	Papaya
resources.assets	8756	MonoBehaviour	itemName	Cantaloupe
resources.assets	8757	MonoBehaviour	itemName	Peach
resources.assets	8758	MonoBehaviour	itemName	Apple
resources.assets	8759	MonoBehaviour	itemName	Cherry
resources.assets	8760	MonoBehaviour	itemName	Strawberry
resources.assets	8761	MonoBehaviour	itemName	Pomegranate
resources.assets	8762	MonoBehaviour	itemName	Pitaya
resources.assets	8763	MonoBehaviour	itemName	Blueberry
resources.assets	8764	MonoBehaviour	itemName	Raspberry
resources.assets	8765	MonoBehaviour	itemName	Rambutan
resources.assets	8766	MonoBehaviour	itemName	Grapes
resources.assets	8767	MonoBehaviour	itemName	Plum
resources.assets	8768	MonoBehaviour	itemName	Talent Level (LEVEL)
resources.assets	8768	MonoBehaviour	itemDescription	[[talent]@Talent] token matches will yield [[talent](NUM0)x] Affection.
resources.assets	8768	MonoBehaviour	categoryDescription	Affection Level • Talent
resources.assets	8769	MonoBehaviour	itemName	Flirtation Level (LEVEL)
resources.assets	8769	MonoBehaviour	itemDescription	[[flirtation]@Flirtation] token matches will yield [[flirtation](NUM0)x] Affection.
resources.assets	8769	MonoBehaviour	categoryDescription	Affection Level • Flirtation
resources.assets	8770	MonoBehaviour	itemName	Romance Level (LEVEL)
resources.assets	8770	MonoBehaviour	itemDescription	[[romance]@Romance] token matches will yield [[romance](NUM0)x] Affection.
resources.assets	8770	MonoBehaviour	categoryDescription	Affection Level • Romance
resources.assets	8771	MonoBehaviour	itemName	Sexuality Level (LEVEL)
resources.assets	8771	MonoBehaviour	itemDescription	[[sexuality]@Sexuality] token matches will yield [[sexuality](NUM0)x] Affection.
resources.assets	8771	MonoBehaviour	categoryDescription	Affection Level • Sexuality
resources.assets	8772	MonoBehaviour	itemName	Passion Level (LEVEL)
resources.assets	8772	MonoBehaviour	itemDescription	[[passion]@Passion] token matches will increase the recipient's Affection match multiplier by up to [[passion](NUM0)x].
resources.assets	8772	MonoBehaviour	categoryDescription	Affection Level • Passion
resources.assets	8773	MonoBehaviour	itemName	Style Level (LEVEL)
resources.assets	8773	MonoBehaviour	itemDescription	Big [[style]@Affection] token matches will have (A) [[style](NUM0)] chance of generating a POWER token.
resources.assets	8773	MonoBehaviour	categoryDescription	Affection Level • Style
resources.assets	8774	MonoBehaviour	itemName	Talent EXP
resources.assets	8774	MonoBehaviour	itemDescription	Earn [[talent]@Talent] EXP by giving [[talent]@Talent] smoothies to girls.
resources.assets	8774	MonoBehaviour	categoryDescription	#NAME?
resources.assets	8775	MonoBehaviour	itemName	Flirtation EXP
resources.assets	8775	MonoBehaviour	itemDescription	Earn [[flirtation]@Flirtation] EXP by giving [[flirtation]@Flirtation] smoothies to girls.
resources.assets	8775	MonoBehaviour	categoryDescription	#NAME?
resources.assets	8776	MonoBehaviour	itemName	Romance EXP
resources.assets	8776	MonoBehaviour	itemDescription	Earn [[romance]@Romance] EXP by giving [[romance]@Romance] smoothies to girls.
resources.assets	8776	MonoBehaviour	categoryDescription	#NAME?
resources.assets	8777	MonoBehaviour	itemName	Sexuality EXP
resources.assets	8777	MonoBehaviour	itemDescription	Earn [[sexuality]@Sexuality] EXP by giving [[sexuality]@Sexuality] smoothies to girls.
resources.assets	8777	MonoBehaviour	categoryDescription	#NAME?
resources.assets	8778	MonoBehaviour	itemName	Passion EXP
resources.assets	8778	MonoBehaviour	itemDescription	Earn [[passion]@Passion] EXP by giving [[passion]Unique Gifts] to girls.
resources.assets	8778	MonoBehaviour	categoryDescription	#NAME?
resources.assets	8779	MonoBehaviour	itemName	Style EXP
resources.assets	8779	MonoBehaviour	itemDescription	Earn [[style]@Style] EXP by giving [[style]Shoes] to girls.
resources.assets	8779	MonoBehaviour	categoryDescription	#NAME?
resources.assets	8780	MonoBehaviour	itemName	Suitcase of Panties
resources.assets	8780	MonoBehaviour	itemDescription	A suitcase full of panties. It's the only thing you packed.
resources.assets	8780	MonoBehaviour	categoryDescription	Special Item
resources.assets	8781	MonoBehaviour	itemName	Baggage Notice
resources.assets	8781	MonoBehaviour	itemDescription	Baggage is key to raising your stats. Each baggage you learn about will allow more smoothies, unique gifts and shoes to appear in the store. If you notice that these types of gifts aren't showing up, you should try talking to girls more often.
resources.assets	8781	MonoBehaviour	categoryDescription	Baggage Ain’t All Bad
resources.assets	8782	MonoBehaviour	itemName	Ship in a Bottle
resources.assets	8783	MonoBehaviour	itemName	Alpha Mode
resources.assets	8783	MonoBehaviour	itemDescription	Dates will continue to increase in difficulty indefinitely! See how many more dates you can complete!
resources.assets	8783	MonoBehaviour	categoryDescription	The Classic Challenge
resources.assets	8784	MonoBehaviour	itemName	Non-Stop Mode
resources.assets	8784	MonoBehaviour	itemDescription	Embark on an epic non-stop date with round after round of random girls! How many rounds can you complete before running out of moves?
resources.assets	8784	MonoBehaviour	categoryDescription	AKA: The Gauntlet Date
resources.assets	8785	MonoBehaviour	itemName	Incel Difficulty
resources.assets	8785	MonoBehaviour	itemDescription	You're now able to start a new save file on the hardest difficulty, which includes reduced moves and stacking baggage!
resources.assets	8785	MonoBehaviour	categoryDescription	Know True Suffering
resources.assets	8786	MonoBehaviour	itemName	Expanded Wardrobe
resources.assets	8786	MonoBehaviour	itemDescription	You can now directly purchase even more new hairstyles and outfits for all of the girls using the wardrobe app!
resources.assets	8786	MonoBehaviour	categoryDescription	Fresh Looks For All
resources.assets	8787	MonoBehaviour	itemName	Suede Booties
resources.assets	8788	MonoBehaviour	itemName	Striped Booties
resources.assets	8789	MonoBehaviour	itemName	Goth Booties
resources.assets	8790	MonoBehaviour	itemName	Abstract Booties
resources.assets	8791	MonoBehaviour	itemName	Satanic Booties
resources.assets	8792	MonoBehaviour	itemName	Astro Boots
resources.assets	8793	MonoBehaviour	itemName	Sacred Boots
resources.assets	8794	MonoBehaviour	itemName	Sherbet Boots
resources.assets	8795	MonoBehaviour	itemName	Hydro Boots
resources.assets	8796	MonoBehaviour	itemName	Cosmic Boots
resources.assets	8797	MonoBehaviour	itemName	Crafted Flats
resources.assets	8798	MonoBehaviour	itemName	Basic Flats
resources.assets	8799	MonoBehaviour	itemName	Floral Flats
resources.assets	8800	MonoBehaviour	itemName	Open Flats
resources.assets	8801	MonoBehaviour	itemName	Cozy Flats
resources.assets	8802	MonoBehaviour	itemName	Comfy Flip Flops
resources.assets	8803	MonoBehaviour	itemName	Palm Flip Flops
resources.assets	8804	MonoBehaviour	itemName	Melon Flip Flops
resources.assets	8805	MonoBehaviour	itemName	Aqua Flip Flops
resources.assets	8806	MonoBehaviour	itemName	Garden Flip Flops
resources.assets	8807	MonoBehaviour	itemName	Zip Up Gladiators
resources.assets	8808	MonoBehaviour	itemName	Strap Gladiators
resources.assets	8809	MonoBehaviour	itemName	Weave Gladiators
resources.assets	8810	MonoBehaviour	itemName	Modest Gladiators
resources.assets	8811	MonoBehaviour	itemName	Web Gladiators
resources.assets	8812	MonoBehaviour	itemName	Elegant Peep Toes
resources.assets	8813	MonoBehaviour	itemName	Angel Peep Toes
resources.assets	8814	MonoBehaviour	itemName	Plaid Peep Toes
resources.assets	8815	MonoBehaviour	itemName	Ribbon Peep Toes
resources.assets	8816	MonoBehaviour	itemName	Leopard Peep Toes
resources.assets	8817	MonoBehaviour	itemName	Geta Platforms
resources.assets	8818	MonoBehaviour	itemName	Candy Platforms
resources.assets	8819	MonoBehaviour	itemName	Light Up Platforms
resources.assets	8820	MonoBehaviour	itemName	Rainbow Platforms
resources.assets	8821	MonoBehaviour	itemName	Star Platforms
resources.assets	8822	MonoBehaviour	itemName	Girly Pumps
resources.assets	8823	MonoBehaviour	itemName	Classy Pumps
resources.assets	8824	MonoBehaviour	itemName	Shiny Pumps
resources.assets	8825	MonoBehaviour	itemName	Polka Dot Pumps
resources.assets	8826	MonoBehaviour	itemName	Fancy Pumps
resources.assets	8827	MonoBehaviour	itemName	Skater Sneakers
resources.assets	8828	MonoBehaviour	itemName	Ballin' Sneakers
resources.assets	8829	MonoBehaviour	itemName	High Top Sneakers
resources.assets	8830	MonoBehaviour	itemName	Airy Sneakers
resources.assets	8831	MonoBehaviour	itemName	Training Sneakers
resources.assets	8832	MonoBehaviour	itemName	Glittery Heels
resources.assets	8833	MonoBehaviour	itemName	Golden Heels
resources.assets	8834	MonoBehaviour	itemName	Studded Heels
resources.assets	8835	MonoBehaviour	itemName	Neon Heels
resources.assets	8836	MonoBehaviour	itemName	Clear Heels
resources.assets	8837	MonoBehaviour	itemName	Patriotic Wedges
resources.assets	8838	MonoBehaviour	itemName	Charcoal Wedges
resources.assets	8839	MonoBehaviour	itemName	Cork Wedges
resources.assets	8840	MonoBehaviour	itemName	Wooden Wedges
resources.assets	8841	MonoBehaviour	itemName	Denim Wedges
resources.assets	8842	MonoBehaviour	itemName	Knitted Boots
resources.assets	8843	MonoBehaviour	itemName	Seasonal Boots
resources.assets	8844	MonoBehaviour	itemName	Heavy Boots
resources.assets	8845	MonoBehaviour	itemName	Fuzzy Boots
resources.assets	8846	MonoBehaviour	itemName	Festive Boots
resources.assets	8847	MonoBehaviour	itemName	Talent Smoothie
resources.assets	8847	MonoBehaviour	itemDescription	+1 [[talent]@Talent] EXP, doubled if the recipient's MOST favorite Affection type is [[talent]@Talent].
resources.assets	8848	MonoBehaviour	itemName	Flirtation Smoothie
resources.assets	8848	MonoBehaviour	itemDescription	+1 [[flirtation]@Flirtation] EXP, doubled if the recipient's MOST favorite Affection type is [[flirtation]@Flirtation].
resources.assets	8849	MonoBehaviour	itemName	Romance Smoothie
resources.assets	8849	MonoBehaviour	itemDescription	+1 [[romance]@Romance] EXP, doubled if the recipient's MOST favorite Affection type is [[romance]@Romance].
resources.assets	8850	MonoBehaviour	itemName	Sexuality Smoothie
resources.assets	8850	MonoBehaviour	itemDescription	+1 [[sexuality]@Sexuality] EXP, doubled if the recipient's MOST favorite Affection type is [[sexuality]@Sexuality].
resources.assets	8851	MonoBehaviour	itemName	Gin
resources.assets	8852	MonoBehaviour	itemName	Rum
resources.assets	8853	MonoBehaviour	itemName	Whisky
resources.assets	8854	MonoBehaviour	itemName	Vodka
resources.assets	8855	MonoBehaviour	itemName	Tequila
resources.assets	8856	MonoBehaviour	itemName	Television
resources.assets	8857	MonoBehaviour	itemName	Jukebox
resources.assets	8858	MonoBehaviour	itemName	Phonograph
resources.assets	8859	MonoBehaviour	itemName	Radio
resources.assets	8860	MonoBehaviour	itemName	Soda Machine
resources.assets	8861	MonoBehaviour	itemName	Binky
resources.assets	8862	MonoBehaviour	itemName	Baby Cap
resources.assets	8863	MonoBehaviour	itemName	Diapers
resources.assets	8864	MonoBehaviour	itemName	Baby Bottle
resources.assets	8865	MonoBehaviour	itemName	Car Carrier
resources.assets	8866	MonoBehaviour	itemName	Microphone
resources.assets	8867	MonoBehaviour	itemName	Bass Guitar
resources.assets	8868	MonoBehaviour	itemName	Drum Kit
resources.assets	8869	MonoBehaviour	itemName	Drum Sticks
resources.assets	8870	MonoBehaviour	itemName	Guitar Amp
resources.assets	8871	MonoBehaviour	itemName	Clutch Purse
resources.assets	8872	MonoBehaviour	itemName	Shoulder Bag
resources.assets	8873	MonoBehaviour	itemName	Quilted Handbag
resources.assets	8874	MonoBehaviour	itemName	Fancy Handbag
resources.assets	8875	MonoBehaviour	itemName	Elegant Tote Bag
resources.assets	8876	MonoBehaviour	itemName	Spanking Paddle
resources.assets	8877	MonoBehaviour	itemName	Ball Gag
resources.assets	8878	MonoBehaviour	itemName	Nipple Clamps
resources.assets	8879	MonoBehaviour	itemName	Handcuffs
resources.assets	8880	MonoBehaviour	itemName	Chain Collar
resources.assets	8881	MonoBehaviour	itemName	Witch Hat
resources.assets	8882	MonoBehaviour	itemName	Jack-O'-Lantern
resources.assets	8883	MonoBehaviour	itemName	Ouija Board
resources.assets	8884	MonoBehaviour	itemName	Voodoo Doll
resources.assets	8885	MonoBehaviour	itemName	Goat Skull
resources.assets	8886	MonoBehaviour	itemName	Bath Salts
resources.assets	8887	MonoBehaviour	itemName	Hot Stones
resources.assets	8888	MonoBehaviour	itemName	Loofah Sponge
resources.assets	8889	MonoBehaviour	itemName	Warm Towels
resources.assets	8890	MonoBehaviour	itemName	Cucumber Slices
resources.assets	8891	MonoBehaviour	itemName	Crystals
resources.assets	8892	MonoBehaviour	itemName	Crystal Ball
resources.assets	8893	MonoBehaviour	itemName	Incense
resources.assets	8894	MonoBehaviour	itemName	Hourglass
resources.assets	8895	MonoBehaviour	itemName	Tarot Cards
resources.assets	8896	MonoBehaviour	itemName	Scissors
resources.assets	8897	MonoBehaviour	itemName	Spool of Thread
resources.assets	8898	MonoBehaviour	itemName	Buttons
resources.assets	8899	MonoBehaviour	itemName	Pincushion
resources.assets	8900	MonoBehaviour	itemName	Measuring Tape
resources.assets	8901	MonoBehaviour	itemName	Letter Blocks
resources.assets	8902	MonoBehaviour	itemName	Ring Stacker
resources.assets	8903	MonoBehaviour	itemName	Mini Xylophone
resources.assets	8904	MonoBehaviour	itemName	Shapes Block
resources.assets	8905	MonoBehaviour	itemName	Animal Wheel
resources.assets	8906	MonoBehaviour	itemName	Manga Book
resources.assets	8907	MonoBehaviour	itemName	Booby Mousepad
resources.assets	8908	MonoBehaviour	itemName	Cellphone Cover
resources.assets	8909	MonoBehaviour	itemName	Chibi Figurine
resources.assets	8910	MonoBehaviour	itemName	Japanese Candy
resources.assets	8911	MonoBehaviour	locationName	Massage Spa
resources.assets	8911	MonoBehaviour	nonStopOptionText	I know just the spot! The [[highlight]MASSAGE SPA]! We're gonna need a lot of oil!
resources.assets	8912	MonoBehaviour	locationName	Aquarium
resources.assets	8912	MonoBehaviour	nonStopOptionText	Let's do it at the [[highlight]AQUARIUM]. I kinda dig the music there.
resources.assets	8913	MonoBehaviour	locationName	Secluded Cabana
resources.assets	8913	MonoBehaviour	nonStopOptionText	You know what? How about the [[highlight]SECLUDED CABANA]? That place is underrated.
resources.assets	8914	MonoBehaviour	locationName	Poolside Bar
resources.assets	8914	MonoBehaviour	nonStopOptionText	You can't go wrong with the [[highlight]POOLSIDE BAR]! Booze, babes and bikinis!
resources.assets	8915	MonoBehaviour	locationName	Golf Course
resources.assets	8915	MonoBehaviour	nonStopOptionText	Let's head out to the [[highlight]GOLF COURSE]. I need to work on my swing anyway!
resources.assets	8916	MonoBehaviour	locationName	Cruise Ship
resources.assets	8916	MonoBehaviour	nonStopOptionText	Hell, let's make it interesting! Let's do it on the [[highlight]CRUISE SHIP]!
resources.assets	8917	MonoBehaviour	locationName	Rooftop Lounge
resources.assets	8917	MonoBehaviour	nonStopOptionText	If you ask me, the [[highlight]ROOFTOP LOUNGE] would be a pretty ideal location.
resources.assets	8918	MonoBehaviour	locationName	Casino
resources.assets	8918	MonoBehaviour	nonStopOptionText	I'll try my luck at the [[highlight]CASINO] this time. Get it!? Luck!?
resources.assets	8919	MonoBehaviour	locationName	Private Table
resources.assets	8919	MonoBehaviour	nonStopOptionText	I can't think of a less appropriate place than the [[highlight]PRIVATE TABLE]. Let's do it anyway!
resources.assets	8920	MonoBehaviour	locationName	Secret Grotto
resources.assets	8920	MonoBehaviour	nonStopOptionText	Can I tell you a secret? I kinda sorta wanna do it at the [[highlight]SECRET GROTTO]...
resources.assets	8921	MonoBehaviour	locationName	Strip Club
resources.assets	8921	MonoBehaviour	nonStopOptionText	If I'm being totally honest... this is just an excuse to go to the [[highlight]STRIP CLUB].
resources.assets	8922	MonoBehaviour	locationName	Royal Suite
resources.assets	8922	MonoBehaviour	nonStopOptionText	We should go all out too! Spare no expense! To the [[highlight]ROYAL SUITE]!
resources.assets	8923	MonoBehaviour	locationName	Airplane Bathroom
resources.assets	8923	MonoBehaviour	specialLabels[0].labelText	THE TUTORIAL DATE
resources.assets	8924	MonoBehaviour	locationName	Outer Space
resources.assets	8924	MonoBehaviour	specialLabels[0].labelText	THE NYMPHOJINN
resources.assets	8925	MonoBehaviour	locationName	Hotel Room
resources.assets	8925	MonoBehaviour	specialLabels[0].labelText	THE ADVENTURE BEGINS
resources.assets	8925	MonoBehaviour	specialLabels[0].flagName	first_location_id
resources.assets	8925	MonoBehaviour	arriveBundleList[1].conditions[1].stringValue	nymphojinn_failure
resources.assets	8925	MonoBehaviour	arriveBundleList[1].actions[0].stringValue	nymphojinn_failure
resources.assets	8926	MonoBehaviour	locationName	Tourist Plaza
resources.assets	8927	MonoBehaviour	locationName	Boardwalk
resources.assets	8928	MonoBehaviour	locationName	Surf Shack
resources.assets	8929	MonoBehaviour	locationName	Courtyard
resources.assets	8930	MonoBehaviour	locationName	Gift Shop
resources.assets	8931	MonoBehaviour	locationName	Airport
resources.assets	8932	MonoBehaviour	locationName	Hotel Lobby
resources.assets	8933	MonoBehaviour	locationName	Marina
resources.assets	8934	MonoBehaviour	locationName	Your Apartment
resources.assets	8934	MonoBehaviour	specialLabels[0].labelText	ON A TUESDAY NIGHT
resources.assets	8935	MonoBehaviour	locationName	Airplane Cabin
resources.assets	8935	MonoBehaviour	specialLabels[0].labelText	BEGINNING OUR DESCENT
resources.assets	8935	MonoBehaviour	specialLabels[0].flagName	skip_tutorial
resources.assets	8935	MonoBehaviour	specialLabels[1].labelText	THE NEXT MORNING
resources.assets	8936	MonoBehaviour	locationName	Airport
resources.assets	8936	MonoBehaviour	specialLabels[0].labelText	WELCOME TO INNA DE POONA
resources.assets	8937	MonoBehaviour	locationName	Hotel Lobby
resources.assets	8937	MonoBehaviour	specialLabels[0].labelText	GETTING CHECKED IN
resources.assets	8938	MonoBehaviour	locationName	Volcano Top
resources.assets	8938	MonoBehaviour	specialLabels[0].labelText	SUMMIT OF MOUNT NYMPHOJARO
resources.assets	8939	MonoBehaviour	locationName	Poolside
resources.assets	8939	MonoBehaviour	specialLabels[0].labelText	A NEW HERO IS BORN
