text,ko
Hoop Earrings,
+1 [[Move]joy] for every 2 [[Broken Heart]broken] tokens on the grid.,
Gold Earrings,
+1 [[Move]joy] for every 2 [[Joy]joy] tokens on the grid.,
Heart Necklace,
Drops the [[Passion]heart] Level back to zero and gives +2% of total Affection goal for each [[Passion]heart] stage lost.,
Pearl Necklace,
Drains your [[Sentiment]sentiment] and gives +1% of total Affection goal for each 1 [[Sentiment]sentiment] drained.,
Silver Ring,
Consume 10 random tokens on the grid. [[Broken Heart]broken] and [[Joy]joy] tokens excluded.,
Lovely Ring,
Consume all the power tokens on the grid.,
Nail Polish,
Upgrade 3 random Affection tokens to power tokens.,
Shiny Lipstick,
Upgrade a select Affection token to a power token.,
Hair Brush,
Consume a select row of tokens. [[Broken Heart]broken] tokens excluded.,
Makeup Kit,
Consume a select 3x3 square of tokens. [[Broken Heart]broken] tokens excluded.,
Eyelash Curler,
Consume a select column of tokens. [[Broken Heart]broken] tokens excluded.,
Compact Mirror,
"Select an Affection token and every token of that type will be replaced by either a [[Passion]heart] token, a [[Joy]joy] token, or a [[Sentiment]sentiment] token.",
Peep Toe Heels,
The next [[Broken Heart]broken] token match will count as a [[Passion]heart] token match instead.,
Cork Wedge Sandals,
"No tokens will be consumed as a result of a date gift being used for the remainder of the date. You'll still get the benefits, but the tokens will remain.",
Vintage Platforms,
Select a token type and you will not lose any moves until a match is made that is of a different token type than the one you selected.,
Leopard Print Pumps,
+1 [[Move]joy] for every 4-of-a-kind (or more) Affection token match for the remainder of the date.,
Pink Mary Janes,
+1 [[Sentiment]sentiment] for every [[Passion]heart] token match made for the remainder of the date.,
Suede Ankle Booties,
+3 [[Sentiment]sentiment] for every 4-of-a-kind (or more) Affection token match for the remainder of the date.,
Blue Orchid,
Consume all [[Talent]talent] tokens on the grid.,
White Pansy,
Consume all [[Flirtation]flirtation] tokens on the grid.,
Orange Cosmos,
Consume all [[Romance]romance] tokens on the grid.,
Red Tulip,
Consume all [[Sexuality]sexuality] tokens on the grid.,
Pink Lily,
Consume all [[Passion]heart] tokens on the grid.,
Sunflower,
"Consume all [[Joy]joy] tokens on the grid, earning +1 [[Move]joy] for every token consumed after the first 2.",
Stuffed Cat,
Remove all [[Broken Heart]broken] tokens from the grid.,
Stuffed Sheep,
+1 [[Passion]heart] Level for every 2 [[Broken Heart]broken] tokens on the grid.,
Stuffed Monkey,
+2% of total Affection goal for every [[Broken Heart]broken] token on the grid.,
Stuffed Penguin,
Convert all [[Broken Heart]broken] tokens into [[Joy]joy] tokens.,
Stuffed Whale,
Convert all [[Broken Heart]broken] tokens into [[Sentiment]sentiment] tokens.,
Sea Breeze Perfume,
Increase the amount of [[Talent]talent] tokens that fall by 50% for the remainder of the date.,
Green Tea Perfume,
Increase the amount of [[Flirtation]flirtation] tokens that fall by 50% for the remainder of the date.,
Peach Perfume,
Increase the amount of [[Romance]romance] tokens that fall by 50% for the remainder of the date.,
Cinnamon Perfume,
Increase the amount of [[Sexuality]sexuality] tokens that fall by 50% for the remainder of the date.,
Rose Perfume,
Increase the amount of [[Passion]heart] tokens that fall by 50% for the remainder of the date.,
Lilac Perfume,
Increase the amount of [[Broken Heart]broken] tokens that fall by 50% for the remainder of the date.,
Coffee,
Dark roasted with a dash of milk; the perfect morning pick-me-up.,
Orange Juice,
Fresh squeezed and packed full of vitamin C.,
Bagel,
Because it's not socially acceptable to eat donuts for breakfast.,
Muffin,
It's like a cupcake but you can have it for breakfast.,
Omelette,
A western style cheese omelette with sausage and peppers.,
Pancakes,
A fluffy stack of pancakes covered in butter and syrup.,
Cookies,
"An assortment of soft, chewy, mouth watering cookies.",
Cupcakes,
A variety pack of adorably delicious mini cupcakes.,
Sundae,
An ice cream sundae oozing with fudge and a cherry on top.,
Pumpkin Pie,
A thick slice of seasonal pumpkin pie with a dollop of cream.,
Fruit Tart Pie,
"A tangy fruit pie with kiwi, berries and a flakey crust.",
Wedding Cake,
"A huge, hand made multi-layer cake covered with frosting.",
Orange,
A sweet and juicy tropical treat packed with vitamins and minerals.,
Lemon,
Mango,
Pinapple,
Coconut,
Watermelon,
Carrot,
A delicious and healthy snack for the health conscious consumer.,
Cucumber,
Tomatos,
Bell Peppers,
Eggplant,
Cabbage,
Heart Candies,
Small sugar candies sometimes given as a show of affection.,
Jelly Beans,
An assortment of sweet jelly candies in various fruity flavors.,
Bubble Gum,
A flavorful chewing gum that can be blown into bubbles.,
Lollipop,
A classic confectionary treat for the child in all of us.,
Cotton Candy,
A mass of fluffy spun sugar that melts as soon as it hits the tongue.,
Chocolate,
"Smooth, rich, creamy dark chocolate that just melts in your mouth.",
Soda,
A sweet bubbly beverage thats mostly water and corn syrup.,
Popcorn,
A large bag of fresh popcorn loaded with butter and salt.,
French Fries,
A greasy bag of heavily salted fries that nobody can stop eating.,
Corndog,
A fried hotdog on a stick that can only be eaten in intense guilt.,
Hamburger,
"A grilled beef patty with cheese, lettuce and tomato on two toasted buns.",
Pizza,
A slice of piping hot pizza with all the toppings.,
Shiny Gift Box,
What could it be? Open it up and see what's inside!,
Fine Gift Box,
Fancy Gift Box,
Regal Gift Box,
Lovely Gift Box,
Lucky Gift Box,
"Every date you go on is gonna be more challenging than the last. If you don't improve your traits you're gonna blow it, trust me. You can use the ""Hunie"" you earn from interacting with girls to upgrade your traits using the traits app.",
"I'll make you a deal. Every time you give a girl a gift that she LOVES I'll have one of our interns send you a present too; something you can use on dates. Ahhh... I'm such a nice person. Err, fairy.",
"Pay attention to the appetite meter! A girl gets hungry standing around chatting all day. If she's hungry, check the store to see if there are any food items that she might like.",
"Know how to use booze to your advantage! Usually girls will only drink at night when they're out, but the more hammered she is, the more ""Hunie"" you'll earn by talking with her or giving her gifts.",
"You're so close! Once your relationship with a girl is at four or more hearts, there's a good chance you can pull her home after the next date. Take her out at night though! That's the only way you're gonna pull it off.",
"Good news! You can order items directly from us now. Just go to girl's collection screen in her profile and order from there. It'll cost you some serious Hunie though; 10,000 per order. Shipping between parallel dimensions isn't cheap!",
Flirtation Token,
Joy Token,
Talent Token,
Charisma,
Luck,
Option label goes here...,
Location,
Ability Name,
00,
Item Name,
"$10,000",
Cafe,
Park,
Nightclub,
Bar,
Beach,
Market,
Casino,
Mall,
Carnival,
Ask on Date,
Girl Finder,
View Inventory,
Check Profile,
Purchase Gifts,
Talk With Her,
Girls,
Inventory,
Messages,
Settings,
Store,
Traits,
Aaaaaaaaaahhhhh...,
Good morning Aiko!,
"Oh,····· hey Beli.",
What's wrong?···················· Seem's like something's bothering you.,
"Yeah,····· life.",
*hahaha*··········How are classes going?,
"Ugghhhhh,····· I don't want to talk about that.",
"Mmmm,····· well,····· I think I have just the thing!",
I'm headed to the beach to work on a few poses.········ You should join me.,
Nothing like a little exercise to melt that stress away.,
"Ehhhhh,····· not today.············ I'm just not feelin' it.",
Will I at least be seeing you this weekend at the studio?,
"I'll be there.·········· I don't think I have anything else going on, for once.",
Great!····· Can't wait!·········· See you there.,
Dude...······· bro...········· Asian chicks...·········· don't even get me started.,
Asian chicks...·········· don't even get me started.,
I··· have like the worst case of yellow fever··· ever...····· EV··ER.····· Like··· a yellow··· plague.,
"This is a tough approach.····· She's kinda in a shitty mood, so··· say something stupid to try and cheer her up.",
It doesn't matter what.····· The stupider the better.,
Isn't it funny how life is pointless and nothing matters?,
*hahahahahahahaha*··········I ask myself the same thing··· all the time.,
Hey can you teach me karate?,
*hahahahahahaha*·····Oh my god!····· Could you please be more racist?,
Fuck these birds. Am I right?,
"*haha*··*hahahaha*·····Nooo,····· I like the birds.",
I'm only kidding. I just thought you were cute and wanted to meet you.,
Noooooo...········ I look like a mess right now.····· I'm sure my hair is a disaster.,
"Haha, but, for real, what's up? You look a little bummed out over here.",
"Oh,····· no,····· I'm good.",
"Nah, I just like to bother people who look like they want to be left alone.",
"Well,····· mission accomplished.········ Good work!",
I'm just trying to relax;·········· enjoy a little down time between classes.,
I teach up at U.O.G.*uuu ooo ggg*····· You know the place?··········· It's like the only university in the city for some reason.,
"Oh, so you've got that sexy teacher angle going then?",
I don't know about that.·········· I have a couple students who would probably agree with you though. *hahahahahahaha*·····,
A teacher? You must be like really smart.,
Sure;········ yes.·········· Let's go with that. *hahahahaha*·····*hahahahahahahahaha*··*aaaacc*,
Oh yeah? What do you teach?,
"Well,········ I'm supposed to be a physics professor,····· let's just leave it at that. *hahahahahahaha*·····*aaaacc*",
I'm glad you came over here.····· I needed a good laugh.,
"The kids call me Ms. Yumi,········ but,····· you····· can call me Aiko.",
"Ughh!····· What the fuck!····· Of course you screwed it up, again!",
That's exactly what you asked for!····· Are you joking!?,
"Bitch,····· do I look like I'm joking!?····· How am I supposed to walk around like this?",
You're·· fuckin'·· loco*co*.·· This is how I always cut your nasty ass hair!,
"Nasty···· ass······· hair?·········· Eww,·········· don't··· even!·········· Look who's talking,····· skank!",
"No····· bitch,····· my hair isn't dried out and reeking of smoke, okay?",
"Whatever··· ho,····· why don't you go get knocked up again.",
You need to turn around and walk away.,
What's wrong!?····· Did I hurt your whore feelings?,
"Turn around,····· and walk away.",
Gla*aaaa*dly.·········· At least I won't have to look at your whore face anymore.,
Fuckin' whore ass bitch needs to learn...,
"Ooh,··· she's a little feisty one,··· huh?",
*aacc*This····· is what we refer to·· as····· a mega bitch.····· Confidence is key here.,
She has to know you're in charge and her bullshit isn't going to faze you.,
"So whatever you do,····· just,····· stay cool.",
"Uhh,····· could you move please?····· You're kind of in my way.",
...and let you walk out of my life forever?,
"Ok,····· whatever...····· that was so lame.",
"Sorry, I wasn't paying attention. I got lost in your eyes.",
"*hahahahaha*···Oh my god,····· seriously?",
In a minute. I'm not finished checking you out.,
"Uhhh,····· eww?",
What are you even doing at the mall anyway?····· Besides creeping on girls.,
I need to pick up some condoms for our date tonight.,
I need to pick up some lube for our date tonight.,
*hahahahahaha*Is that sooo?·····,
*hahahahaha*·····Is that so?,
Just the creeping thing pretty much.,
*hahahahaha*·····At least you're honest.,
I had a dream I would find my soulmate here. Turns out dreams CAN come true.,
Haah!····· How many cheesy lines have you memorized··· anyway?,
"Well,····· you're going to have to do a lot better than that,····· sorry.",
Buuut...····· you did put in effort I guess...····· and you are kind of cute.,
"I'll tell you what.··· If you're lucky,··· maybe we can go get high sometime.····· You down?",
Erryday.,
Niiice...,
I've been known to get a little stupid from time to time.,
That works for me.,
"Nah, that shit's for fools.",
"Ew,·········· well,····· you need to start.",
Name's Audrey.····· Get at me if you wanna make things crazy.,
"Now,····· if you don't mind,····· could get the fuck out of my way?",
Are you serious!?,
Ohhh·· come·· on!····· Just try it on!····· It's going to look sooooo cute.,
Try what on?············· There's nothing here!,
Come·· *oooo*on!····· I saw it and I immediately thought of you.·· You're going to love it.··· I promise.········,
Oh····· *aa*my...······················· uggghhh...··············· alright.·········· Just...·········· make sure nobody else is around.,
"Yeah,··· sure,··· the coast is clear.·····*mmcccmm*·····You're good.",
"Jess,····· I can't wear this!",
What are you talking about?····· You look cute!,
Cute!?,
"Ohhh,··· stop.········ There's nothing wrong with a little skin.",
You can't keep all that boob to yourself hun.····· It's not fair to the rest of the world.,
The world will be just fine without my...················ boo*oo*bs.··,
"Yeah··· but,········ I won't.····· Besides,····· it wasn't cheap,····· soooo,····· you're stuck with it.",
"So come on,····· let's go!",
I am NOT going anywhere in this.············· I'm changing back.,
*aaaaccc*·····You are impossible...,
Enjoying the view?,
"Quick,··· now's your chance.··· Before she goes to change just say something; anything!",
"Excuse me, but if I don't stop you now I'm going to regret it forever.",
What!?,
"Hey, wait up!",
Huh?,
"Dayum girl! Is it hot out here, or is it just you?",
Ahhh!,
"Ohhh,·· jeez.···················· Hi,········ sorry,········ *uu*ummmmm,·········· *aaaacc*···I'm so embarrassed right now.",
"My friend made me put this stupid thing on,·········· sorry.·········· One second,·········· let me go change.",
"Oh, what? The bikini? I hadn't even noticed.",
"*hahahaha*·····*haah*·····Somehow,····· I'm not so sure I believe that.",
What's the rush? I was kinda hoping you would leave it on.,
Your friend has good taste. That bikini was destined for you.,
Really?·········· No.················ You think so?·········· I don't know...,
It's a little revealing.········ Don't you think?,
"I don't want people to think...·········· I'm like that,·········· you know?",
Like what? Adorable? Too late.,
*hahahaha*Shut up.·····*haah*····· You know what I mean.,
"Hey, if you've got, flaunt it.",
Sooooo...··············· are you saying····· I have it····· then?,
"Oh, so you're not like that? Never mind then.",
*aaaacc*·····You jerk!·····*hahahaha*,
"Hmmm...·········· well,·········· I guess it's not that bad...",
"I mean,·········· if you're really saying you like it...",
"Oh,··· and,····· hi.············· The person inside of the bikini you're talking to;············· her name is Beli.···*hahahaha*·····",
Hold it right there!,
I believe you have something that belongs to me.····· I'd like it back.·····,
That gear is a critical component to my ship's engine.····· How did you get that?,
"I found it, right around here.",
Damn!····· How could I be so careless?,
It wasn't me! I swear!,
Save it!····· I've no time for stories.,
Uhhhhhhhh... the fuck?,
What!?····· What are you staring at?,
No matter.······· I'll be taking that back now...,
Thank you...····· Your cooperation is appreciated.,
It would be wise for you to forget this encounter ever happened.,
Wait! We were just getting to know each other.,
...and just why would you want to learn more about me?,
Before you go! Will I ever get to see you again?,
For what reason would we possibly need to meet again?,
Hold on! I don't even know your name.,
My name?······· Why would you want to know my name?,
I just kinda thought you were cute is all...,
*aaaacc*·····You think...····· I'm cute?,
I was wondering if maybe you wanted to go on a date sometime.,
You...····· want to go on a date?····· With me?·· *aaacc*·····,
You're like the sexiest thing I've ever laid eyes on.,
*iii*I...·········· Oohhhh...······· you really think I'm attractive...?,
"Well,········ I suppose you're not terribly hideous for a human.····· *hahahahahaha*",
I don't know...····· this goes against my better judgement...,
Not to mention that fact····· that it's strictly against protocol...,
"But,····· as long as I'm stranded here,····· I may as well try to enjoy myself...",
It's not like anybody is going to know...,
You're right.····· How would command ever find out?,
"Yeah, sure. Whatever.",
"I like this way of thinking...····· It is whatever,····· right?",
Right! You only live once.,
"That's trruuuue...*aacc*····· Well, in your case anyway.",
"Alright then,····· you've just earned yourself a new friend.····· My name is Celeste.·····",
"If you'd like to come and see me,····· try to find me later in the day.",
"My people are nocturnal. Besides,····· it's too risky to be walking around in broad daylight.",
"Hey····· Lol*ooll*a!············ Aww you bitch,····· you didn't tell me you were back in town!",
Hey lover!····· Just got in a couple days ago.····· Missed you!,
··Excuses*excuseseseses*!·········· You know you're supposed to check in with me as soon as you hit the ground.,
"*hahahahahaha*·····*cccc*·····Of course!····· What was I thinking?············· I'm sorry honey,········ won't happen again.",
That's more like it.,
How've you been my darling?····· Staying out of trouble?,
"Well,····· I try,····· but····· trouble has a hard time staying out of me.",
"*hahahahaha*·····Sooo,··· I take it work is good?",
Never better.····· But enough about me.····· What's goin' on girl?····· Any new mischief to share?,
*aaaacc*·····Where do I start?,
"Hold that thought.····· Have a seat,····· I'm gonna go grab you a drink.····· I want to hear all about it.",
"Ahhhh,·· I'd love to...",
Buuuut...?,
"Yeah,····· I've got an early day tomorrow.····· I just stopped in for a second.",
"Ahhh,··· coooome *ooooo*ooon.··············· You're not going to make me sit here and drink all by myself are you?",
"Raincheck.····· I'll call you later this week;····· girls night out,····· all the way.",
"Yeah, yeah, yeah.·········· Get out of here already.",
Love you baby!·····*ccaacc*,
Ooh!····· Milf alert!····· Looks like a total cougar too.,
I don't think you realize the gravity of the situation here.,
This is what separates the men from the boys.,
This is what separates the women from the girls.,
You've got to be aggressive.····· That nice guy shit isn't gonna cut it.,
You've got to be aggressive.····· That nice girl shit isn't gonna cut it.,
"Hey beautiful, I can't seem take my eyes off you.",
"Well·· then,········ come a little closer.····· There's a lot more to see.",
That is a supremely nice set of tits. Ten outta ten.,
*mmmhhhmmmhhh*·····Aren't they?····· What can I say?····· I'm blessed.,
How much?,
How much ya got?*mcmcmcmcmc*·····,
I don't believe I've had the pleasure of meeting you.·········· The·· cute·· ones·· are·· always·· hiding.·····,
"Hun,·········· do me a favor and help me out with my empty glass?·········· Pretty please?",
What's in it for me?,
"Ooohh,········ I can make it worth your while sweetie.····· Trust··· me.",
What're you having?,
"Hmmm,·········· surprise me.·········· I like surprises...",
Coming right up!,
Now this····· is a man who knows how to treat a lady.,
Now this····· is a woman who knows how to treat a lady.,
What should we do about the fact that we're desperately attracted to each other?,
"Awwwww,·········· you're desperately attracted to me?·········· You're sweet.",
How many drinks does it take to get underneath that shirt?,
"Only one way to find out,····· huh?",
"Actually, why don't we get out of here?",
"Oh,····· honey,··············· that wouldn't be very ladylike of me,····· would it?",
You haven't even asked my name yet.····· I'm more than just a pretty face you know.,
"Most gentlemen your age··· know me as Misty,····· but you can call me Jessie.",
"Most ladies your age··· know me as Misty,····· but you can call me Jessie.",
You should feel honored.·········· I only share that secret with people I like.,
Yo!·········· I didn't expect to see you here today Tiffany.,
Yeah! My english lit class was cancelled;········ tryin' to make good use of the time.,
"Hey,····· listen.······· Thanks soooo*oooo* much for watching Philip the other day.·········· I know it was last minute.",
"Nooo,····· don't even mention it.········ I love to hang out with Philly,····· he's my little buddy.",
Did he give you any trouble?,
Nope!····· Like an angel.,
An angel?················ Are you sure you were watching the right kid? *hahahahahahahahaha*········,
Hehehe...,
"I know I still owe you too,····· so don't worry.····· I should be getting my paycheck tomorrow.",
Shhhhh!·· I won't hear of it.····· I was more than happy to help out.,
Nonsense!······· I'm not taking no for an answer.,
Too late!·····*hahahaha*····· Have a good workout!,
Hey!····· Get back here!····· This isn't over!,
"Man,····· will you get a load of these two...",
I'd kill to have tits like that.,
This chick is clearly out of your league.····· But there may be hope.,
She's probably looking for a decent guy because of that baby mama drama.,
She's probably looking for a decent girl because of that baby mama drama.,
"So just try not to be an ass for like,····· five minutes...?",
Oh!······· She's looking over this way!····· Show time!,
"Hey,····· are you finished with that machine?····· I have one set left to jam out.",
I was just trying to look cool. I don't even know what this machine does.,
*hahahahaha*········It worked.····· You look wicked cool.,
"Yep, just finished. She's all yours.",
"Awesome,····· thanks so much.",
"Go ahead, you look like you need it more than I do.",
Hey what's that supposed to mean?,
Have I seen you on T.V. or something? You look familiar...,
Really!?·············· Oh·· em·· gee!····· I've done a couple local commercials but I never thought I'd be recognized!,
I don't know too many girls who work out with earrings on.,
"What?·········· Oh,··· shit!····· Totally forgot about these.·····*hahahaha*····· Thanks!",
Forgive me for saying this... but your body is straight bangin'.,
*hahahahahaha*·····Thanks.····· I try.,
"You must be new here.········ I don't think we've met before,··· right?.",
I like to think I know all the regulars here on a first name basis.,
"You could say I'm a little obsessed with this place, I guess.····· *hahahahaha*·····",
My name's Kyanna.······· Will I be seeing you here more often?,
Look forward to it!,
Great!······· I'm counting on it!,
If I can pull myself off the couch long enough.,
"I know what you mean.····· I have those days too,··· sometimes.",
Your hands are mad sweaty. I'm not complaining.,
"Yeeeahh,····· heh,··· that happens.····· My bad.",
"Oh,····· dude,····· you know what?",
You have to try one of the yoga classes they do here.,
The instructor is awesome.······· I think you'd dig it.,
"If you like being in a room with a bunch of sweaty girls,·· that is.·····*hahahahahaha*··········",
Well I'll be damned!····· Will you look at this guy?,
Well I'll be damned!····· Will you look at this bitch?,
I hardly recognize you without the virginity!,
Congratulations man!····· And with such a fine young thing too...····· I'm impressed.,
Congratulations girl!····· And with such a fine young thing too...····· I'm impressed.,
Well I couldn't have done it without you.,
"Yeah,··· no shit!····· We make a good team though.",
I can't believe that happened...,
Believe it buddy!····· You earned it.,
"Heh, that was nothing. I'm just getting started.",
Ooohhhh dayum!····· He's unstoppable!·····*hehehehe*,
Ooohhhh dayum!····· She's unstoppable!·····*hehehehe*,
"You know...····· I have to say,····· I might even be a little jealous.",
I mean you've got a ways to go...····· but you're turning out to be a regular sex machine.,
Be a shame to let these girls have you all to themselves...,
"Yeah,·· you know what?··· Fuck it! I'm in!",
"Excuse·· me*ee*,·· miss!",
Yeah?,
I've been here for a while now.····· I'm still waiting to be helped.,
Oh...····· yeeeeaaahhh.····· So·· my shift just·· ended.········ I'm pretty much out the door already.,
"Ummmm,·········· I think someone else should be in any minute.",
I'm just looking to get a cappuccino.····· It only takes a second.···,
I meeeaann...· it's more than a second.· Soooooo...···,
Are you serious?,
"I should have left over fifteen minutes ago,·· okay?········ I'm done.·······",
Wow...*ccc*··· okay?,
"Mmm, mmm!····· I love me some chocolate.",
I'll have a tall glass of whatever she's serving;········ know what I'm sayin'?,
"Let's see...····· Considering what just went down,·· she's·· probably a little pissed off.",
"Try to get on her good side.····· Open with something safe;··· umm,··· like,··· something she probably wants to hear.",
Customer service these days...,
"I know,···· right!?·· It's ridiculous.",
Ridiculous. Do you want me to talk to the manager?,
"No,··· it's fine.·········· Thanks for offering,··· but I'm not sure it would do much good.",
The nerve of some people though...,
Somebody woke up on the wrong side of the bed today.,
"*aaacc*·····No, trust me,······· that's just her.············ I've had to deal with her before.",
"I mean really,····· is a cup of coffee so much to ask?····· Soooo sorry to inconvenience you.",
Have you been waiting here long too?,
"Yeah, but it's okay because I've had you to admire while I wait.",
*hahahahaha*·······Is that the case?········ I'm glad I could be of service.,
I've only been waiting for a chance to talk with you.,
Me...?·········· Why?············ You see something you like?,
I can't remember. When I look at you time stands still.,
*hahahahaha*·····*cccc*·····Did you really just say that?············· I don't think I've ever heard that one before.,
"I have to give you credit though,····· that's pretty brave.········ You don't hear that often enough.",
Is that your technique?····· Hitting on girls at the coffee shop?,
Only if they are as cute as you are.,
"Oh··· geez,······· really?··············· Alright,····· you're good.",
Is it working?,
I wouldn't say it's NOT working...,
I just do whatever the magic fairy that follows me around tells me.,
"*hahahahahaha*·····*cccc*·····Okay,··· now that one I know I've never heard before.",
I'll tell you what big shot.····· You caught me in a good mood.,
"I normally don't give in so easily,····· so··· consider yourself lucky.",
My name is Lola.····· Pleasure.,
If I can get my capp sometime in the next year··· maybe we can sit down.,
I want to hear more about how attractive I am.···*hahahaha*·····*cccc*,
Ummm!····· Excuse me!,
"Did you drop these fishies here?····· If you don't want them, can I have them?",
Knock yourself out.,
·····Yeessss!····· Thank you!····· I'll love them forever and ever!,
Are you going to eat them?,
Nooooo····· silly!····· You don't eat pets!········· I'll take good care of them;··· so can I have um'?,
"No way, give those back.",
"Awwwww!····· But,····· but,·· pleeeeease?",
I don't believe we've met. Who are you?,
Is that a tail coming out of your backside?,
Mmmhmm!····· It is!····· I have these furry ears too.,
Soooo... are you like a cosplayer or something?,
Cos...?····· Play...?····· I don't think so...,
I'm··· Momo!········ I'm a kitty!····· *hahahahaha*,
Buuuut...··· well...··· I don't have a master...,
I don't like being a stray kitty...····· it's no fun...,
You know... I kinda have a thing for cat girls...,
A thing?····· What kinda thing?·· A treat!?,
Whaaat? You're too adorable to be a stray.,
Do you think so?·····*hahahahaha*,
"Awww, poor thing.",
Mmmhmm...················· it's really cold and scary at night...,
·····Wait!····· I just got a idea!,
·····You can be my master!·········· You're super duper nice!·········· You'll take good care of me.·· Yeah?,
I'd love to take you home with me.,
···*aaacc*·····What?····· WHAT!?············ I can't believe it!·· For real?,
"Well, okay! How can I say no to that face?",
··*aaacc*·····Really!? Thank you! Thank you!,
"No, sorry. I'm not really a cat person.",
Pleeeeeease?·····*cccccccc*,
I'll be the best kitty in the whole world. I promise!,
I can't believe this!····· My own master!,
"Ughh...····· Audrey,····· can we leave now?",
"Calm down Nik,····· we just got here.",
Just got here?······· We've been here for at least an hour.,
Don't·· be such·· a downer.·········· Loosen up a little!······· I'll buy you a drink.····· What do you want?,
I don't want anything.····· I'm not even old enough to drink.,
*aaacc*·····They don't care...,
"Okay,·········· ohhhh my god.·········· Why do you do this every, fucking, time?",
"Can't you just like chill out for once and I don't know,··· have fun?",
This isn't fun.·········· Everybody here is a complete douche bag.,
I told you I didn't want to come here and you dragged me anyway.·········· Just like last time.,
Because you can't just sit in your room all day.······· You need to fucking··· exist or··· something!·····,
I don't sit in my room all day.,
Whatever!····· Go.····· Leave.····· Byyyyeee.,
Awwww·· shit...·········· I was afraid we might run into one of these.,
Doesn't look like she's a big fan of people...,
Buuuuuuuuut...····· your weirdness might actually pay off here.,
"Hmmm,····· I never thought I'd say this to you,··· but,·········· just be yourself.",
Your friend seems... interesting.,
She's a bitch.,
Ummm... hey.,
Hiiii...?,
You look like you'd rather be anywhere else.,
No shit.····· What gave it away?,
I feel your pain. This isn't really my scene either.,
Okay...····· so why are you here exactly...?,
I like your hair. Is that natural color?,
"Seriously?········ Yeah,····· I have naturally blue hair.····· Because that's a thing.",
Can I get you something to drink?,
Please don't.,
"Sorry,····· but,····· can you leave me alone?",
There's plenty of other girls here for you to talk to.,
That's why I'm talking to you. I can't stand these other girls.,
"Look,····· I see what you're trying to do,········ but I'm not interested.·········· Okay?",
Why are you so hostile? I'm just trying to say hi.,
"Well,····· I'd rather you didn't.····· So,····· good night.",
"Oh, alright. Yeah, sorry to bother you.",
Don't beat yourself up over it.····· She was a lost cause to begin with.,
Plenty of fish in the sea.····· Let's see... hoooww aboooouuuut...,
Wait...·········· is she coming back over here?······· This ought to be interesting.,
"Ummmm,····· hey,········ you know what?····· It's Nikki...····· my name.",
Maybe I was a little bit quick to judge...····· force of habit.,
"I'm normally not the type of girl·· that··· like...····· talks to people,····· or·· whatever...",
But I guess you can keep me company until my friend is ready to go.,
"Oh, Ms. Yumi!······· I'm glad I ran into you.",
Have you had a chance to grade our exams yet?,
"Uhhhhhh,········ remind me what that was on again.",
"You know,····· the conservation of··· whatever-you-call-it.",
"Ohhh····· yeah,···· yeah.··············· I·· think those·· are on·· my desk...············· somewhere.",
"Ohhhhh,··· okay.············· Do you know when you might be able to get them back to us?",
"Later.····· Next week,·· probably.········ I'm sure you did fine Tiffany.",
"You think?········ I hope·· so.·················· I don't know, I was having trouble with some of the material.",
Do you know what we're going over next week?····· I'd like to try to get a head start this time.,
Next week?······················ I····· don't know yet...,
"Actually,····· I have a pounding headache right now.····· Can we do this later please?",
"Yeah,····· okay.······· Sorry to bother you Ms. Yumi.",
"No,····· it's fine.················· I'll talk to you later.",
Whoa.······· Is·· this·· chick·· serious?····· That school girl uniform is a little on the nose don't cha think?,
"She's cute though.··· Blonde too, so ah... bonus points!",
"This is your classic girl next door situation.····· She's nice,··· so don't say anything to scare her off.",
But don't be afraid to take a chance!,
"Excuse me, do you know where I can find the student union?",
I sure do!········ I know this place inside and out.,
You go past the building here··· and take a left at the fountain.····· You can't miss it.,
"Hey, don't take this the wrong way, but I just thought you were cute and had to say hi.",
"Who?··· me?················· Ohhh, no!······· I'm·· so·· not·· cute...············· but thanks for the compliment!",
Would it be too forward of me to ask you on a date?,
"Oh,····· wow.······· Uhhh...················ I'm not sure.················· I don't even know you.",
I haven't seen you around here before.····· Are you starting this semester?,
I teach here. Professor Handsome they call me.,
I teach here. Professor Sexy they call me.,
"*hehehehe* Come on,·· give me a break.····· Stop teasing me!",
"No, but if all the girls here are as cute as you I might have to reconsider.",
"What?····· You're crazy,····· stop it.",
I'm thinking about it. Would you recommend this school?,
Of course!····· This place is awesome.····· My professors are the best.,
You strike me as an athletic type. You on a varsity team?,
"Oh my god,····· yeah!·········· That's so crazy,··· how did you know?",
I'm on the cheerleading team;······· the cheer captain to be exact.,
"Sorry, am I holding you up from getting to class?",
No!····· Don't worry about it.····· I'm all done with classes for now.,
"If I end up going here, you'll have to show me around.",
Yeah!····· I'd love that.····· It's really a beautiful campus too.,
My name is Tiffany by the way.····· It's nice to meet you.,
You seem like a cool guy.·········· Hopefully I'll see you around campus!,
You seem like a cool girl.·········· Hopefully I'll see you around campus!,
This...···················· is the one?,
That's the guy.,
That's the girl.,
How is that possible?·········· I····· don't understand...,
"I know.····· Believe me,··· I know.····· I'm just as surprised as you, but,····· that's him.·····",
"I know.····· Believe me,··· I know.····· I'm just as surprised as you, but,····· that's her.",
*aaaacc*········· Alright...········ I'll handle this.·········· You're dismissed.,
Have fun!,
"Sooooo,················· you're good with women,····· are you?",
To whom do I have the pleasure of speaking?,
Quiet!············ I'll get to that in a moment.,
The best in the business.,
"You appear to have the confidence for it, at least.",
How do you people get into my house?,
Shhhhh!····· I'll be asking the questions.,
"You see,····· I've been hearing some very impressive reports from Kyu.",
"Reports that have me very,····· very...····· interested.",
Apparently you've been with every beautiful girl in your town...········ within a remarkably short time...,
I've never heard of anything like it before...,
What can I say? I'm just that good.,
"Yeeeeessssss,····· well we'll see about that.",
I'm just doing what Kyu told me to do.,
This is no time for modesty!,
I suppose I have improved quite a bit...,
In···deed.············· But the question remains...····· how good are you?,
"If you're to ultimately prove yourself,····· there is one final challenge...",
"*hahahahahaha*····· You're looking at her.·········· Venus,····· the goddess of love.",
"If you can claim the love of a goddess,·········· you will truly become a legend.",
I can assure you however·········· that this is no simple task.,
"Few have tried,····· but all have failed.····· No human has ever known my embrace.",
I consider it an honor to accept your challenge.,
"I am rock hard right now, you have no idea.",
"I am so wet right now, you have no idea.",
You're on lady.,
*hahahahahahahahahahahahaha*·····*ccaaaacc*········ Good luck...,
Whohohoooa!!····· That.·········· Was.·········· Awesome!·········· I saw the whole thing.····· I can't believe you nailed my boss!,
"I mean····· I've heard stories,····· but I've never seen anybody actually pull it off.",
*cccc*·····Was she as good as I imagine?,
She was incredible. There are no words to describe that kind of pleasure.,
"Awwww··· man!····· Alright····· stop,····· stop.····· I can't believe I'm jealous of you right now.",
"Ehh, you know. It was alright.",
"*hehe*Yo,····· shut······· up.········· You're killin' my dream.····· You know you loved it.",
"Yeah, but not half as good as you.",
"*hahahaha*·····Well,····· yeah,····· I am pretty good...",
"Mmmmm,····· I'm not even sure what else to say.",
It feels like just a couple of days ago you could barely get a sentence out in front of a cute girl.,
Now you're bangin' 'em out left and right.·····*cccc*····· I guess I'm better at my job than I thought...,
Hey! I'm the one who did all the work!,
Oh··· please!····· You'd still be crying yourself to sleep if it wasn't for me.,
"Wait, so like, do you have sex with all your clients?",
"Yeah,····· pretty much.····· What can I say?····· I'm kind of a slut.",
You're the best. Thanks for everything you taught me.,
"Don't mention it.····· It's like I said,··· I'm just doing my job.",
"I'll admit it though, you did good.····· Real good.····· I'm proud of ya!",
There's really only one place to go from here...····· one final challenge.········· If you think you're up for it...,
Didn't Venus say she was the final challenge?,
*cccc*·····Why you gotta be like that?····· Will you cut me a break over here?,
I'm in! Let's do it. Whatcha got?,
That's what I'm talkin' about!········ I had a feeling you'd be down.,
Nah that's okay. I'm kinda sex'd out.,
Uhhhh...····· what?········· Whatever.··········· I'll explain it anyway incase you change your mind.,
"The final challenge is called ""Alpha Mode"".····· In alpha mode,····· the difficulty will be locked into the ""Hard"" setting.",
"Dates will continue to increase in difficulty, indefinitely.····· The question is,··· how far can you get?",
"Sounds fun,····· right?·········· It is!·············· But,············ we need to make sure you're really prepared for it.",
"So before I activate ""Alpha Mode"",····· I'm going to need you to fork over those panties.",
All together I need twelve pairs of panties from you;····· each pair from a different girl.,
"So if you got 'em,····· hand 'em over!····· I'll be waiting!",
Hi there!,
HI!! HELLO!!,
"Wow,····· okay.····· Could I get you to maybe take it down a notch?· I'm· right here.",
Uhhhhh...,
"Ummm, hello?·········· Is anybody home?",
What? Who... me?,
"Yeah, you!",
"Oh, sorry. I just... don't talk to many girls.",
"Well you're talking to one now,··· champ.",
"You're like really, really cute.",
I know right?····· It's crazy.,
I think I'm in love with you.,
"Ooo···kaaaayy,········ maybe we can take a step back here.",
My name is Kyu;····· nice to meet you.,
Kyu? That's a weird name.,
"Oh thanks.········ No that's great,····· I have a weird name.·····",
"You mean, like, the letter?",
Nope.····· Not like that at all.,
I literally can't remember my name right now.,
Riiiiiight.··············· We'll try that again later.,
"Look dude,····· are you gonna be alright?····· Looks like you're having some trouble holding it together over there.",
"Look girl,····· are you gonna be alright?····· Looks like you're having some trouble holding it together over there.",
"Hmm? Nah, I'm chill, I'm chill.",
Psssh!····· That's a fat load of shit and you know it.,
What do you mean? I'm fine.,
What do I mean?····· I mean I can literally see you sweating through your shirt.,
"Oh, no I just... Uhhh, I just...",
"You just... You just...····· Yeah, that's what I thought.",
"Shit... Yeah, sorry. I should just go.",
Or you could just stop being so weird about it.,
Is it that obvious?,
I could see how uncomfortable you are right now from space.,
"Well, it's just that... you're so pretty and stuff.",
"Oh god,·· did you just say that?····· Is this happening?",
"Hmmmmm,····· wait,····· you know what?····· This might actually work...",
"Yeah,····· yeah... Oh man, this is your lucky day buddy!",
"Yeah,····· yeah... Oh man, this is your lucky day sister!",
"Listen,····· I gotta go.····· But, we'll meet again, real soon.····· Trust me.",
Niiight!,
"Hey, you!····· Rise and shine!····· We've got work to do.",
I said····· GET UP!,
"Mmmm, five more minutes...",
No way dude.····· No time to waste!,
No way girlfriend.····· No time to waste!,
"Alright, alright... I'm up... I'm... zZzZzZz...",
Am I gonna have to pull the covers off?,
"Aww, I was having the best dream...",
*hmmm*···I bet you were...,
"Wha, wait! Who are you!?",
That getup... I'm definitely still dreaming.,
Afraid not.····· This is totally happening.,
How did you get in here? I'm calling the police.,
Chill out for a second.····· You'll be glad I showed up.,
"Don't you recognize this adorable face?····· *hehe*It's·· Kyu,·· from the bar.",
"Yeah... but you had brown hair. Also, not wings.",
"Clever disguise,····· right?····· I can change my hair any color I want.····· It's pretty sweet.",
Huh... Did you... I mean... Did we...?,
"*hahahahahaha*·····No...······· no.······· God no.·········· Besides,····· I was on the clock.",
I'm so confused right now. What's going on?,
*hhmmmm*·····Why are they always confused?,
"If you can't tell by now,····· I'm a fairy.··· Well,··· a love fairy to be exact.",
"Okay. But, fairies aren't actually a thing.",
"Common misconception.····· I assure you that fairies are indeed,····· a thing.",
Question. What exactly is a love fairy?,
Good question.····· I'm glad you asked.,
Ohhh! Well why didn't you just say so?,
"*aaacccc*·····Funny,········ but let's leave the sarcasm to me,········ alright?",
"Ya see,··· as a love fairy,· it's my job to help poor saps like you out with the ladies.····· It's just...·· what I do.",
"Ya see,··· as a love fairy,· it's my job to help poor gals like you out with the ladies.····· It's just...·· what I do.",
"I don't like to brag,····· but I'll have you know I have a very impressive track record.",
All of my previous clients are basically walking babe magnets now.,
"You, though...··· *cccmmccc*········Let's just say, you will be my greatest accomplishment yet.",
Thanks but no thanks. I'm doing just fine on my own.,
"*haaah*·····No, but seriously.",
Why do you want to help me? What's in it for you?,
"Man,····· you and all the questions.····· Can't a fairy just help a brother out?",
"Man,····· you and all the questions.····· Can't a fairy just help a sister out?",
I'm still having a hard time accepting the fairy thing. It kinda crushes my reality.,
"*aaaccc*·····It's fine,····· just go with it;····· it's gonna be great.",
"We need to get started right away.····· Tell me,····· how many dates HAVE you been on?",
Like actual dates with physical girls?,
"I mean, you know, an amount.",
"Define ""date"".",
"Oh··· my··· god,····· it's worse than I thought,····· isn't it?",
"Alright,··· grab your shit,····· we're going on a date,··· right now.····· Someone has to show you the ropes.",
I know a place nearby that's open pretty late.····· You'll love it.····· Or not;··· I don't care.,
"Alright,····· I'll try to make this quick.",
This is the date grid.····· These little pieces are called tokens.,
You earn affection by matching three or more of the circular tokens horizontally or vertically.,
"For a successful date,····· you have to fill the affection meter before you run out of moves.",
"Go ahead,····· give it a shot.····· Match those orange ones with the crescent shape in the middle of the grid.",
See?····· Easy!,
Each of the four types of Affection tokens represents a particular trait.,
"The orange ones represent Romance,····· blue is Talent,····· green is Flirtation··· and red is Sexuality.",
Pay attention to which trait your date prefers!····· It'll go a long way.,
Of course matching four or five tokens will get you even more affection.,
I'll show you.····· Match those four Sexuality tokens in the bottom right of the grid.····· The red ones.,
"Sweet.····· Okay,····· what's next...",
Oh right.····· Let me cover the other token types real quick.,
The pink hearts are Passion tokens.····· Matching those will raise your date's Passion level.,
"The higher her passion level is,····· the more affection you'll earn.",
The gold bells are Joy tokens.····· You'll get an extra move by matching those;····· very useful.,
"The Broken Heart tokens are bad news.····· Seriously,····· avoid matching those as best you can.",
"Finally,····· the tear drops are Sentiment tokens.····· Matching those gives you...····· well,····· Sentiment.",
You need Sentiment in order to use date gifts.,
Annnnnnd seeing as how you don't have any date gifts...····· I'm guessing I need to explain that too?,
"Here,····· I'll hook you up with one of mine.····· It's on the house.",
"Like I said,····· you'll need Sentiment to use it.",
So go ahead and match those three Sentiment tokens in the left most column.····· The tear drops.,
"Okay,····· now go ahead and give that date gift to me.",
Cool huh?,
"There are like,··· a ton of different date gifts that you can get too.",
They each have a unique effect on the date and can be extremely useful in combination.,
"Oh,·····*cccc*·· and thanks to a little fairy magic,····· you'll never actually lose them.",
So you can use them on your next date too!····· Is that cool or what?,
"Alright,····· alright.····· I've gone on long enough.",
I'll let you finish up the date so you can get the hang of it.,
"Oh and don't worry,····· I won't let you fail this one.····· I'm not THAT mean.",
"Aww, shit.····· It's morning already?····· We are way behind schedule.",
"Okay,····· check it out.····· I have one last thing to give you;····· and this is important.",
Introducing...····· the latest in love fairy technology...····· The HunieBee four-point-oh.,
The HunieBee is an essential lifeline for any player on the go.,
It automatically registers the info of new girls you meet····· and can even track their location.,
"You can organize your inventory,····· buy new gifts,····· upgrade your traits...····· It's awesome!",
"We don't have time to go over every feature,····· but you're a big boy,····· you can figure it out.",
"We don't have time to go over every feature,····· but you're a big girl,····· you can figure it out.",
To access the HunieBee····· all you have to do is right-click at pretty much any time.,
Or····· if you're weird····· you can use that button at the top of the screen.,
Go ahead.····· Break that bad boy open!,
"Okay,····· great!····· I think that's it for now.····· Let's get out there and talk to some broads!",
Hell yeah! Let's do this shit!,
That's what I like to hear!,
Or... we just chill here and play video games.,
I saaaiiiid...····· let's go talk to some broads!···,
I'm not ready! Please don't make me do this!,
What's that?····· I didn't hear you?··· Did you say...····· hell yeah?,
"Now if you wanna meet a hot chick,····· you gotta go where the hot chicks are.",
I've done some scouting and I have a few ideas of where to start.····· It depends what type of girls you're into.,
"We can check out the university,····· the mall,··· the gym,·· the park·· or the nearby cafe.····· What'll it be?",
University Campus,
Shopping Mall,
Fitness Club,
Dawnwood Park,
Nutmeg Cafe,
Good choice rookie!······· Couldn't have picked it better myself.,
"Alright,····· ready?····· Get your game face on!",
"Oh yeah.····· Don't worry,····· they can't see or hear me.····· I'm just a figment of your imagination.",
Ploooot twiiiiiist!,
"*hahahaha*·····Nah, I'm crazy real.····· I just hid myself from everyone so I can give you advice on the sidelines.",
"No!····· Way!...····· You did it!········ Well,··· with my help of course.",
I gotta admit I did not expect you to pull that off.,
Beginner's luck.····· Don't let it go to your head.,
"By the way,····· that other chick that was here just a second ago?",
"Since she was in range,····· the HunieBee started tracking her location too.",
"So after you're done here with this girl,····· you can go catch up with her too.",
Just bust out the HunieBee and check the girl finder screen.,
"I'm pumped!····· You pumped?····· Yeah,··· you're pumped!····· Go get em!",
I'll be around if you need me!····· *ccccc*·····What am I saying?····· Of course you need me.,
What's your favorite part of the female body?,
The chest... region.,
*hahahahahahahahahaha*·····Of course!··············· Now I see why you came up to me.,
The sexy brain.,
I'm a leg man myself.,
I'm a leg woman myself.,
What's your kill count?····· Huh?········ How many notches you got on the ol' belt?,
"I'm looking at a pretty decent amount, but nothing crazy.",
Nice.············· Nothing worse than an inexperienced man.,
Nice.············· Nothing worse than an inexperienced woman.,
"Haha, it's hard to keep track after a while you know what I'm saying!?",
I haven't... exactly... had sex.,
Let's····· seeeeeeee...·················· longest relationship you've ever had?,
My longest? Probably a year and some change.,
Same····· here!··············· I don't like to be tied down for too long.,
"Several years, it was pretty serious.",
I'm lucky if I can keep it together for two weeks.,
What's your most fucked up sexual fantasy?,
I want to be chained to the bed and dominated.,
That...······· can be arranged...,
I've always wanted to try the golden shower.,
"A threesome... no, a foursome! As many girls as you can fit on a bed.",
"What was your first time like?·········· With a girl, of course.",
Once I found the hole we were good to go.,
*hahahahahaha*···*ha*···Well I hope you remember where it was.,
I don't like to brag but she came at least three times.,
Short lived...,
How do you define happiness?,
I don't know... I guess I'm still searching for that answer.,
"Yep,········ same here.·············· Please, let me know when you find it.",
I think achieving your goals is a big part of it.,
Lots of virtual sex with anime girls.,
"What's the craziest place you haven't done it,······· but would like to?",
"Underneath your desk, during class.",
"Oh, shiiiit...···················· that would be pretty hot.",
Probably like an airport bathroom.,
I'd be great just to have any sex at all.,
What do you usually do when you can't think of anything else to do?,
Oh that's easy; crank one out.,
Really!?···*hahaha*····· Me too!····· I thought I was just weird.,
I try to find a new video game online.,
Lay on the floor and contemplate existence.,
What kind of porn are you into?··············· What?····· I want to know.,
"Believe me, one look at my browser history would terrify you.",
Oh·· my·· god!·········· Now I'm curious!··············· It can't be worse than mine though.,
I don't really watch porn. It's just not my thing.,
"Nothing weird. You know, pretty standard stuff.",
You a political person at all?,
"Nah, that's all a bunch of noise to me.",
You too?·········· They all sound like a bunch of douchebags to me.,
I suppose I lean to the conservative side.,
Most of my views are pretty liberal.,
This is a fun one...····· what's your biggest turn on?,
"Hearing a girl moan, hands down.",
You mean like this?····· *ccaaaaaaacc*·····*ccaaaaaaacc*·····*hahahahahaha*,
Girl's who play video games.,
I'm pretty into feet and like shoes and stuff.,
"What's your ideal,····· perfect vacation like?",
This is lame but I prefer to just stay home and relax.,
"No,····· I'm with you.·········· Who wants the stress of traveling?",
A tropical island or beach resort.,
A cozy winter cottage or ski resort.,
"So honestly,········ how many chicks you seeing right now?",
There are a couple of girls I've met that I'm talking to.,
I respect your honesty.····· But they better not be cuter than me!,
"Baby, I only have eyes for you.",
You should see all the tail I'm chasing. It's crazy.,
Do you prefer to know your partner's sexual history?,
"Yeah, I like to know what I'm getting myself into.",
"Yes!··············· I know this is····· pretty messed up,····· but it kinda turns me on to know.",
"No, the past can stay in the past.",
I prefer that she just lie about it. I know I would.,
What are you supposed to do when you're bored?,
"You get fucked up on drugs, duh.",
"*hahahaha*·····Yeah,····· but then what?····· I'm still bored!",
Find a good book to read.,
It's a great opportunity to hit the gym.,
"If someone said they saw me with another guy,····· what would your reaction be?",
"If someone said they saw me with another girl,····· what would your reaction be?",
I'd break his fucking face.,
I'd break her fucking face.,
Maaaybe I'll hate fuck someone to get their ass beat.*hahahaha*···,
I think I would just be really sad about it.,
He can have you. Good riddance.,
She can have you. Good riddance.,
Do you still talk to any of the girls you used to fuck?,
Hell no!,
Good!····· I'd have a thing or two to say to those fuckin' skanks.,
Yeah I like to check in and see how they are doing.,
Only when I'm looking for a booty call.,
Do you prefer girls that shave their shit?,
"Yeah, pubic hair is gross.",
"Seriously!········ My one friend Nikki doesn't shave, it's so gross!",
Honestly I prefer a little bit of hair.,
I don't care. It's up to her.,
"Sooo,········ what kinda shit are you on?",
I like to get high every now and again.,
Can I tell you a secret...? I'm high right now.··*hahahahaha*,
"Some hard shit. You name it, I've done it.",
"Sorry, I don't mess around with drugs.",
You ever stolen anything?,
Of course. It's too easy to get away with.,
"Okay,····· sweet.····· I'm not trying to hang out with a pussy.",
Of course not. It isn't right.,
Only the hearts of beautiful women.,
What kind of people do you just fucking hate to even look at?,
I can't stand fake ass hoes.,
*aaaacc*·····I know!····· Even my friends can be so plastic sometimes.,
I have no patience for people who are rude.,
I don't really hate anybody...,
How do you vent when somebody pisses you off?,
I scream in their face about it.,
"Ughh,····· right?····· I don't take no fuckin' bullshit from nobody.",
I go home and beat up my pillows.,
I try to think happy thoughts.,
What's your biggest turn off?····· Huh?,
Broads who don't know how to let lose and have fun.,
Well you don't have to worry about me.····· Fun is pretty much my deal.,
Flat chested girls make me sad.,
"Chicks who smoke. Ughh, it's so gross.",
"So,····· what's your go to position?",
I like to give it from behind.,
*hahahaha*·····I think you and I are going to get along just fine...,
I'm a pretty big fan of oral.,
Good old fashion missionary position.,
What do you hate most about dating?,
Pretty much everything.,
"Oh my god,····· you too?····· It's so much easier to just fuck around.",
Running out of things to say or do.,
Having to weed through all the bitches.,
Do you even work out?,
"Bitch, I was born perfect. I don't need to work out.",
"*hahahahaha*·····Yo,··· whatever...····· Think again.",
What do you mean? I work out all the time.,
It's been a while. What about you?,
"Ughh,····· I'm afraid to even ask...····· how many times a day do you touch yourself?",
As many times as it takes.,
Oh····· god!···············*hahahahahaha*········ I don't even want to know what that means!,
Whenever I think of your face.,
"That's gross, I don't do that.",
"So,·········· what's your opinion on going to university?",
School is nothing but a waste of time and money.,
Finally someone agrees!········ It's so boring!·········· How am I supposed to deal with that?,
It's the only way to get ahead in this world.,
It's fine if you're smart...,
What are your feelings about true love?,
I believe there is one special person out there for everyone.,
"Awww,····· you too?·········· It seems like today's world has given up hope on true love.",
"I think love exists, but it has to be built between two people over time.",
"I'm not convinced that love actually exists, it's just an abstract concept.",
Do you like to look at your partners face while making love?,
"Yes, I look right into her eyes.",
"Really?········ Wow,····· that's beautiful!",
"No, it's just too weird and awkward.",
Well I would but I'm usually looking at her butt.,
"Umm,·········· funny question,··· but,·········· how do you feel about girls shaving...····· down there.",
"Honestly, I prefer the natural look.",
Oh good!··············· I mean...····· that's an··· interesting choice.,
Only if she'll let me do it.,
I think it looks better when it's clean shaven.,
Do you believe there is some form of life after death?,
"Well, I don't know what it might be, but surely there must be something.",
"Surely!····· I think we live on,····· not in physical form,····· but we're around.",
Of course! We go to a magic city in the clouds and everything is great forever.,
Not a chance. Enjoy your life while you've got it.,
What does happiness mean to you?,
I'm happy just to be alive at all.,
"Hey,····· that's a good point...····· Life itself is such a precious gift!",
Laughing and having a good time with my friends.,
"Having nice things... you know, I shouldn't be without.",
What does your morning routine look like?,
I like to take a few moments to reflect on the day ahead of me.,
Just like me!············· I begin each and every day with some light breathing exercises.,
I hop right into the shower and get the day started!,
There's a lot of alarm button hitting going on.,
How do you feel about war and disease in other countries?,
It's a terrible shame and it breaks my heart.,
"Isn't it?·········· It must be such frightening thing,·········· I wish there was more I could do.",
It's a complicated issue. I'm thankful that it's not happening here.,
"Eh, what are you gonna do, you know?",
What do you do to calm down when somebody makes you angry?,
I try to relax and remember that nobody is perfect.,
"That's very admirable.·········· You're right though,····· we all have our flaws.",
I like to wait a little while and then plot my revenge.,
Put a hole right through the wall. Works every time.,
What's your favorite thing about yourself?,
I like that I'm openminded and always learning.,
Wow!·········· I've never heard an answer like that before.·········· I like it!,
I think my sense of humor is pretty damn funny.,
My devilishly handsome good looks.,
Do you believe there is some kind of deeper meaning to dreams?,
It seems possible. Maybe there's a message in every dream.,
I agree!·········· I can't help but feel there's some purpose behind my dreams.,
I think dreams are premonitions of future events.,
"I doubt it. Dreams are probably just that, dreams.",
Are you happy with your body?,
What's not to be happy with?,
That's an interesting way to think about it...·········· Very refreshing!,
God no. I try to avoid going in rooms with mirrors.,
I could stand to lose a few pounds.,
"If you found someone's wallet on the ground,········ what would you do?",
Look inside to see if I can find out who to return it to.,
You're a good person.·········· Not everybody would be so honest.,
"I'm not gonna lie, there's going to be a shopping spree involved.",
"Leave it right where I found it, as to not incriminate myself.",
"If you could change one thing about me,·········· what would it be?",
Only that you would ask such an insecure question.,
You know what...····· you're right!······· I should just be secure in who I am.,
I might take you up a cup size. You can never have too much boob.,
Nothing! You're perfect the way you are.,
How do you feel about spirituality?,
"I wouldn't say I'm 100% non-spiritual, but I don't lose my mind about it.",
That's fair.····· As someone who practices yoga··· it's probably clear where I stand.·····*hahahaha*,
I am a deeply spiritual person. I worship the great love goddess.,
Sounds like a bunch of hocus-pocus voodoo magic to me.,
What is the name of the spiral galaxy nearest to the Milky Way?,
Andromeda Galaxy,
Triangulum Galaxy,
Cassiopeia Galaxy,
Approximately how old is your planet Earth?,
"4,500,000,000 years",
"1,200,000 years",
"6,000 years",
"What are stars vastly made up of,····· more than anything else?·····",
Hydrogen,
Helium,
Carbon,
What is the largest planet in your solar system?,
Jupiter,
Saturn,
Uranus,
Which planet in your solar system is the most dense?·····,
Earth,
Neptune,
What is··· a supernova?,
An exploding star.,
A collapsing black hole.,
A collision between two asteroids.,
What is the smallest planet in your solar system?,
Mercury,
Mars,
Venus,
"As far as we all know,····· what event began the universe?",
Big Bang,
Supernova,
Blackhole,
Roughly how many miles does light travel in one earth calendar year?,
6 Trillion,
6 Billion,
6 Million,
What type of star··· is your planet's sun?,
Yellow Dwarf,
Blue Giant,
Red Supergiant,
Which of these objects is made·· partly····· of ice?········,
Comet,
Asteroid,
Meteor,
How many moons does your planet Saturn have?,
62,
29,
14,
What is the name of your planet Saturn's largest moon?,
Titan,
Enceladus,
Rhea,
What is the approximate distance from your planet to it's moon?,
"238,900 miles",
"1,640,210 miles",
"701,450 miles",
"If you won a million dollars,····· how would you spend it?",
I'd spend all of it on luxuries for my girlfriend.,
"Ohhh····· b*aa*aby!·········· You knew that's what I wanted to hear,····· didn't you?",
I think I'd just hang onto it. There's not much I want.,
Feeding the hungry in less fortunate parts of the world.,
Would you ever consider...····· going through the back door?,
I suppose if I was invited it would be rude not to stop in for a bit.,
Is·· that·· soooo?··············· Well maybe I'll have to write out some invitations...,
Consider it? That's the ONLY door I'm going through.,
"Eww, no. Sorry, that's not what that's for.",
How would you feel about your partner seeing other people on the side?,
She can do whatever she wants. I don't own her.,
"Yeah,··· it's not a big deal.··· It's just sex!···",
It depends how serious the relationship is.,
I think I'd be pretty upset about it.,
Have you ever slept around while dating someone?,
"Yeah, I'm not exactly the best at commitment.",
Thats okay honey!····· It's not exactly my cup of tea either.,
Just once and it was the biggest mistake of my life.,
Not a chance. I wouldn't dream of it.,
Do you like the lights on or off during sex?,
"All the way on, so I can watch her eyes roll back into her head.",
"I know!····· Me too,····· me too.····· I like to see what's going into my mouth.",
I like them off. I don't need to bare witness to that event...,
I'd say something in-between. Dim lighting is pretty romantic.,
How do you feel about smokers?,
"To be honest, I think they're kinda sexy.",
"Fuck you,····· really?·········· Oh, I'll have to keep that in mind...",
Smoking is a disgusting habit. They should quit.,
"It's bad for their health, but, it's a free country.",
How important is family to you?,
It's the most important thing in the world.,
"·····Absolutely.············· Unfortunately,······· my daughter doesn't really speak to me anymore...····· What are you gonna do?",
Whatever; as long as you show up for the holidays you're good.,
I don't really bother with my family these days.,
How often do you watch porn?,
I think the real question is how often am I not watching porn.,
"Ohhh my,····· I think I may have met my match.",
No more than your average guy.,
No more than your average girl.,
Only like once or twice a week. Give me some credit!,
How do you feel about little tiny lies if nobody gets hurt?,
"Well, as long as nobody gets hurt...",
"Yeah,····· see?····· What people don't know can't hurt them.····· So,····· you just keep it to yourself!",
"I don't know, that's a difficult topic. It depends.",
"Lying is never okay, no matter what the circumstance.",
What's your absolute favorite sex position?,
"Mmmm,····· thank god.············ I love a guy who knows what he's doing down there.",
"Mmmm,····· thank god.············ I love a girl who knows what he's doing down there.",
Do you have any dark secrets that you're keeping from me?,
My lips are sealed.,
Ooooo...····· mysterious!···*hamcmc*·····,
None that I can think of at the moment.,
I would never hide anything from you.,
Would you fault somebody for stupid mistakes they made in the past?,
Of course not. The past is in the past.,
"I'm glad to hear you say that.····· People can change,····· you know?",
"You have to, people never change.",
I depends on the person. Some people are hard to trust.,
"Ideally,····· how many times a day would you have sex?",
You couldn't handle how many times I would do it.,
"Ohhh,····· honey.····· I can handle plenty...··· trust me.",
One in the morning and again at night. Like brushing your teeth.,
Once is plenty enough. I need time to recharge.,
How often do you masturbate when you're in a relationship?,
About as often as I do it when I'm single.,
*hahaha*·····*heh*·····Well at least I don't have to worry about stamina...,
I sneak a couple in whenever I can find the chance.,
I wouldn't do that behind her back. I have self control.,
How did your last relationship end?,
We sort of grew apart and mutually agreed that it was the right thing.,
"Yeah,····· it happens.····· Sounds like it was for the best though!",
I just got bored of her and wanted something else.,
The crazy psycho bitch cheated on me!,
Do you think it's okay to tell little white lies?,
"Nope, a lie is a lie.",
I couldn't agree more.····· There's no good excuses to lie to someone.,
"Sure, as long as nobody is getting hurt.",
"I'd say no, but that would be a lie.",
Do you exercise a lot··· or are you a major couch potato?,
Yeah! I hardly ever miss a day.,
Same··· here!····· I didn't get this body by taking days off.*hahahaha*,
I've never lifted a weight in my fat life.,
"I try to get to the gym when I can, but it's hard.",
What are you looking for in a relationship?,
"I just want to hang out, have fun and see where it goes. You know?",
"That's cool!····· I'm the same way.····· No reason to rush into anything,····· right?",
I'm not getting any younger so I'm trying to find my wife.,
I'm partial to the friends with benefits situation.,
How do you feel about girls who wear makeup?,
"I love makeup, it makes girls look so much prettier.",
That's good.····· I never leave the house without makeup on.····· I feel so weird without it.,
"A little bit is okay, but I prefer the more natural look.",
"They should clean that crap off their face, they look ridiculous.",
What life advice would you give someone who asked?,
Confidence is the foundation for all success in life.,
Yeah!····· I dig it.····· That makes a lot of sense.,
Treat others as you would like others to treat you.,
Always wear a condom.,
Are you good with money?,
I would say so. I've always been good at saving up for important things.,
"I wish I could be more like that!····· I need to start saving for my future,····· seriously.",
I'm terrible with money. There's just too much cool shit out there.,
I can assure you that I would be if only I had any.,
Do you prefer stability or spontaneity in your life?,
I prefer stability. It's important to have an anchor down somewhere in life.,
So important!·········· I used to party a lot and stuff but ever since I had my son I've had to grow up and settle down a bit.,
I think a little bit of both can be a good thing. Balance is important.,
"Spontaneity, without a doubt. Life should be a never ending adventure!",
"Is there like,·· a type of personality that you just can't stand?",
"I don't like bitches. It's like, holy shit chill out bitch.",
"Oh dude,····· I know!····· There's this one little bitch I know. She is such a··· BITCH!·····",
All hipsters should be exterminated.,
There's nothing more boring than a shy or nerdy girl.,
"This is kind of····· a serious question,····· but,····· what are your thoughts on unplanned pregnancies?",
I think it should be left up to the potential mother to decide.,
I have the same view!····· I chose to have my son but I wouldn't want to force anybody.,
Nobody should have the right to decide if a baby is born or not.,
"I say cancel the pregnancy. No sense in ruining two lives, right?",
Do you get up early in the morning or stay up really late at night?,
"Bright and early! Things to do, people to see.",
That sounds just like me!····· I get up and head right to the gym.,
I'm usually up all hours of the night.,
"Neither really, I just take short naps throughout the day.",
Do you think of yourself as a person who takes responsibility for his actions?,
Do you think of yourself as a person who takes responsibility for her actions?,
Very much so. I take pride in always seeing my commitments through.,
"That's really,····· really good to hear.····· Unfortunately,····· I haven't met many people like that.",
I try not to let anybody down but we all make mistakes.,
"Not really, no. I can't be trusted with anything.",
How do you feel about kids?,
I love kids. They bring so much joy into your life.,
That's a relief.····· Most guys can't handle that I have a baby.,
That's a relief.····· Most girls can't handle that I have a baby.,
Keep those little monsters away from me.,
"They're cute, but I'm not sure if I want any of my own.",
What's an automatic relationship deal breaker for you?,
I don't think there's anything that can't be worked on.,
"Wow,····· good for you.····· That's a really nice way of looking at it.",
A girl with a lot of emotional baggage doesn't work for me.,
No fat chicks.,
Where··· did you and I··· first meet?,
Bar & Lounge,
Lusties Nightclub,
My Bedroom,
What did I say about approaching Audrey··· when you first ran into her?,
Take charge and don't let any of her bullshit get to me.,
Say something really stupid to try and cheer her up.,
The nice guy shit wasn't going to cut it so I had to be aggressive.,
The nice girl shit wasn't going to cut it so I had to be aggressive.,
How did I advise you to approach Lola····· when first meeting her?,
Open up with something safe to try and get on her good side.,
She's looking for a decent guy so try not to be an asshole.,
She's looking for a decent girl so try not to be an asshole.,
How did I tell you to open up your initial interaction with Nikki?,
That my weirdness might actually pay off so just be myself.,
Don't be afraid to take a chance but try not to scare her off.,
To quickly say something to her before she had a chance to get away.,
"When you first met Jessie,····· how did I suggest you approach her?",
"When first meeting Beli,····· what was my advise to you?",
What color was my hair when we first met?,
Brunette,
Blonde,
Black,
"When we first met,····· what color dress was I wearing?",
Red,
Pink,
Do you remember what day it was when we first met?,
Sunday,
Saturday,
Friday,
Where did we go so I could teach you about dating?,
Outdoor Lounge,
Vinnie's Restaurant,
Scenic Overlook,
What type of token was your first ever token match?,
Romance Tokens,
Flirtation Tokens,
Sexuality Tokens,
What was my advice to you when meeting Tiffany?,
How did I suggest that you open the initial conversation with Aiko?,
Do you remember what I said about approaching Kyanna··· for the first time?,
What do you think is the most important trait to have in a girlfriend?,
An ambitious and independent woman; a real go-getter.,
Well you're in luck!····· I think that defines me fairly well!,
I just want somebody who will laugh at my stupid jokes.,
Exquisite oral sex abilities.,
What's your personal definition of success?,
"Accomplishing the goals you set for yourself, whatever they might be.",
Wow!·········· It's like you took the words right out of my mouth.,
"A big house, fancy cars, exotic trips... the best life has to offer.",
"Tell me,····· what's the longest relationship you've ever had?",
That's good!·········· There aren't too many good men that show that kind of commitment anymore.,
That's good!·········· There aren't too many good women that show that kind of commitment anymore.,
"What is it about me that made you approach me,··· really?",
Probably that form fitting uniform of yours.,
"I··· knew··· it!············· I can't blame you though,····· I do look good in the uniform.",
I thought you seemed like a really nice girl.,
"I've never been with a black girl before, so I wanna get that in.",
What do you see yourself doing in ten or fifteen years?,
Still working my ass off to get what I want.,
That's what I like to hear!····· Where are people's ambitions these days?,
"Probably doing whatever I'm doing right now, except fatter.",
Who knows? Life is a mystery.,
What's the first thing you think about when you wake up in the morning?,
How am I going to make the most out of this day?,
That's right!····· Few people understand the power of starting the day in the right frame of mind.,
I'm glad I don't have a job or anything to go to.,
What's on the menu for breakfast!,
What does the perfect date look like to you?,
Something outdoorsy and adventurous; a new experience.,
Yes!····· That's exactly how I feel!····· If you're going to go out do something fun!,
You can't go wrong with the classic dinner and a movie.,
I like to invite the girl over for a glass of wine or two.,
What's your greatest weakness?,
Weakness? I don't know the meaning of the word.,
"*hahahaha*·····You're such a clown.····· But,··· a funny one.",
It's difficult for me to make an emotional connection with someone.,
I can get a little clingy when I really like somebody.,
What motivates you to get up in the morning?,
The goals that I haven't achieved yet.,
You're just like me!····· My future plans is what keeps me going every day.,
The awful noise coming from my alarm clock.,
The idea of seeing your beautiful face once more.,
What's your biggest goal in life?,
To discover new things to learn and explore.,
"Hmmm,····· that's a good answer!····· Can I steal that from you?",
I don't have a specific goal. I'm just along for the ride.,
Well right now I'm trying to get laid a whole lot.,
Do you enjoy drinking coffee?,
"You could say that, or you could say I'm a coffee addict.",
"No,····· trust me,····· nobody is more addicted than this girl right here!",
I like to brew a cup for myself every now and again.,
"No, all that caffeine is terrible for you.",
Would you consider yourself an outdoorsy type?,
"Definitely, I can't stand being cooped up inside all day.",
I could not agree with you more!····· I need my sun and fresh air.,
When it's nice out. I can't handle the cold.,
Oh god no. I'm like a vampire; the sun burns my skin.,
Are you good at sports?,
"I don't like to brag... but yeah, I'm pretty much the best of all time.",
*hahahaha*·····We'll have to see about that...····· I'm pretty good myself.,
"I'm alright. I give it my best, that's all you can do really.",
"I was always picked last in gym class, so you tell me.",
What kind of books do you like to read?,
You can usually find me in the self help section.,
No way!····· You read self help too?····· I find those books so inspiring!,
I like fiction; especially those epic fantasy novels.,
I haven't picked up a book since I graduated high school.,
"···What kinda aminal has more teeth,····· a kitty or a doggy?",
Dogs have more teeth.,
Cats have more teeth.,
They have the same number of teeth.,
···Uhhh...····· How long is a cat pregnant before it has a baby kitty?,
2 Months,
4 Months,
8 Months,
···What does it mean when a kitty has her tail under her body?,
She's scared.,
She's angry.,
She's hungry.,
···Do you know about how much of their lives cats spend grooming?··· Huh?,
30%,
20%,
10%,
···What's another name for a female kitty?,
Molly,
Susie,
Abbie,
···What's it mean when a cat is called feral?,
The cat is no longer domesticated.,
The cat can no longer produce offspring.,
The cat still has all of it's claws.,
···Do you know how long indoor cats usually live for about?,
14-16 years,
20-22 years,
8-10 years,
"···Ohh,··············· what was it?····· Mmmm...····· Oh!··· Oh!····· What's a group of cats called?",
Clowder,
Streak,
Pack,
···What's the scientifical name for a kitty?,
Felis Catus,
Domesticus Felonious,
Panthera pardus,
···What's a kitty doing when it's trilling?,
Making purr-like vocal noises.,
Rapidly vibrating it's tail.,
Tearing up the carpet with it's claws.,
···What do you call a group of tiny baby kittens?,
Kindle,
Kennel,
Kackle,
···Which one of these is NOT a breed of cat?,
Tabby,
Bengal,
Manx,
···Ummmm...········ How long does a cat spend sleeping in one day?,
14-16 hours,
10-12 hours,
6-8 hours,
···Do you know what kind of taste kitties don't have?,
Sweet,
Sour,
Bitter,
"What's more important to you,····· looks··· or personality?",
Looks don't do much for me if you're a piece of shit inside.,
"Tell me about it.······· My friend Audrey is hot,····· but she's such a bitch.",
"I have to be attracted to my partner, otherwise it's not gonna work out.",
"I mean, a little bit of both would be nice.",
How long do you usually make a girl wait after getting her number?,
I'll call her that same day if I really like her.,
See····· that's how it should be done;········ instead of all this bullshit game playing.·····,
"You know, the standard two to three days.",
"About a week, I think it's good to make them sweat a little.",
Do you believe in the paranormal?,
You never know. I don't think we can rule it out.,
"Yeah,····· right?····· Like,····· I've read some pretty interesting theories online about this stuff.",
Believe in it? I've actually seen a real ghost before.,
"You mean like ghosts? Nah, don't be silly.",
Why did you initially come up and talk to me?,
I thought you looked really cute standing there all alone.,
Wow...·········· I don't think anybody has ever said that to me before.,
I just really liked your blue hair.,
Because you looked different from all the other girls.,
Do you go to a lot of parties?,
I can't stand parties or the kind of people who go to them.,
Ditto.····· It's just an excuse to get drunk and act stupid.,
I go to pretty much every party I can get myself invited to.,
I only go when I know my close friends are going to be there.,
Do you believe we're alone in the universe?,
"I don't know why, but I always get the feeling that we're not.",
"You're not alone.····· I know it sounds crazy,····· but I've seen some straaaange shit at night.",
"The universe is a big place, but I'm not sure. I have my doubts.",
If aliens existed we would have found them already.,
Would you consider yourself a liberal or a conservative person?,
I tend to swing to the liberal side of things.,
"Okay,····· good.····· That's the feeling I had,····· I just wanted to make sure.",
On most issues I feel pretty conservative.,
I think both of those viewpoints are a load of shit.,
How many kids do you plan on having?,
I should never be responsible for another human being.,
"Oh my god,····· you too?····· I can't even handle kids;····· they're so annoying.",
I think just one would give me enough trouble.,
Two or three. I wouldn't want them to grow up alone.,
How do you feel about people who drink coffee every day?,
"I think once in a while is fine but damn, everyday?",
Right?·········· I've got these crackheads that come into the cafe every single day for their fix.,
Caffeine is poison. I gave that shit up a while ago.,
I am most definitely one of those people.,
Do you think of yourself as an introvert or an extrovert?,
I'd much rather be at home by myself most nights.,
"Same here!····· My friends drag me out sometimes····· but it's like,··· ughh,··· fuck this.",
I enjoy being around other people; keeps me from getting bored.,
I have no idea what those words mean.,
Are you generally an optimistic or pessimistic person?,
I don't know... I think I'm probably somewhere in the middle.,
"Yeah,····· that's probably a good thing.····· You can't be a grump all the time.",
"For my own sanity, I try to think positively.",
"Psssh, fuck this world and everybody in it.",
Have you ever had·· like····· a serious relationship?,
I've never had any kind of relationship.,
"Wait,··· really?····· Like····· ever?········ Wooow,········ I thought I was the only one...",
"No, mostly just messed around and stuff.",
"Yea, for sure. I thought it was pretty serious at least.",
What kind of games you play?,
I'm more of an old school gamer; nothing like the classics.,
Thank·· god.················· I was afraid you were another one of these····· FPS*eefpeeees* bros.··········,
I have all the latest consoles and games. You should see my sick setup.,
I'm not that into it. Sometimes I play those mobile games though.,
Is there anything in your past that you're too ashamed to tell anyone?,
Nope! I have nothing to hide from anybody.,
That's good.····· People shouldn't keep secrets.····· How's it any different from lying?,
I don't think so... but there was that one thing...,
"Well everybody has something they're hiding, right?",
Would you date an unattractive girl if you really liked her as a person?,
Probably not. I need to be attracted to my partner.,
"Honestly,····· me too!·····*hehehehe* Oh no,····· are we terrible people?",
Of course. Looks aren't everything you know.,
I don't know. How ugly we talking?,
"What are your thoughts on school?····· I mean,····· going to college.",
I love the academic environment. I wish school never ended.,
I know right?····· There's just something about the academic setting that I love.,
School is a huge waste of time and money.,
It's a great place to meet young hot chicks.,
Have you ever cheated on anybody?····· Be honest!,
Nope! Not yet anyway.,
"Good...··· wait,····· what do you mean not yet!?·····",
"Yes, but in my defense she was pretty ugly.",
"Nah, it's only cheating if you get caught.",
Do you still talk with any of your ex's?,
Yeah I keep in touch with some of them.,
That's really cool!·········· It's nice when you can still be friends.,
God no. Those sluts can get bent.,
Well that would require having had a girlfriend.,
What's your opinion on people who smoke?,
I can't stand smoke. It's disgusting.,
Tell me about it!····· I had to grow up around it because of my mom.····· Ughh!,
It's fine by me. Smoke em' if you got 'em I guess.,
It would be awfully hypocritical of me to judge...,
Have you ever done any drugs?,
I've messed around a little in the past but I'm over it.,
"Yeah,····· my friend Audrey got me to try some stuff one time.····· I didn't like it.",
I've never touched the stuff.,
You kidding? I'm about to do some right now.,
"What's your idea of like,····· the perfect date?",
"Sitting at home, ordering a pizza and watching movie.",
Right!?····· I was going to say pretty much the same thing.,
Any time spent with somebody I care about is good enough.,
"A romantic candle lit dinner, followed by a moonlit walk on the beach.",
How close are you with your family?,
I try to stay as far away from those freaks as I can.,
"No way!····· You too?············ Ughh,····· I'd be perfectly fine if I never saw my mom again.",
"I talk with them every once in a while, but that's about it.",
Really close; I'm a total momma's boy.,
Really close; I'm a total momma's girl.,
"If you had to pick one,····· what do you think your biggest weakness is?",
I can be pretty insecure about my relationship.,
"You?·········· Naaah,······· what would you have to be insecure about?",
It's hard for me to make an emotional connection with someone.,
Weakness? I've never heard of such a thing.,
What was your first kiss like?,
Sloppy! I don't think either of us knew what we were doing.,
"Awww,··· that's cute.····· But I hope you've gotten better since.·····*hehehe*·····",
I wasted my first kiss on my cousin...,
It was in the heat of the moment; really passionate.,
"Do you believe in extraterrestrial stuff?······· You know,····· like aliens and that?",
I'll believe it when I see it.,
"Okay,····· good!····· My friend Nikki is like obsessed with them.····· She's nuts.",
You never know what's out there. It's a pretty big universe.,
"They're real, believe me. I was visited once when I was a kid.",
"Ummm...············ you're not like,······· dating anybody else right now,······· are you?",
"Yeah, but only like seven other chicks.",
"*hehehe*·····Yeah right,····· you wish!",
Uhhhhhh...,
"Define ""dating""...",
"How do you feel about open relationships?····· Like,····· seeing other people on the side?",
It's not really my thing.,
*cccccc*···For a second I thought you were going to say something else.,
Well it certainly doesn't hurt to be open minded.,
The more the merrier.,
"Have you slept with a lot of girls?····· Wait,····· don't tell me...········ No!····· Wait!····· Yes,····· tell me.",
I lost count around forty.,
*hehehe*·····Shut up! You're such a dork.,
"You know... I mean, a couple.",
I've literally never slept with anyone else.,
Who is the youngest girl you've dated?,
Nikki,
Tiffany,
Audrey,
Can you tell me the name of the only girl who wears·· earrings?,
Kyanna,
Jessie,
How many girls have you dated who have blue eyes?,
Three,
Two,
Four,
Which of these girls does not smoke?,
"Out of all the girls you've dated,····· who is the only one····· to change her hair color?",
Beli,
Which one of these girls owns a pair of stockings?,
Aiko,
Who is the tallest girl you've dated?,
Lola,
Which of these girls weighs the least?,
"Out of these girls,·· who has the largest cup size?",
Who's birthday arrives latest in the year?,
Who is the only girl with violet colored eyes?,
Which of these pairs of girls·· are not close friends?,
Aiko and Lola,
Jessie and Beli,
Audrey and Tiffany,
Which of these girls does not wear glasses?,
Which of these girls does not wear lipstick?,
This should be easy.·········· What's my last name?,
Yumi,
Sano,
Hara,
What did I say when you asked my favorite color?,
Mint Green,
Sherbet Orange,
Pearl White,
Which season did I say I liked best?,
Autumn,
Winter,
Spring,
Can you guess where I'd rather be right now?,
Gold Falls Casino,
Do you remember how old I said I was?,
28 Years Old,
25 Years Old,
32 Years Old,
What college degree did I earn?,
You've graduated with a six year degree.,
You've graduated with a four year degree.,
You've graduated with a two year degree.,
"I bet you don't remember how tall I am, hmm?",
5 Feet 4 Inches,
5 Feet 6 Inches,
5 Feet 2 Inches,
How much do I weigh?····· And do not get this wrong.,
109 lbs,
112 lbs,
116 lbs,
Please tell me you know what I do for a living...,
You're a university professor.,
You're an adult actress.,
You're a yoga instructor.,
How big are my boobs?····· As if I even have to ask...,
D Cup,
C Cup,
DD Cup,
On what day was I born?,
November 9th,
March 16th,
February 23rd,
What's my favorite way to spend an evening?,
Gambling,
Sleeping,
Watching Porn,
What's my last name?····· As if you cared.,
Belrose,
Woodbury,
Richmond,
"My favorite color,····· what is it?····· Come on,····· I'm waiting...",
Velvet Red,
Baby Blue,
What's like··· the only season that doesn't suck total ass...,
Summer,
I know.····· What's my favorite spot to chill at?,
Do you even know how old I am?,
21 Years Old,
23 Years Old,
24 Years Old,
"Not that you give a shit,····· but··· what's my schooling level?",
You're currently enrolled in college.,
You've dropped out of high school.,
You've only finished high school.,
How about my height?····· Do you remember that?,
5 Feet 0 Inches,
How much did I say I weighed last time you asked?,
102 lbs,
104 lbs,
You remember what I told you when you asked where I worked?,
You're a university student.,
You're a salon hairdresser.,
If you remembered anything I'm sure it's the size of my tits.····· Huh?,
B Cup,
A Cup,
You better know my birthday.····· It's SO easy to remember.,
April 6th,
June 25th,
"What's like,····· my favorite thing to do,····· ever?",
Shopping,
Drinking,
Lounging Around,
"I know it's sort of hard to remember,········ but········ do you know my last name?",
Lapran,
Patel,
Mistry,
"What's my favorite color?·········· It's based off of my favorite flower,····· remember?",
Lilac Purple,
Milky Pink,
How about...·········· my favorite season.·········· Do you know it?,
What was my answer when you asked about my favorite place to hang out?,
Hiking Trail,
Hot Springs,
How old am I right now?,
What can you recall about my education?,
Do you remember how tall I am?,
5 Feet 11 Inches,
5 Feet 9 Inches,
5 Feet 7 Inches,
Do you remember what I got my weight down to?,
132 lbs,
130 lbs,
126 lbs,
"You do remember what my job is,····· yeah?",
You're an airline stewardess.,
"Do you remember what size my...·········· chest,····· is?·····",
What day was I born on?,
October 2nd,
What's the one thing I never forget to make time for every day?,
Meditation,
Working Out,
Which clan do I belong to?,
Luvendass,
Telmunia,
Gullveiga,
What color do I like most?,
Shiny Silver,
Gleamy Gold,
Which of your four seasons do I find most comfortable?,
What location in town do I spend a lot of time at?,
Turtle Bay Beach,
Ice Rink,
My earth age is how many years?·····,
36 Years Old,
What is the name of my home planet?,
Tendricide,
Overicona,
Fanipunni,
How tall are the females of my species?,
How much does my body weigh?,
128 lbs,
What is my primary occupation?,
Bounty Hunter,
Starship Captain,
Fighter Pilot,
What size bra am I wearing?,
When would my day of birth be?,
July 20th,
What activity do I most enjoy doing?,
Swimming,
Gaming,
"What's my last name?·········· I mean,····· you have to at least remember that.",
Maye,
West,
Fields,
Please tell me you haven't forgotten my favorite color?,
Hot Pink,
Which season do I love the most?,
"Oh,··· this question is so easy.·····*hahahaha*·····Where is my regular hangout?····· Like,····· duh!",
How incredibly young am I?,
40 Years Old,
"When you asked about my education,····· what did I say to you?",
How tall am I again?,
5 Feet 8 Inches,
How much do I weigh?····· And be nice...,
122 lbs,
"You do know what I do for money,····· don't you?",
"Quick,··· without looking,····· what's my cup size?········ Well,············· ok···ay,·········· you can take a quick peek.·····",
"You haven't forgotten my birthday,····· have you?",
January 27th,
September 1st,
"I'm sure I don't have to remind you of my favorite hobby,····· do I?",
"You remember my last name,····· don't you?",
Delrio,
Cortez,
Salinas,
I bet you can't recall my favorite color!····· Can ya?,
Ocean Blue,
"Uhhh...····· I forgot what I was going to ask...····· Oh,··· yeah!····· What's my favorite season?",
I'm sure you could just guess this one.····· What place am I always at?,
What's my age?····· Most people think I'm older than I am because of my son.,
20 Years Old,
"You probably remember the level of school I've completed,····· right?",
How tall am I?····· Five foot what?,
I just weighed myself this morning;····· it hasn't changed.····· You remember what it is?,
118 lbs,
115 lbs,
What am I doing to pay the bills?,
"Since you're already staring at them,····· can you tell me what size my chest is?",
I'll be surprised if you get this one!····· My birthday...?,
August 3rd,
May 13th,
"Okay,····· this one is super easy,····· but I'll ask anyway.····· What's my main hobby?",
"Ugghhh,····· I don't even wanna ask...·····*ccccc*····· What's my last name?",
Sugardust,
Petaldew,
Rainglow,
"I know you're gonna be able to tell me what my favorite color is,····· right?",
Did you forget what my favorite season is?,
Where do I like to hang out?,
How old am I?····· In····· fairy years of course.,
384 Fairy Years,
126 Fairy Years,
240 Fairy Years,
Remember the name of the place I'm from?,
Sky Garden,
Love City,
Cloud Kingdom,
How tall did I say I was?,
How heavy did I say I was?,
110 lbs,
This is literally the most obvious question in the game.····· What's my job?····· Duh!,
Love Fairy,
Sex Pixie,
Lust Nypmh,
What size are my boobs?,
What's my favorite hobby?····· It's a... pretty hard to forget.,
Cheerleading,
Do you remember what my last name is?,
Rembrite,
Williams,
Bennett,
"If you get this one wrong,····· I'm gonna be bummed out.····· What's my favorite color?",
Beige Cream,
"You can tell me which season I like most,····· right?",
There's a place in town I love to visit more than any other.····· What's the place?,
Do you know how old I am?····· I know I've mentioned it!,
How long did I go to school for?,
What's my height?····· And don't just guess!,
How heavy did I tell you I was?,
"You'll get this one, I'm sure.····· What do I do for work?",
Of course you remember my cup size?,
When's m*aaa*y birthday?····· If you think you can recall it.,
Which activity am I trying to get better at?,
Tennis,
···Do you remember what my last name is?,
"You don't have one, right?",
Cocoa,
···What's my most bestest favoritest color in the whole world?,
···What...··· uhhh...····· What was I gonna ask?····· Oh!··· Yeah!····· What season do I like?,
···What place do I loooooove to go play at?,
···How old am I?······· You didn't forget did you?,
1 Cat Year,
2 Cat Years,
3 Cat Years,
"···Ummmm,·········· remember when you asked where I came from?····· Do you remember what I said?",
I'm not sure...,
You said you were from a spirit realm.,
That you were from your mommy's tummy.,
···How many feet and inches tall am I?,
···How many pounds do I weigh?····· If you remember...,
100 lbs,
···What was my answer when you asked where I work at?,
You're a kitty.,
You're a cafe barista.,
"···Uhhhh,· what's my...····· What do you call it again?····· Cup...··· yeah!··· Cup size!·····",
"···You didn't forget my birthday,·· did you?",
December 22nd,
···What activity do I like to do a whole lot?,
"My last name is pretty easy,········ you can't really forget it.········ Unless...···················· oh my god,········ did you?·······",
Ann-Marie,
Jean-Smith,
Lee-Taylor,
"If I had to pick a favorite color,····· what would it be?",
Which of the seasons is the one I like best?,
What did I tell you was my favorite place to hang out?,
Your Home,
Do you remember how old I am?,
18 Years Old,
How much school have I gone through?,
How tall would you say I am?,
I'll actually be pretty impressed if you can recall my weight.,
"So,····· I've told you what I do for work.······· Can you tell me what it is?",
"Part of me hopes you don't actually remember this,····· but,····· what size is my bra?",
"I have a fairly easy birthday to remember.············· I'm curious,········· do you know it?",
Please tell me you haven't forgotten my favorite hobby...?,
What's my last name?,
Hicks,
Tyler,
What is my favorite color?····· You can't forget this!,
How about...··· my·· favorite·· season.····· Remember what I told you?,
Where do I like to hang out most often?,
How old am I?,
You remember my education level?,
How tall did I say I am?,
How much do you think I weigh?,
What do I do for work?,
I know you'll remember this.····· My cup size?,
I really hope you'll know this.····· When's my birthday?,
What's like... my favorite thing to do?,
"Please,········ tell me,········ what is my last name?",
Diana,
Fortuna,
Which color do I prefer more than any other?,
What season do I find the most endurable?,
Where is my favorite place to be in town?,
For how many years have I lived?,
"About 10,000 Years",
About 100 Years,
"About 1,000 Years",
In what kingdom do I preside as ruler?,
What is my height?,
What is my weight?,
What is my official position back home?,
Love Goddess,
Head Love Fairy,
Love Queen,
"Tell me,····· what is the cup size of my bra?",
On what day of the year would my birth have happened?,
"What is my...····· what did you call it?····· a····· ""hobby""?",
success,
"Yeah, okay!····· I'd love to go out with you.",
"You sir,··· have got yourself a date.",
"You ma'am,··· have got yourself a date.",
Yes!·········· I was afraid you weren't going to ask!,
Okay...····· If I go out with you will you stop bothering me?,
Yes!······· I'd love to go on a date with you.,
"Okay...····· I guess that's fine.········ I mean,····· if you really want to go.",
I would never say no to you sweetie.····· I'm ready when you are.,
"Oh,····· are you sure?········ Yes,········ of course I'll go!",
Let's fuckin' date this shit up!,
··Yea!··· Date time!,
"Yes,····· I will go out with you.",
"Riiiight,·········· shall we leave then?",
You betcha!····· You wanna get going?,
Sure!······· I suppose you've earned it.,
For real?············ Yes!············ Just give me a second to get ready.,
"Yeah, yeah.····· You're lucky I'm in a good mood today.",
I was about to ask you the same!·········· Shall we?,
"Wow.······ Uhhhh,············ okay.·················· I mean,····· yeah,····· let's do it.",
"Awwwww,··············· you want to take me out?····· Of course I'll go.···",
That sounds lovely.·········· I can't wait!,
Come on!····· Seduce me with your sexy puzzle skills.,
···Okay!····· Come on! I'll race you there!,
Of course.····· Are you ready to go?,
"Sure,········· why not?·················· Let's see what you've got...",
"Psssh!···· Ummm,·· yes!····· I thought you'd never ask!",
Can't really argue with that.····· Take me somewhere nice!,
Of course!·········· What are we waiting for?,
"*hahahahaha*··········With you?················ Uhhh,················ yeah,·············· sure,·············· whatever.·········· Just don't get your hopes up.",
No thanks...··············· Just kidding!···*hahahahahahaha*,
"Okay, but·· I have to warn you I have no idea what I'm doing. Soooo,··· yeah.··········",
"A date?·········· Oh,··· that's adorable!············· I'd love to go on a date with you.",
Yes!··············· I'd like that a lot.··············· I'm looking forward to it!,
Good luck!····· I know I can be a real bitch to win over.,
···Yaay!···· Can we go right now? Pleeease?·····,
I'm certain that you somehow already knew that I'm going to say yes.,
I can't wait to see what you've planned for us.,
I guess I've got some time.····· Let's do it!,
"Yeah,····· alright.····· Why not?",
"Yea,······· okay!·········· Sounds like a blast.",
Pffft!·········· Alright...····· let's just get this over with.,
It would be rude not to after you asked so nicely.,
"I guess I don't have anything better to do right now.········ Okay,·········· we can go.·····",
"Sure,·· baby.·········· Where are you taking me?············· No, wait!····· Surprise me!·····",
Alright!···················· This will be a good chance to get to know each other better.,
Can't wait to see where we end up this time!,
···Let's go!····· I'll lead the way!,
Hmmm...····· Alright.············· I wonder what outfit I should change into...,
I'm expecting good things from you...,
"Alright,·· alright!····· How can I say no to that?",
"Hey,····· as long as you're paying!",
I'd··· love·· to!·········· Let's make it happen.,
If this turns out to be a waste of time····· I'm gonna be so····· pissed.·····,
"When?····· Right now?...····· Uhhh,····· sure!",
"Nobody else has ever asked me out before.·········· It's weird.·············· Buuuut...····· okay,····· sure.",
Well I've never been one to turn down a good time!···,
Good idea!···················· I'm going to run and get ready.,
I'm pretty pumped to see how much you've improved!,
···Mmhm!·········· What are we waiting for?···,
I'd like little more.····· Shall we?,
Don't let me down.,
Sure!····· Sounds like fun.····· Ready to go?,
You know what?····· Anything is funner than hanging around here.····· Let's go!,
I think that's an awesome idea!·········· You ready?,
"Oh, my god!····· Fiiiine...",
Mmmm...····· okay!····· Sounds great!,
You really want to go with me?··············· Alright...,
"Yes,····· I will.····· It's the least I can do.",
"Well...············· I don't think I have anything going on.·········· Alright,····· let's go out!",
Alright!····· Saddle up!····· Let's do this shit!·····,
"···A date with my master?···· Yes, of course!",
That sounds like an enjoyable time.····· Let's go.,
"Yes, yes, yes, yes...··· just come on then.····· I haven't got all day you know.",
botanical gardens,
It's so pretty here!····· It smells so nice too!,
Fuck it's nice here!,
"Awww,····· this is so cute.····· What a neat idea.",
"Okay,······· I'm here.····· So, now what?",
Absolutely beautiful.······· Look at all these colors.,
"·····Ughhh,····· I think my allergies are starting to act up.",
"Ohhh,······· how··· pretty!·········· Nobody has ever taken me anywhere like this before.",
Wow!····· It's lovely!············· What a beautiful garden.,
This is kinda what it looks like back home.········ Except less magic-y.···,
···Wooooow!······· Look at all these flowers!,
Dialog...,
"Well,·········· it's not exactly home,·········· but it is pretty here.",
hiking trail,
I'm really glad you asked me out this morning.,
I hope I don't get any shit····· on this out··fit.,
It's so cool that you like to hike too.,
You've gotta love that fresh morning air.,
"Alright,····· fine.····· But, I better not get my shoes muddy.",
*aaaaaacccc*·····My legs are soooo tired...········ you should carry me!,
Mmmmm!···················· Don't you just love that misty morning air?,
You humans and your walking.,
···Yeesss!······· I can run around here all I want!,
I'm going to be watching you veeeery closely...····· so try not to mess up!,
market,
The market;············ what a neat idea.············ This should be fun!,
This place is great.·········· I think I'm gonna pick up some dinner while we're here.,
Thanks for inviting me out!····· Such a nice day for the market.,
How did you find out about the market?····· I come here all the time!,
Hmmm...·········· is it all fruits and veggies?·········· I could go for some ice cream.,
Ooooooooo!·········· Do they have any fast food joints around here?,
Ohhh!····· The market!····· What a fun idea.,
"There's nothing here I like,····· so you better make this a good date!",
···Awesome!····· They have all my favorites here!,
"So then,·········· here we are.·········· No time to waste...·········· woo me.",
ice rink,
It's been a while since I've last skated.·····*haha*····· Don't laugh at me!,
"Look at this,····· we've got the whole rink to ourselves!",
Skating is like my favorite thing ever.····· This is gonna be so much fun!,
"God,····· could it be any colder in here?",
You could say I've been around the rink a few times in my day.····· I'll give you some tips.,
"Yeah, okay.····· This might be fun...····· if I can stay up long enough.",
"We'll see how I do.········ It's hard to stay balanced with this huge rack, you know.·····*hahahaha*·····",
*hahahaha*·····*ccc*·····I just keep picturing myself falling on my butt.,
I loooovve the music here.····· It's probably my favorite song on the soundtrack.,
···Uhhhh...········ can you help me put my skates on?,
"Okay,·········· let's find out if your dating is as good as your skating.",
water park,
I used to come here a lot as a kid.····· Race you to the big slide!,
"I'll be at the lazy river,····· come get me when you're ready to leave. *hahahahaha*",
"Aight,····· let's hurry!····· I don't want to be stuck in long lines all day!",
Shit!····· I forgot to bring my sunscreen.,
*hahahaha**aaa*···The water is soooo··· cold.············· I like it out here in the sun.,
This sun is gonna burn me alive.····· I don't tan well.,
Awwwww!··············· I used to take my daughter here all the time when she was young.,
I think people are staring at me...·········· What did I tell you about this bikini!,
This works out pretty nice.····· I need to water my leaf bikini.···*ccmm*,
···Make sure my ears don't get wet;····· it really freaks me out.,
"I'll admit it,····· this is actually fun.",
tennis court,
"Be warned,····· I'm like the best Tennis player in my cheer squad.",
"I've only played this a couple times····· so try not to kill me, okay?",
This is the kinda date··· I can get behind.····· You ready to be emasculated?,
This is the kinda date··· I can get behind.····· You ready to be crushed?,
Great;····· now I get to be all sweaty and gross.,
"I'll take it easy on you, I promise.",
"Hmm,····· I like virtual tennis...····· but I rarely played the actual game.",
"Don't laugh at me if I suck.·········· I used to use my racket a lot,·· but never for tennis...",
"If I win,····· you're buying us lunch!·····*aaaacc*····· Good luck!",
I don't know much about this game...····· is it anything like sex?····· I know a lot about that.,
···Waaaiit...············ I don't get it...············· Why aren't you supposed to chase the ball again?,
"Well it's not the exact location I would have selected.············· But,····· it'll have to do.",
hot springs,
The water feels soooo nice.······· Come on in!,
"*aaaaaacccc* Gooooood,····· this feels soooo nice...",
Heeey...········ you just wanted to see me in a bikini!····· Didn't you?,
I suppose I could get used to this...,
Ahhhhh...····· this is soooo··· relaxing.············· Jab me if I start to doze off.,
"Hey,····· this is actually pretty nice.····· The water feels great.·····",
Ahhhhh...····· this is what I deserve...····· to be pampered.,
It's so peaceful here...·········· very relaxing.,
Ahhh the hot spring...····· a classic dating sim staple.,
"···*aaaaaaaaaa*··········Ohh, sorry!········ There's just a lot of water here...",
This··· feels··· *aaa*amazing...·········· they don't have anything like this back home.,
Ahhhhhhhhhhhh...············ how soooooothing...······················ A girl could get used to this.,
scenic overlook,
Wow!············· It's so beautiful from up here.,
·····This is romantic as shit.··············· Are you trying to seduce me?,
I'm glad you asked me out.····· This is beautiful.,
Ughh... gaaaay!,
Will you look at that?····· Breathtaking...,
Really?····· *hahahahahaha*·········· It's a little romantic up here don't you think?,
Wooow...····· Alright...····· I'm soaked already.*hahahaha*·····,
"Hey,····· you know about this spot too!?·········· Sometimes,····· I come up here to think.",
This is definitely where you take a girl if you want to seduce her.,
···It's so pretty up here!····· Thanks for taking me here.,
Your planet really is a beautiful place...····· I almost don't want to leave.,
Let's see how well the other girls have prepared you for me.,
casino,
My friend Nikki would love this!····· She's really into games.,
Now this is a night out!····· Stand back and watch the master!,
"I'm not usually one to gamble...········ but,····· we'll see how this goes!",
*aaaacc*·····At least I can smoke in here.,
This'll be fun!······· I bet I win more than you!,
"Well it's not an arcade,····· but····· I guess games are games.",
You know the best part about a casino?····· Free·· drinks!········,
··This is··· so exciting!··············· I hope I don't get too carried away...,
They need to get some machines that take Hunie.····· That's all I've got.,
···What did that man mean when he asked for my I.D.?,
The environment here is just like my planet...····· It makes me a little homesick.·····*hahahaha*,
Best of luck!··············· I have a feeling you're going to need it...,
outdoor lounge,
This place is great...····· super chill.,
Is this where you take all the girls?····· Huh?,
"Oh man...········ alright,··· I'm seduced already.*hahahahaha*···",
"Hey,·· I'm glad you asked me out.······· This is really nice.·····",
"This isn't usually my sort of scene,········ but I'll admit it's kinda nice.",
"Oh, I remember this place!····· I once blew a gu...····· uhhhh...····· never mind.",
···It's like our own··· private oasis!··············· I'm glad to be here with you...,
Hey!····· This is where I showed you how to play.····· Remember?,
···Mmmmm...············ I'm so happy to be here with you master...,
Thanks for inviting me out tonight.····· I'm glad to be here with you.,
*aacc*···*ccaaaacc*····· Do your worst...,
carnival,
Anything but the roller coaster... I am not getting on that thing!*haha*,
Let's go lose some rigged games!,
"I'm really excited,····· I don't usually get to go out like this since my son.",
This is your idea of a date!?·····*aaaacc*····· Whatever!,
Thanks for taking me out.·········· The carnival was a neat idea.,
"Let's go win some stupid shit,······· I've got the games here figured out.",
"Wow!············· I kinda feel like a kid again.····· Oh,·· this'll be fun!",
"Whatever we do,····· just keep me away from all the junk food.·····*hahahaha*",
I actually kinda fit in here.····· I'll just··· pretend I'm in costume.,
···Yaaay!····· I wanna play the fishy game!····· Come on!,
·····This is good.····· With all the colors and lights I'll really blend in.,
"A··· fair?·········· *aaaaaacc*······ Alright,········· as long as nobody touches me.",
fancy restaurant,
Are you sure this isn't too expensive!?····· I'd be fine with fast food.,
Whooa...····· fancy···· shmancy.,
"I'll tell you one thing,··· this is certainly nicer than lunch at the food court.*hahahaha*·····",
"*aaaacc*····· Oh, yeah.········ Reeaalllly Impressive.",
Hmmmm...····· I can't decide what I want.·········· I'll just get what you're having.,
All these dishes sound gross.········ Let's skip to the dessert menu.,
Thanks for taking me out to dinner.····· You spoil me!·····,
Fancy...············· I can't believe we didn't have to make a reservation.,
"Don't worry,····· nobody can see me.····· People just think you're eating alone.",
···Ooooo!·········· I want dessert first!····· And second!····· And third!,
I hope there aren't too many people here tonight...····· I stand out a little bit...,
I'm excited to see what you're really capable of...,
sex,
Ummm...·········· hi.·····*mhmhm*,
What's the matter?······· See something you like?,
Soooo...····· whatcha wanna do...?,
I hope you know what you're doing.,
I'm all yours.····· Come and get me.,
"I don't...····· like...·· I'm not that good,·· or whatever.····· So····· like...····· yeeeah...·····",
What do we have here?·········· Does your little friend want to come and visit me?,
Let's take it nice and slow...·········· okay?,
"*aaaccc*··Seriously,·········· tell me,······· how long have you been waiting for this to happen?",
"···Master,··· you make me so happy all the time.····· I want to make you happy too...",
My underside has become lubricated;····· I yearn to be touched.,
Come over here and claim your reward...····· I'm dripping with anticipation...,
Uhhhh...············· I hope you like pink.················ I picked these out just for you.,
I'm a naughty teacher...····· and you've been a bad boy...,
I'm a naughty teacher...····· and you've been a bad girl...,
Come on...····· quit staring at me like that...····· it's embarrassing...,
What?····· Please tell me you're not a virgin.,
Well...····· you've got a half naked woman in your bedroom.····· Now what?,
I know my boobs are kinda small...·········· so you don't have to pretend you like them.,
"Don't worry baby,·········· you just lie back····· and let Jessie take care of everything.",
This is so embarrassing...·····*hahahaha*,
I'm not supposed to mix business with pleasure...····· I'll make an exception·· just this once.···,
···I think I know what to do.············ I saw pictures in those books you have under your bed...,
"I cannot control myself anymore,····· I need you in my body.",
"Tonight,····· my perfect body is like a vessel for your greatest desires...····· I'm yours to ravage...",
Not too rough...····· okay?,
Word of advice...····· I like to be choked...,
It's been a while.····· I'm a little nervous...····· but I'm excited.,
"Well,····· at least you're not lacking downstairs.",
"Well,····· at least you're not lacking upstairs.",
Drop *ee*em'.····· Let's see what you've got...,
Sorry if I screw something up.·········· I'm kinda new at this...,
I'm·· all·· yours·· honey...····· Do whatever you want with me...,
Uhhh...·················· I hope you like it.··············· I'm not very experienced...,
"What am I doing?·····*cmcm* Oh my god.····· Alright,····· you're good.····· Clearly I've done my job well...",
···Master...····· my bottom is getting all sticky...,
"I can't wait any longer...····· please,····· make this feeling go away.",
You're about to experience a state of ecstasy like you've never...····· eveeer...····· felt before...,
Thank you!····· I had a really good time!,
"Hey,····· that was actually really nice.····· Thank you.",
"We should def do that again,····· like,····· super soon!",
I guess that wasn't a complete waste of time.,
And to think... I almost had to cancel.······· What a shame that'd have been.,
Uhhh...····· thanks.····· That··· wasn't as bad as I thought.,
"Wow,····· this is neat!······· You should take me out more often.",
I had wonderful time.·········· Thank you for inviting me.,
Well look at this guy.····· I think I've created a monster.,
Well look at this bitch.····· I think I've created a monster.,
···That was the bestestest!,
You have exceptional dating abilities.,
I think I understand why Kyu was so curious about your potential...,
That··· was····· so······· much······· fun!··········· We'll have to do it again.,
Clearly this isn't your first time around the block.,
That was so awesome!····· Thanks for asking me out.,
What are you expecting to get in my pants now?····· You weren't THAT good.,
*hahahahaha*·····I haven't enjoyed myself like that in a while.,
"Hmmmm...····· that was kinda··· alright,··· I guess.",
"Oh,····· it's been so long since I dated like this.········ I forgot how fun it could be.",
"Wonderful!················ Let's do this again soon,·· okay?",
"Alright, you're gettin' good.·· Just don't get too cocky.·· No wait,··· do.··· Chicks dig that.·····",
···Thank you for treating me out master!,
I've throughly enjoyed this experience with you.,
Marvelous!··············· You're living up to your reputation.,
"Thanks for taking me out,····· that was so nice of you.",
Not··· bad!··············· I'll have to let you take me out again sometime.,
"I gotta admit,········ I wasn't too sure about you at first.",
You can wipe that look off your face.····· You got lucky this time.,
"Mmmhmm,····· you're a keeper.",
"Hey,····· not bad.·········· I guess I should have given you more credit.",
I could get used to this kind of treatment.·····*mcmcmc*···,
Thank you so much.·········· Everything was just perfect!,
About··· time!·········· I gotta say I wasn't sure if you were gonna pull it off.,
···Dating is really fun!········ I can't wait to go out again.,
I find myself excitedly anticipating our next date.,
You're strategy is impeccable.······· I dare say I've learned a thing or two myself.,
You have got to be the coolest guy I know.,
You have got to be the coolest girl I know.,
"Mmmmm,····· you certainly know how to carry yourself...",
"Before we leave I wanna post a pic of us,····· my friends are gonna be so jell!",
I'll admit I had a good time if you stop looking at me like that.,
"Awwww,····· I wish we could stay longer.····· I had a really great time.",
"Okay,··· okay,··· but don’t get too cocky.",
"I can tell you have some experience with this,····· and I like··· an experienced man.·····",
"I can tell you have some experience with this,····· and I like··· an experienced woman.·····",
It was really very nice of you to take me out like this!,
There may be some hope for you yet.····· Maybe.·····,
···Wow!····· You are really really really good at this!,
Perfect...····· and we weren't even attacked by a tentacle monster!,
Veeeerrry··· good.·········· You may have just earned yourself another date.,
"Awww,····· you're the best.····· Thanks for taking me out!",
"You are····· something else, you know that?",
So fun!····· I had no idea this place could be such a great time.,
"Yeah,······· so I had a good time.····· Don't make such a big deal out of it!",
I'm glad I decided to join you.····· It was a fun date.,
I've got my eye on you...,
*hahahaha*·····*ha*···You just keep on surprising me...,
I'm so pleased!··············· I hope we can go out like this again.,
"Niiiice.············ See,·· I knew you had it in ya.",
"···Master,·········· I'm so happy when you spend time with me...",
Remarkable work.····· You exceeded my expectations.,
Now this is a man of the highest caliber.,
Now this is a woman of the highest caliber.,
I'm glad I skipped out on studying to come here with you...,
About time a man who knows what he's doing shows up in my life.,
About time a woman who knows what she's doing shows up in my life.,
Did you take an awesome class or something?····· Where did you learn to be so awesome?,
"Not bad.·········· I've been on worse dates,····· I'll admit that much.",
"Well,··· you know how to show a girl a nice time,····· I'll grant you that!",
I underestimated you.············ I'm sorry about that.,
Mmmm...····· you're so sexy when you're victorious.,
That was such a nice date.·········· I hope you enjoyed it as much as I did!,
Our little boy is growing up!,
Our little girl is growing up!,
···*hehehehe*·····Yeah!,
Excellent.····· The males of my species would be jealous.,
Excellent.····· The females of my species would be jealous.,
"I admit,·············· I'm rather impressed.·········· I rarely see talent at this level.",
failure,
Heh...····· that didn't go exactly as I hoped it would...,
Can we just get out of here please?,
"Ewwww,····· just,····· no.",
"*aaaacc*·····Puh-leese,············ you've got to be able to do better than that.",
If you're going to ask a girl out··· you should at least be prepared.,
"Yep,····· just like I thought.····· You guys are all the same.",
"Yep,····· just like I thought.····· You broads are all the same.",
"You see,····· this is why I don't really ""date""··· men...·····",
"You see,····· this is why I don't really ""date""··· women...·····",
Is there something wrong?·········· Do you not like spending time with me?,
"Could you please suck more at match-three?····· That would be great,··· thanks.·····",
"···Master,··· are you playing a trick on me? That's not very nice!···",
Are all males of your species this incompetent?,
Are all females of your species this incompetent?,
*aaaacc*....another unworthy suitor.,
Oh...············· I guess I was expecting something else.,
Booooorrrring!,
"That's just great,····· can we go now?",
"Ugh,····· god.····· What the fuck was that?",
Well that was certainly...····· unexpected.,
"What the hell?····· Ughh,····· this is why I don't bother with guys.",
"What the hell?····· Ughh,····· this is why I don't bother with girls.",
"Honestly, hun...····· not exactly what I was hoping for.",
No worries...·········· perhaps tomorrow will to be a brighter day.,
Really?····· I know I've taught you better than that.,
···Should I go?····· Do you not want me here?,
Perhaps I have to readjust my expectations for next time...,
Is that really the best you can do?····· *aaacc*,
"Sorry,····· but I think I'd like to go now.",
What an ass.,
"I think I deserve a little better than that,····· don't you?",
"Uhhh,····· can you explain to me what exactly you were trying to do?",
I really think I should just be going now.,
"Maaaaaybe·· I'm just missing something,····· but I thought dates were supposed to be fun.",
"Mm,·· mm,·· mm.·········· What am I gonna do with you?",
I'm a little disappointed...·········· but it's alright.,
"The objective··· is·· to win.······· We're··· clear on that,······· right?",
···I'm confused...····· I thought you said dating was fun?,
"You're not terribly adept for this, are you?",
Disgraceful...··············· what am I to think after an embarrassment like that?,
"I had a good time...············· I'm just tired,····· that's all.",
"*aaaaaaaacc*···I'm sorry,············· was that supposed to be romantic?",
You really don't seem like yourself today...,
"Could you maybe like,····· put in some effort next time?",
"Oh... no,··· it's ok.······· I don’t mind...",
I'm such an idiot for thinking this was gonna go any other way.,
"Yeah,········ we can leave now...····· thanks.·····",
I'm getting the sense you're a little out of sync today...,
"Could you please··· just not?····· Like,····· ever again?····· Yeah, thanks.",
"···What?············· Awww, but, but... how come?",
...and here I was looking forward to this.,
"What a terrible,··· terrible shame.",
It's ok...············ maybe things will turn out better next time.,
I'd almost rather be teaching class right now...,
"I'm tired,····· let's go.····· Maybe we can try again another day.",
"Well,····· that was a total blowout.····· Thanks for wasting my fucking time.",
Something just feels····· off.············· Maybe we'll have better luck another time...,
Blaaaah...,
What a piece of work!·········· Surely you can do better than that.,
I don't feel you're being very mindful of my needs.,
Swing and a miss!,
"···What's that phrase?··········· Oh, yeah.············· You really need to work on your game, master.",
That's not exactly how I pictured an earth date...,
Absolutely·· shameful.············ You're in the presence of a goddess!,
Are you not feeling well or something?,
Don't beat yourself up over it.······· It's not the first shitty date I've had.,
I can't believe I missed a workout getting ready for this.,
"Oh·· my··· god,·········· kill me now so I don't have to go through that again.",
I'm sorry but I expect a little more than that.,
"Hey,··· look,··· it's whatever.·········· I guess I can let it slide if you promise it's just this once.",
Don't worry sweetie...····· everybody has an off day once in a while...,
Oh··· well...········ we should really be on our way anyway;········ things to do.,
It's too late in the game for you to be pulling this shit bro.,
It's too late in the game for you to be pulling this shit sister.,
"···Awww,····· you'll do it next time! I believe in you!",
Is that how human dating is supposed to be?····· You're a strange species...,
If you're to claim a goddess····· you're going to have to do a lot better than that.,
Hey...····· ummm...·········· you can ask me back to your place...····· if you want to.,
How about I come over tonight for a··· private lesson?,
"I gotta call my babysitter,····· because I don't think I'm coming home tonight...",
"Mmm,··· I'm horny.····· Sooo,··· let's fuck.",
Well...····· the night isn't over yet.········ Maybe we could continue this somewhere...····· else?,
··········Ummmmm...·· we can...····· hang out some more...····· or whatever.,
Mmmm...····· You're so good to me.······· How about I return the favor...?,
"I don't have anywhere else to be tonight...··············· if you wanted to,·········· maybe,·········· do something else?",
"Fuck,·· man...····· I'm super horny.···············*aacc* I guess you'll have to do!",
···Master...·· *III*I... uhhh...····· you can take me home now...,
"I can no longer overcome my sexual instincts.····· Please,······· let's return to your living quarters.",
I feel so...····· powerless.····· I have to have you...,
"Do you want to like...····· I mean...········· like,······· watch a movie at your apartment·· or something?",
You're not going to make me go home all by myself are you?,
"Hey...····· soooo,····· you wanna····· maybe move this party····· back to your place?",
So I kinda feel like getting laid right now.····· Looks like it's your lucky day.,
Sooo...····· this outfit is starting to get uncomfortable.········· Maybe you can help me out of it...?,
"Hey,····· sooooooo...··········  yeah...··· Is there anything else you wanted to do tonight?",
Mmmm...·· I'm so turned on right now I could explode.····· Let's get out of here...,
"Ummm,········ I'm not really sure how to ask this...············· but,············· can we head back to your room?",
Meet me back at your place.,
···I feel really warm inside...····· like I wanna hug you a whole lot...,
My body is feeling warm and my breathing has deepened.······· I believe I am now in heat.·····,
I can't resist it any longer...····· I insist you take me back to your bedroom.,
I don't think I'm ready for this date to be over...,
Okay...········ I'm·· horny·· as·· fuck.·········· Let's go back to your apartment.,
Come on dude...····· I'm not going to invite myself over...,
"Alright,····· whatever,····· I guess you've earned it.····· Take me back to your place.",
*aaaaaacccc*·····I'm··· tired.············· Maybe I'll just stay over tonight.····· Is that okay...?,
So··· like...········ you know.··············· Don't make me spell it out...····· I think we both know what's up.,
I think you deserve a reward for all your hard work.····· Whataya say?·····,
"I...············· don't think I'm going··· home tonight.············ I mean,·········· if that's alright with you...",
"Alright,····· let's go,····· these pants aren't going to get in themselves.",
···Let's go back home.····· I have a surprise I wanna show you...,
"My reproductive hormones are filling my mind with strong desires,····· I need to copulate.",
"This feeling...·· I can hardly control myself...····· I must have you,····· now.··········",
Thanks!,
Beautiful!,
Thanks man!,
Big deal!,
·····Wonderful!·····,
Thank you.,
"Mmm,····· thank you!····· Thank you!",
It's lovely!,
Niiice!,
Thank you!,
Veeery nice.,
Thank you so much!,
"Aww, cute!",
Good boy!,
Good girl!,
"Wow,·········· I'm not sure what to say.",
It's beautiful!,
I'm not sure what to say!,
Good call!,
I love it!,
I'm very grateful.,
This pleases me...,
Awwwww!,
You shouldn't have!,
I really appreciate it!,
Not bad...,
Really?····· Are you sure?,
"Umm,····· that's awfully nice of you.",
Are you sure?,
You got this!,
It's soooo cute!,
What a neat thing.,
How adorable!,
Mr. money bags over here!,
Ms. money bags over here!,
Keep um' coming.,
You didn't have to!,
"Whoa,····· seriously?·········· Thanks.",
"Oh,··· I simply adore it!",
It's too much!,
Make it happen!,
I'll cherish it!,
It's a lovely gift.,
What a sweet gesture!,
For me!?,
You sly dog!,
That's really sweet of you.,
That's more like it...,
I absolutely love it!,
I bet this is how you get all the girls.,
"Oh, expensive gifts get me soooo hot...",
Thank you!····· Really!,
I'm diggin' it!,
You got this for me!?,
That's most gracious of you.,
I accept.,
Maybe not the best time for that...,
You might want to rethink that one.,
I'm sure you can see why that's not the best idea right now.,
*hahahahaha*·····You sure about that?,
I'll give you a second to realize why that's a bad idea.,
Nope.······· Come·· on!····· Think about that shit first.,
Maybe try that again under better circumstances.,
"Oops, ········sorry.············· I don't think it's the best time for that.",
Using that··· would do absolutely nothing right now.,
··Master I don't think you can do that right now...,
That would seem unwise given the current state of the puzzle grid.,
That wouldn't be a terribly wise thing to do at the moment.,
drunk,
I think maybe I've had too much to drink.,
I hate to say it...····· but I'm probably drunk enough.,
Uuugggghhhhhh...,
Are you trying to get me drunk or kill me?,
I better quit while I'm ahead...,
I don't know...····· I'm pretty sure I'm drunk.,
"Oh,····· I hate to say it, but...········ I think maybe I've had enough...",
I'm throwing in the towel...····· I'm done.,
I think I'm adequately drunk enough...*aaaacc*,
···Whoooa I feel fuzzy...,
I think...·····*cccc*····· I think those drinks got some weird stuff in em'.,
I'm afraid I may have reached my limit for the night.,
I'm good...········ I'm good...,
Maybe I should cool it with the booze for a second...,
I think I'm pretty set...····· but thanks.,
"I'm probably pretty fuckin' set on booze,····· thanks.",
I think I'm at my limit for tonight.,
I think I'm on the verge of alcohol poisoning.,
"Sorry,·········· I'm one drink away from having to be carried home.",
Am I drunk?·········· I think I may have gotten carried away again...,
"Maaaayyybe··· one··· more··· drink...············· Nah, nah!··· I'm good, I'm good.",
···I think that juice is making me sleepy...,
Everything is kinda blurry...····· and sideways-ie.·····,
That's quite alright. I've had my share already.,
*aaaacc*·····I'm such a lightweight.,
What are you trying to do to me here?,
"You already won man,····· I'm wasted!",
"Alright,····· I get it;····· alcohol.",
I'm tapping out...····· but don't let me stop you.,
"Alright,····· we can probably cool it with that now.",
"Ugghhh...····· even I have a limit, it seems.",
*aaaacc*·····Hahahahahaha!,
"Alright,····· chill,····· chill...··· I ain't tryin' to pass out.",
···Master how come there's two of you...,
··I'm feeling...····· dizzy.········ Did you do something to me?,
I'm not sure how much more drunk I could possibly be.·····,
hungry,
"Uhhh,········ probably not on an empty stomach.",
Isn't it bad to drink on an empty stomach?,
I'm not gonna drink on an empty stomach.,
I'm sitting here dying of hunger··· and you try to give me this?,
I need to think about getting something to eat first.,
Unless that's liquid cake········ I'm not interested right now.,
"Hun,····· how about we eat something first.",
"I think it's bad to drink alcohol on an empty stomach,····· right?",
Girls can't drink while they're hungry ya tard.,
···I don't want that. I want some fooooooood!·······,
I really need to get something to eat first.,
I'm far too undernourished for alcohol.,
I've got to eat something.,
I can't eat this...,
"Ummm...····· sorry,····· but I have to get some food first.",
Seriously?····· Hook a bitch up with some food.,
"Oh,····· thank you,·· but··· I need to eat first.",
I'd really rather eat.····· How aren't you hungry?,
I think I'm gonna hold off until I can get something to eat.,
"I'll think about it,·········· after I've had a chance to eat something.",
You have to feed me before you poison me.,
"···Noooo,····· feed me first!",
"I'm fine on liquids,····· but I should replenish my caloric··· energy.",
"If you want to get me drunk,········ at least feed me first.",
"I'm too hungry to be thinking about drinking,····· sorry.",
"I've got to get me some food,····· like,····· now.",
I'm way too hungry to think about that.,
*aaaacc*You're so stupid!,
Not on an empty stomach.····· I learned that the hard way...,
"Yeah,··· I gotta get some food in me before we go down that road.",
"Hold that thought,·· I'm starving...·····",
I'm too hungry at the moment to be thinking about that.,
Uh-uh!····· Food first.,
"···I'm not thirsty,· I'm hungry!",
"Before that,·········· would you mind sharing some of your food with me?",
"Kyu has explained the appetite meter,····· right?",
early,
"Oh,·· wow...····*hehe*······· no thanks.·····",
Never a bad time for a stiff drink.,
"Alright alcy!····· A little soon for that,····· no?",
Now this guy knows how to party.·····,
Now this girl knows how to party.·····,
A bit too early for me...,
Uhhhh...····· that's okay.,
*hahahaha*·····Now I know we're soul mates.,
I'm not sure that's very appropriate right now...,
Jeezus·····man!········ Can you wait until you're in a bar or something?,
Jeezus····· woman!········ Can you wait until you're in a bar or something?,
···Sure!····· If you say it's okay.,
No thank you.····· I'm not very thirsty.,
"I enjoy a stiff drink,······· but honestly,······· there's a better time for these things!",
"It's a little early for that,····· don't cha think?",
Fuck····· yeah.····· This ought to make things fun.,
Uhhhh...····· do we need to get you some professional help?,
Hard·····coooore...,
"What do I look like, an alcoholic?",
Seriously?····· Here?····· That's fucked up.,
I always thought this place could use bottle service.,
"Thanks,········ but····· I'm really not a heavy drinker.",
Not while I'm not the clock.,
···What is it?····· Do you drink it?,
That's okay.·········· I'm feeling adequately hydrated already.,
"You seem to have a bit of a problem,····· dear...",
"Uhhh,····· that's okay...",
Goodbye problems!,
I'm cool for now.····· Maybe later.,
Are you kidding?····· Fuck yeah!,
That's quite alright.,
What?····· Put that shit away.····· Jeez.,
"Uh,····· god,····· you read my mind.",
I'm surprised at you.·········· There's a time and place for that.,
"Yo,····· chill out with that shit.····· Nobody likes an alcoholic.",
···Am I asupposta have this?,
"Mmmmmm...·······*cccc*········ no,····· perhaps at a later time.",
So early in the day?·········· That's not much of an example to set...,
accept,
Aww··· yeah!····· You read my mind.,
Down the hatch!,
Having you around is turning out to be pretty useful.*hahahahaha*,
Yeeaaahhh...,
Don't mind if I do!,
"Okay,····· cool.····· Thanks.",
"Oh,·· thank you daddy.",
Thank you momma.,
"Uhhh,····· okay.······· But,········ make sure I don't drink too much.",
Yeeeaahh··· buddy!········ I'm about to get my drink on.,
···*aaaacc*····· Excuse me...··*hehehehe*,
Oh my.············· This is delicious...,
"Be warned,····· I'm no lightweight.",
"Oh man,····· too good.········ I could get wasted off these so fast.",
*aaccc* Your turn!,
"Oh boy,········ looks like the babysitter is staying late tonight.",
Aw shit.····· That's good.,
"Well,····· as long as you're offering.",
"Oh,····· I mean,····· you didn't have to get me anything.",
Of course!····· I'd love a drink.,
"Oh,····· thank you!",
Keep *ee*em' coming!,
···This make me feel funny...,
What is this?·········· It's incredible!,
I can hold my liquor very well.,
Yeessss!·········· I was just about to ask you for a drink.,
Cheers!,
Sure!····· One more couldn't hurt.,
"Keep these coming,····· thanks.",
For me?····· Thanks!,
"I'm not much of a drinker...····· but...····· alright, fine.",
Well I've gotta take my medicine!·····*hamcmcmc*,
"Alright,········ just to loosen up a little.",
Yummy!*eeeeeee*·····*hehehehehehehe*····· Nah wouldn't it be crazy if I was that kind of fairy though?,
"···Heeey, this is pretty tasty!",
"Ohhh, wooow.·················· Where has this been my whole life?",
A toast!·········· To the beautiful····· love goddess!,
"Hey,·········· you're not trying to get me drunk are you?··*haha*",
That's it?······· I'm hardly drunk at all...,
"Wow.·····*aaac**aac*····· Okay,··· that was pretty strong.",
Bottoms up bitches!,
You trying to get me hammered or something?,
That's a good boy.··,
That's a good girl.··,
"I'm not a big drinker...····· buuut,····· okay!",
"They don't serve this back home so,······ load me up.",
···*aaaaccc*···Thanks!·····,
I'm beginning to feel a little uncoordinated.,
"You know I know what you're up to,····· right?",
Bottoms up!,
That was a pussy drink!····· Hit me with something stronger!,
*aaaacc*············This is more like it.,
"Hold on,····· I'm gonna pound this.",
"Oh,····· wow.····· I like that.",
Hmmm...····· what's your angle here?,
"Oh,··· you're the best.",
"Well,····· as long as you already paid for it!·····*hahahaha*",
Oohhhh yeeeaah...····· It's gonna get real stupid up in this bitch in a minute.,
···Ooooouuuu...,
That's good...····· do you have anymore?,
"So,····· is this how you seduced all the other girls?·········· *hahahahahahaha*·····*haaah*",
full,
*aaaacc*·····I don't think I could eat another bite...,
"Mmmmm...··························· ehh,····· not gonna happen.",
"No,····· I couldn't.····· Seriously,····· I'm done for.",
I'm going to be fuckin' sick.,
"Really,····· I couldn't eat another bite.",
Mmmmmm...····· probably not a good idea.,
"Ughh,····· fuck,············· I think I'm going to throw up...",
Ughh...····· no...····· no thanks.,
Ughh... I think I'm set on foodage...,
···I don't think I can eat anymore...,
"Mmmmm...····· No thanks...····· really, I'm alright.",
I don't even want to think about eating right now...,
I better not...,
*aaaaaaaaacc*····· I can't even look··· at food right now.,
Ughh...····· not unless you want it all over your shirt.,
Get that shit out of my face.,
My stomach is a little upset right now.,
*aaaaacc*····· Too much...,
I may have gotten a little ahead of my stomach...,
I'm not feeling too hot...····· maybe later.,
I can only pack so much in man*aan*...····· Give me a break.,
I can only pack so much in bitch*aan*...····· Give me a break.,
···*aaaacc*·····My tummy hurts...,
You go ahead.·········· I don't feel much like eating.,
I'm not feeling quite up to eating...,
"Ughh,····· please take that away from my face.",
*aaaaaacc*Hehehehe···he.,
*aaaacc*·····I should have stopped while I was ahead.,
Bleh!!,
Not right now...,
"Nah,····· seriously,·· I can't even.",
Mmmmmm...····· oowww...,
"Nnnn...·········· I've had too much already,····· sorry.",
*aaaaccc*··You did this to me*eee*...,
"···Ugghhh,······· I don't feel very good...",
I think I've had enough for the time being.,
I'm really in no condition for a meal.,
loves,
"Aww··· man!·········· I love breakfast,····· best meal of the day hands down.",
Mmmmmmm... pretty good. Thanks.,
"Good,····· and good for you!",
"Aw man,····· I love this shit.",
"Ohhh··· boy,········ you've discovered my weakness.·····*hahahaha*",
Sweeeeet.,
Oh god...··· I'm so bad.,
"Oh,····· god.············· I'm so weak...····· Mmm, but it's soooo good.",
Sweeeeeet...,
···Thanks for feeding me!,
It's very enjoyable.,
Myyyy!·········· What a heavenly dessert.,
Just what I needed!········ I missed breakfast this morning.,
Fuck··· that hit the spot!,
Is it weird that I like veggies so much?,
"Mm,····· eating always makes me want to smoke.",
"I could have breakfast for every meal,··· I swear.",
"Yeah, okay.····· Thanks.",
How can something so good····· be bad for you?,
Maybe I'll just have a bite...·········· or two.,
Awww··· yeah...····· that's the good stuff!,
···Veggies are sooo tasty!,
"Appreciated,·········· this should sustain me for a short while.",
Mmmmmm...·········· so rich and sweet.,
MmmmMmmMmm!····· Soooo good!,
I love it when you bite in and the juice drips down your chin.,
"Oh my god,····· so tasty!",
"I don't care how fat this makes me,····· I'm eating it.",
"Mmmm,····· damn,····· that's the good stuff.",
Well I'm not gonna turn down free candy.,
"Mmmm!······· Better than sex...····· well,····· almost.",
"I had a light breakfast so,········ I'm sure it's okay.",
*cc*Mmmm-*cc*mmm!····· How am I supposed to stop eating this shit?,
···Yummy!,
Mmmmm...····· so sweet and juicy.,
Simply divine!,
likes,
I shouldn't...····· but I can't help myself!,
Thanks.······· I think I'm going to save some of this for a salad later.,
"Aww·· dude,····· that hit the spot.",
About time...,
Delicious!·········· You couldn't ask for a better snack.,
I'm eating shit like this all the time at work.,
"My agent,····· he yells at me for eating this crap...····· but he's not here!",
"Mmmm,····· I should really eat more of these.",
"Soooo good!····· If this food was a dude,····· I'd fuck his brains out.",
"Soooo good!····· If this food was a chick,····· I'd fuck her brains out.",
···It's super duper good!,
I think I may have a sugar addiction.*hahaha*········,
"Mmmmm,···················· actually...····· quite satisfying.",
"I'm so bad,····· I know.········ I have a sweet tooth!",
"This is great,····· the lunch options on campus are so gross.",
"Thanks,····· I was running a little low on fuel.",
Nice.····· I could totally eat this right now.,
"Mmmmmm,·· so juicy.",
I am gonna get soooooo fat.···,
I'll just work it off later.,
"Sure,····· I could go for a quick snack.",
They really need to start serving this shit where I'm from.,
···What a treat!,
I wish they had these back home.,
Muuuch····· better...·················· I was having a distinct craving for breakfast.,
"Oh god,····· I love these!",
"Ahhhh...····· the smell of fresh produce.········ Ehh,····· am I weird?",
Delicious!,
"Hey,····· gimme that!",
Where did you get this?····· It's sooo good.·····,
"Worth it,····· every time.",
Fuuuck that's good.,
*aaaacc*·····Yummy!,
"Fuck that's good!····· Yo,····· I'm about to bust a nut over here.",
···Delicious!,
"I know it's inadequate nutrition, but it's so tasty!",
"Admittedly,·········· the food down here·········· isn't half bad.",
hates,
Eww...····· no thanks.,
Uhhhhhh...····· no.······· Not on my diet.,
"Nah dude,····· that stuff goes right to your hips.",
Ughh!····· Gross!,
No thank you.,
"Nah,····· I'll save that for you.",
No thanks hun.,
"That's okay,····· but····· thank you for offering!",
What are you doing?····· Check my preferences in the stupid phone.,
···Bleh!,
Sorry...····· I don't think I can eat that.,
"You're really going to offer··· that,········· to me?···········",
I'm not really into that.,
"Sorry,····· I'm just trying to watch what I eat.",
I'm on a pretty strict diet.,
That's··· fucking disgusting.,
I'm afraid I have to pass on that.,
I'm more of a sweets kinda girl.,
That's not really the type of thing I usually eat.,
"No,·· no,·· no!············· I wouldn't want to eat all your food.",
No can do.····· I'll get mad sick and blast chunks·· all over;····· it's gross.,
"···Ewww,····· that smells funny.",
I'm not sure about that kind of food.····· I don't want to risk it.,
"You can't possibly be serious,····· my dear...",
"Sorry,····· I gotta pass.",
Can't do it.·· Too many carbs.,
It's tempting...····· but I think I'm gonna pass.,
Are you trying to make me throw up?,
"Heh,····· sorry,····· I'm kind of a picky eater.",
Uh····· gross.·····,
I'm more of a burger and fries type of girl.,
"You go ahead,·········· that's not really my type of thing.",
"Sorry bub,····· fairies can't eat that garbage.",
"···Kitties can't eat that,·· you silly!",
That's probably not a good idea.·········· I have a very particular digestive system.,
I wouldn't be caught dead eating such a thing.,
Whaa!?····· Are you serious?····· Thank you so much!,
I used to play with this all the time when I was young!,
"*hahahaha*···What are you trying to say?...····· Just kidding,····· thanks!",
"If you're trying to buy my love,····· keep spending.",
Excellent!······· We'll have to play sometime.,
"This is a really cool gift.····· I mean it,··· thanks.···",
"Really!?·········· Aww, I think you're my new favorite boyfriend.",
Really!?·········· I think you're my new favorite girlfriend.,
Ohhh!·········· This is perfect for my studio!,
Yeeess!····· Yeeeeesss!····· Shower me with gifts!,
···Yay!····· I love fishies!,
Are you sure?·········· I'm surprised you got this for me.····· Thank you.,
What can I say?····· I may be a goddess but··· I'm still a girl who loves a thoughtful gift.,
This is perfect!····· It's exactly what I needed.,
You stupid jerk... I love it!,
Now this is a guy who understand me.,
Now this is a girl who understand me.,
So what?····· Am I supposed to blow you now?····· Get real.,
So what?····· Am I supposed to fuck you now?····· Get real.,
"Oh-ho,····· what's this?····· Are you challenging me?",
"Thanks!····· I'm really into art,····· so this will definitely get some use.",
That's right!····· My man··· takes care of me...,
That's right!····· My girl takes care of me...,
I can't tell you how much this means!,
"You got decent gifting skills,····· I'll give you that much.",
···I'm gonna have the bestest fish tank in the whole world!,
A gift?····· For me?····· Thank you.····· How can I repay you?,
"Well now,····· what a surprisingly loving gift.",
"Really!?····· Thank you, thank you, thank you!",
Awwww shit...······· now I have to get you something.,
Thanks!····· I can't wait to test it out.,
"This'll do,····· for now.",
Nooooo...····· how did you know!?,
"You're very kind to me.····· I...····· well, I don't hate it.",
"Awww,··· thank you.············· Remind me to return the favor····· later...",
This is exactly what I was looking for!··········*cccc*····· You've read my mind.,
*cmcmcmcmcm*·····This part never gets old.,
···Thank you soooooo much master!,
That's very thoughtful of you.,
"It's not that I'm materialistic,····· I just like getting nice things.",
likes gift type 1,
Yeesss!··· Audrey is gonna be so jealous.·····*haha*,
"Awwwwwww,··············· how did you know I dabbled in art?",
Soooo nice of you!,
What?······· Do you want a kiss or something?········ Dream on.,
"Oh,··· really?····· I love to bake!",
"I really appreciate it,····· but··· you don't have to like,····· buy me stuff.",
"Mmmm,··· baby!········ I love it when you buy me new things.",
I can't believe you bought this for me!·········· How nice is that?,
Hey cool more free shit!,
···You didn't have to do that for me!,
I don't know what to say.····· Thank you very much.·····,
Well...·········· it's a nice start.············· What else you got?,
Oh my god!· How cute·· is this?,
Nice!············ My last one was getting kinda worn out.,
I really appreciate the thought.,
"Whatever,········ don't start getting all cocky on me.",
What a nice thing for you to do.····· Thanks!,
Wow...············ I feel bad that I don't have anything to give you.,
"You knew just what to get me, didn't you?",
I feel bad;·········· I never have anything for you.,
"Even though I know you're just trying to fuck me,····· I still like the gift.",
···*hahahaha*·····It's really pretty!,
Thank you.····· Your kindness does not go unnoticed.,
I accept your offer.,
"Uh-oh,····· party ova here.··*hehe*",
Thanks!············· I'll use it on my break tomorrow.,
I've been meaning to get a new one of these.,
"Wow,········ for once you didn't screw it up.",
Thanks!····· This will come in handy.,
I'm not used to this kind of attention...······· but·· I'm not exactly complaining...,
"You see,····· this is why I like you.····· You give me stuff.",
You're sure?·········· That's so kind of you!,
"This reminds me,····· I want to party with that bitchy redhead.····· She seems like fun.",
"···Can I really have it?····· Can I, can I?",
I only wish I that had something to give you in return.,
It's going to take more than a few gifts to win me over.,
likes gift type 2,
"Awww,····· thanks!········ You didn't have to do that!",
Alright.··· I'll admit it.··· You did good.,
Thanks so much!,
I'll be taking that!,
"I'm not sure what I did to deserve this,····· but thank you.",
"For me...?····· Awww,····· thank you!",
Hmmm?····· A gift!?·········· You didn't have to do that!,
Why not?····· It's a thing.····· I love things!,
···You're the bestest!,
Thank you.····· I can't tell you how much I appreciate it.,
"Yeeeesss,····· this will do veeeerrry nicely.·········· You've done well.",
"Whoa, you're the sweetest guy, like,····· ever.",
"Whoa, you are the sweetest girl, like,·· ever.·····",
"Awwww, thanks.·········· I really need to stop neglecting my garden at home.",
This is seriously awesome.,
Nothing wrong with free shit.,
"Awwww,····· that's so sweet of you.",
You really don't have to get me stuff...····· I mean I appreciate it.····· I just feel bad.,
"Awww,········ you really shou*hiccup*...····· Ummm,··· what was I saying?",
I'm not even sure how to express my gratitude.,
What!?····· I like to draw!····· A love fairy can have hobbies too.,
···Awwwww!····· You spoil me too much!,
I can have it?····· You really don't mind?,
I guess I have a weakness for expensive things...,
"Aww yeah!····· Sweet,····· thanks!",
This will do...····· this will definitely do.,
"Awww,·········· you didn't have to go through the trouble.",
I hope you're not expecting anything in return.,
"I can't tell you how much I appreciate this,····· honestly.",
"Heeeeyy...····· are you trying to like,····· win me over or something with gifts?",
"Awww,·· you didn't have to do that...····· but,····· it certainly doesn't hurt.",
*aaaacc········*You're too much!············· I'll have to remember to get you something nice.,
"Ahhhh, this job has it's perks...",
···Thank you thank you!,
"You really like to give people things,····· don't you?",
"Perfect!··············· Even I have to stay in shape.··············· I wouldn't be much of a goddess otherwise, would I?",
unique,
For real!?············ Oh my god I could kiss you!,
God... you're so racist. *hahahahahaha*,
Awww dude!····· This is so cool!,
"Aw,····· score.·········· You're not as big of a loser as I thought.",
Are you sure?····· This is amazing!,
Holy shit!·········· Where the fuck did you find this?,
Ooohh!····· I'm such a sucker for cute holiday decorations.,
My collection was missing this!·········· Thank you!,
"Ughh,··· you have such a filthy mind.····· That's why we get along so well!···*ccmm*",
···Really?······· Thank you!········ What did I do to deserve it?,
How on earth did you find this?·····,
Now this····· is a gift truly worthy of a goddess.,
I seriously can't believe you got this for me!····· Thanks!···,
How did you get your hands on this!?,
Get the fuck outta town!····· Really?,
Niiiiice.·········· How'd you get your hands on this?,
"Wow!·········· You really are something else,····· you know that?",
"Yooooooo,·········· do you know how many used game stores I've been to looking for this?",
"Oh,····· it's adorable!·········· It makes me wish it was December already.",
Woooow!...······*cccc*········· Is it··· weird that I collect this stuff?,
"Holy··· shit...······· yeah,··········· I'm definitely taking this for a test drive tonight.",
···It's the perfectest gift ever!····· How'd you know?,
What an interesting object...,
What a exquisite stone...·········· it's breathtaking!·····,
Soooo······· adorable...············· This is going to make my uniform so much cuter!,
Wow.····· This is actually a really thoughtful gift.,
Whoa!····· I have been looking everywhere for this!,
Swweeeet.·········· At least you're useful for one thing.,
I have always wanted one of these!,
Oh····· shit!····· My collection is missing this.········ You're giving this to me?,
You're the sweetest...····· I'm speechless!,
"Thanks!············· Really,·· I mean it!·········· I love things like this.",
"Oohhoohhh man,········ I'm definitely gonna get a lot of mileage out of this one.",
···Oh my man!····· Yes!····· I love these!,
"Now this is a peculiar thing,····· isn't it?",
Well done.····· Well done indeed.····· I'm very pleased with this.,
Thanks for the offer but··· that's okay.,
*aaaaaaaccc*····· Try again.,
"That's····· not really my deal,····· you know?",
"*hahahaha*·····Uhhh,····· try again.",
"No thanks,····· this isn't really my style.",
"I really have no use for this,····· sorry.",
"Oh,····· you silly goose,·········· what am I going to do with that?",
"I really appreciate the gesture,·········· but it's just not for me.",
Do you even have the HunieBee anymore?····· It tells you what gifts I like.,
···Mmmmm...············ I'm not really sure what to do with that.,
"I·· appreciate·· the ges···ture,·········· but I'd prefer something a little different.",
Is that supposed to be a joke?,
"I'm not really into that sort of thing,····· sorry.",
"Come on,····· do you really take me for one of those types?",
I'm not really into that type of thing.,
Maybe in some other lifetime.,
"It's really nice,····· but····· I just don't think it's for me.····· Sorry!",
"Not really my thing,····· soooo,····· yeeeah...···",
Mmmm...····· I was hoping for something a little bit nicer.,
"I'm really sorry,·········· but····· I don't think I would get much use out of that.",
*aaacc*·····Get with the program.····· We only like certain gifts!,
"···That's okay, you keep it!",
"That is not the type of gift I would have much use for, unfortunately.",
What····· is····· that?,
Oh...····· no thanks.,
That's·· quite alright.,
"Uhhhh...····· not really my style.····· But,····· thanks for the thought.",
"Oh,····· my favorite!····· NOT!",
Uhhhhh...····· perhaps somebody else would enjoy this more?,
"You·· didn't think I was gonna be into that,····· right?",
"Come··· on,············· you know me better than that.····· Don't you?",
I wouldn't know what to do with this.·········· I hope you didn't go through much trouble!,
...aaand··· what exactly am I supposed to do with...·· that?,
"···Oh,····· uhhh...····· did you mean that for someone else?",
Why don't you keep that for someone else?,
Get it out of my sight.,
chain,
"Niiiiicccee.········*aaacc*····· I know what I'm doing today.····· Here,··· you can have this··· thing,····· whatever it is.",
morning,
Good Morning!,
"*aaaaaaaaaaacc*··· Oh boy...·········· same shit different day, eh?",
Good morning!····· Ready to get to work?,
Oh...····· hey.,
Good Morning.,
"Welcome to...····· oh,····· it's·· you.",
Hiii!····· So good to see you.,
"Hi!····················· Beautiful morning,····· isn't it?",
"Good,····· you're up.····· Now get to hustlin'!",
···Good morning!····· I hope you slept well.,
Hey!····· I didn't expect to see you here this early.,
Mornin'.,
Glad you're here!····· I need a workout buddy.,
And how are we doing this morning?,
"Hi,····· can I get you something?",
Morning handsome.,
Morning beautiful.,
Good morning!,
I wanna see you workin' out there today!,
···Mmmmm...·········· I wonder what I should do today...,
There you are...,
*aaaaccc*·····Mmmm...····· gonna be a tired kinda day.,
*aaaaaacc*··· I was up way too late last night.,
Whew!····· Today's been a good day!,
Come to get your morning pick-me-up as well?,
*aaaaaaaacc*····· Mmmhmm...?,
"Well,····· if it isn't the love of my life!",
*aaaaaacccc*·····Today is going to be a good day.,
Let's get it goin'!····· These broads aren't gonna date themselves.,
···Morning!···*hahahaha*,
"Gorgeous day,····· is it not?",
afternoon,
Hey you!,
Hey hot stuff.,
"Hey dude,····· what's up?",
"Oh god, ·····this guy?",
"Oh god, ·····this chick?",
So good to see you again.,
Hey.,
How's my number one guy doing this afternoon?,
How's my number one girl doing this afternoon?,
Hey!·········· I'm glad I ran into you.,
What up playa?,
···Hello!,
Oh...····· Hello.,
Hello!····· What's happening?,
"Thank god, somebody I like.······· Well,··· somebody I can tolerate. *hahahahaha*",
Hello!····· What can I do for you?,
Hello!····· This is a pleasant surprise.,
"Hm?······· Oh,····· hey,······· what are you doing here?",
"*cc*Mmmm,····· lucky me running into you like this!",
Hello again.·········· How's your day going?,
There he is!,
There she is!,
···Hi hi!,
"How peculiar,··············· I was just thinking about you.",
Hiya!,
"Great,····· you can entertain me.····· Soooooooo bored.",
"Oh,····· hi,····· didn't see you there.····· How's things?",
"I'm kind of busy,····· so make it quick.",
Now here's a familiar face.,
What's going on?,
Oh my god!········ Come over here and give me a hug!,
Enjoying the great weather today?,
What's crackin'?,
···Oh! I'm glad you're here master!,
*aa*··*aacc*················ Good to see you again...,
evening,
"Oh,····· hi!····· How's it going?",
Fuck.····· Yes.······· I'm done teaching for the day.········ Let's do anything!,
Good to see you!····· How ya holdin' up?,
You··· again...?,
Good Evening.,
What's up?,
"Awww,······· have you come to see me?",
*aaaacc*·····So good to see you!,
How ya holdin' up champ?,
"···Awwww,····· did you come to see me? Hmm? Hmm?",
Greetings.····· How are you?,
Ahhh...····· feels good to be done with classes for the day.,
I don't know what I'm doing here.······· I need a nap...,
"Hey!··········· Weird,········ I was just thinking about you.",
Are you like following me around or something?,
Hey!····· Imagine running into you here!,
··················Good to see you...,
Mmmm!····· I've missed you!,
"Oh,····· hi!·········· What a pleasant surprise!",
How's it poppin' my man?,
How's it poppin' girlfriend?,
···Good Evening!,
It's a pleasure to see you again.,
Good...·········· I was wondering when you might show up.,
Hi!····· Funny running into you here.,
"Hey, you!",
*aaaacc*·····What a day.····· I need to unwind.,
"Umm,····· is there something I can help you with?",
"Hello,·· handsome.",
"Hello,·· beautiful.",
Hello.,
Hey baby...····· you look soooo hot right now.,
"Hey,·········· how is everything?",
What it doooo?,
···It's good to see you master!,
"Oh,····· hello.····· I didn't expect to see you here at this time.",
How are you this evening?,
night,
"Aw,····· hey,····· thanks for showing up!",
Hey there!····· You're still out?····· Isn't it past your curfew?,
Ohh··· shiiiit!········ You're here too?····· Cool man!,
"Hey!····· I'm right here,····· are you blind?",
"Oh,····· Hi!····· I'm glad you showed up.",
You're still out?,
Oh goodie!····· My sexy boyfriend is here.,
Oh goodie!····· My sexy girlfriend is here.,
Wow.·········· I didn't expect to run into anybody here.,
You hangin' in there pal?,
···Hi!····· I missed you today!,
"You came.····· Great,·········· what do you want to do tonight?",
Come to try and work your·· magic····· on me?,
"Oh man,····· this is so my jam right now!",
Oh!!·········· Shiiiiit...············· don't sneak up on me like that!,
Look who's here!····· Glad you could show up.,
"Ughh, ·····there you are. ·····Could you have taken any longer?",
"Great,····· you're here!",
What are you up to this late?,
Hiii daddy...,
Hiii momma...,
Such a peaceful night tonight...,
Lookin' sharp boss!,
···How are you?····· I hope you had a good day today!,
There you are.········ I'm glad you could make it.,
Excellent.········ You're still around.,
Oh my god!····· Hi!,
You're still prowling around?,
Oh my god!··· Hi!,
I had a feeling you were gonna show up.,
"Hi!········ Come,····· sit down with me.",
"Ummm,····· hi.",
"Hey·· you,············ I'm glad you're here!········ Nobody wants to buy me a drink...",
"Ohhh!·············*hahahahahaha*········ Sorry,····· sorry.·········· You scared me for a second.",
"Yo,····· how's it goin'?····· I wanna hear good things.",
···*aaaaaaaaaaa*··········I'm pooped...··· Is it bed time yet?,
Hi.·········· Thank you for coming to visit me.,
Hello again.······· Productive day?,
"Morning,····· sleepy head!",
*aaaaaaaacc*·········· Not baaaaaaad...····················· But I'll have to give you some pointers next time.,
Uhhh...··*hahaha*······· hi...,
You better not tell anybody I was here!,
Morning.····· Sleep well?,
"*hahahahahaha*····· Uh, Hi...",
*cccccccc*·····Do we really have to get up?····· Let's just stay in bed...,
Good morning...·····*hahahaha*,
Well!·····*aaacc*····· At least I know I don't have to teach you anything about THAT!,
···Hey sleepy head!·· Get out of bed!·····,
I appears I may have underestimated human sexual capacity.,
It appears·· I owe Kyu·· an·· apology.············ She was right about you after all...,
You know you snore like a wild bear?··*hehehe*·······*hh*···,
Morning...·· big guy.,
Morning... you sexy thing you.,
Morning!····· Thanks for letting me stay over last night.,
"I...····· uhhh...····· whatever!····· Move,····· I need to get ready.",
*hahahahaha*·····I think I'm still a little sore from last night.,
Morning...··············· what?·········· What's that look about?,
Wow!·····*hmmm*······· I underestimated you last night.······· I usually have to fake it.,
*cccccccc*·····Your bed is like a dream.····· I feel so rested and relaxed.,
"Sooo,····· fairies?········ Better than human girls,····· am I right or am I right?",
···Good morning...····· I like seeing your face when I wake up.,
I could become accustomed to this...····· there's no hurry to get back home.,
You are everything I had hoped you would be...,
I like your bed...····· I wish I could have a lazy day and sleep in today...,
*hahahahaha*····· It took forever to find my bra this morning.····· How did it end up across the room?,
"Okay,····· we········ definitely········ have to do that again...····· soon.",
"Hey,·········· we can hang out again,····· like this.········ Or whatever,····· I don't care.····· Do what you want.",
I had a··· re*eeee*ally good time last night.·········· Feel free to invite me out again anytime.,
Hey...····· last night was really nice.··············· I'm glad I stayed over...,
"*hahahaha*···*hah*···You realize,····· this makes you my official plaything,····· hmm?",
"Hey...············· *aa*ummmmm,··············· last night was...············· I don't know...·········· I don't even have words for it...··········*hahahaha*",
*aaaaccc*·····Thanks for the sex homie.,
···*aaaaaaaacccccc*·············Awwww is it morning already?·····,
"I apologize if I lost my composure last night.····· You just,············· do things to me...···",
"In·· all·· my·· years,·········· I never thought I'd meet the man that was truly worthy of me...",
"In·· all·· my·· years,·········· I never thought I'd meet the woman that was truly worthy of me...",
inventory full,
"Man,········ you have····· a lot of stuff!··············· Don't you want to make some room in your inventory?",
"Jeeeeeeeeeeezzz,······· look at all this shit in your inventory.····· Hoard much?",
"Uhhhh,····· dude,····· your inventory is packed····· to the brim.······· You should make some room in there!",
"Oh my god,·········· your inventory·· is a·· fuckin'··· mess.·········· Could you maybe clean that out?",
Oops!····· It seems that your inventory might be full.············ Do you want to take a look at that?,
"Ummmm,····· you gotta do something about that inventory.········ It's like, overflowing.",
"Dear,·········· you have too many items in your inventory.·········· Can you make some room for me?",
Whoops!·········· It looks like you have too many things taking up space in your inventory...,
You gotta do something about that inventory.····· It's getting a little outta hand.,
"Oh,··· master!············· Your inventory has too many stuffs in it!····· You gotta throw some away!",
·····It appears your inventory has too many things in it.····· Anything you can part with?,
"Would you please deal with your inventory?············· Honestly,····· how many things do you need?",
is too hungry,
I am sooo hungry right now...,
I'm pretty fuckin' irritable when I'm hungry...,
"Yo,····· you hungry?····· I know I am.",
"So,····· I'm like··· starving,········ like,····· to death.·········· It's kind of a problem.",
"Hey, I'm sorry, but··· can we grab a bite?····· I'm starving.",
"I'm sooo fuckin' hungry;·········· like,·· starving.",
Can you get me something to eat?····· Pretty please?·····,
I feel like I can't remember the last time I've eaten...,
Maybe some candy or something might be nice.,
Mmmmm...····· I'm hungry...,
I'm running a little low of fuel here.,
I'm feeling rather undernourished.·················· What do you intend to do about it?,
I'm think I'm gonna pass out if I don't get something to eat.,
Please put food into my face.,
It feels like I haven't eaten anything in like a hundred and fifty years.,
"If I don't get some food,····· like········ right now,········ I'm gonna punch somebody in the dick.",
"If I don't get some food right now,········ I'm gonna punch somebody in the cunt.",
"I have got to get something inside me...····· Food,··· I mean.",
You're not hungry?·········· I gotta get something to eat.,
I'm hungry...,
"Hmm,····· I'm hungry.···················· Do you want to maybe grab something to eat?",
"Check the appetite meter.····· See anything that might··*ccc*,····· I don't know,····· be an issue?",
My tummy is growling.····· I think it's mad at me...,
"I need to find a source of energy, fast.···",
We won't be doing anything else until I get something to eat.,
All I can think about is food...,
Can we get something to eat first?,
"I'm starving over here.·········· Let's go eat,····· like,····· anything.····· Like,····· everything.",
Make yourself useful····· and go get me something to eat.,
I'm feeling a little lightheaded.····· I should eat something.,
"Instead of that,····· let's eat something.",
Why don't you treat me to some food?······· Hmm?········,
I think my tummy is speaking to me.·········· It says:····· feed··· me*eee*!········*hahahahahaha*·····,
"Okay,····· seriously?············ I'm gonna need you to put some food directly into my face hole.",
"Master,············ when are we going to eat? Huh?",
Do you have any food on you?··· I'm starving.,
You really need to address my hunger issue before we can proceed.,
tiffany panties,
"Aw shit········ are these cute or what?····· All pink and frilly;····· what a sweetheart,····· that girl.",
aiko's panties,
"Oh··· my god··· are these Aiko's?····· Fuck,····· I have such a massive girl boner for her.",
kyanna's panties,
Sweeeet.····· These haven't been washed in weeks;···*ccc*··· just the way I like 'em!,
audrey's panties,
"Ahhh,····· the mega bitch.····· You wanna know the crazy thing about her?····· She was a virgin before you.····· Go figure.·····",
lola's panties,
Oooohh!········ I like··· these!·········· You think she would mind if I tried them on for a little while?,
nikki's panties,
Gray?·················*cccccc*········ I should have figured a girl like that would wear boring underwear.,
jessie's panties,
"Mmmm,······· the porn·· star.··············· Your junk start to itch yet?··················*hahahaha*··· I'm just fuckin' with ya,··· she's clean.",
beli's panties,
"These are panties?········ This is like a string...········ That Beli girl is a closet freak,··· I'm telling' ya.",
kyu's panties,
Thanks!····· I was looking for those.····· Not really though.····· I knew you had 'em ya sick perv.,
momo's panties,
"Beastiality········ huh?··············· Hey,····· I'm not judging;····· gotta do what you gotta do.",
celeste's panties,
Isn't it weird that a being from another planet has basically the same reproductive system?,
venus' panties,
"I still have no idea how you managed to get Venus in bed,····· but,··· I'm damn proud of it!",
all panties,
"Alright!····· That's it,····· that's twelve pairs of panties.········ ""Alpha Mode""··· activated!····· Good Luck!",
tissue box,
"I guess you won't be having much need for these anymore····· huh?········*hahahaha*····· Here,····· I'll trade you for this!",
special,
Ahh!,
Not bad!,
Right on!,
*aaaacc*···Okay...,
Not too bad!···,
·····Yay!,
Wow!,
"Okay, okay!",
Amazing!,
Incredible...,
Hahahahahahaha!,
Okay!,
Hahahahaha!,
Whatever!,
···Excellent!···,
Hahahahahaha!,
Hehehe!·····*hah*,
Hahahaha!,
Hehehehehehe!,
Exceptional...,
Impressive...,
Awesome!,
Nice!,
Hehehe···hehe!,
Don't get smug!,
You're good!,
"Alright, alright.",
Oh my gosh!,
Oh my!,
Noice!,
Mmmmm!,
Outstanding!,
Yeah!,
Yes!,
Sweet!,
Hehehehe!,
Impressive!,
Pretty cool!,
"Mmm,··· I love this!",
Wonderful!,
Like a bawse!,
Hurray!,
Stellar!,
Lovely!,
Aw yeah!,
Alright!,
Annnd?,
"Aw,··· nice!",
That's my baby!,
Excellent!,
Respect!,
Yay!,
Very impressive.,
Splendid!,
broken,
Whaaat!?,
"Hey, fuck you!",
Dude... seriously right now?,
What the FUCK!?,
Don't be a dick!,
"Just,··· no.··· Not ever.",
"No,·········· I'm sorry,·· but that is NOT sexy.",
That wasn't very nice!,
Are you for real right now?,
··What did I do wrong?,
I'd ask you to refrain from that!,
How dare you!,
"Oh,··· come on!",
Could you please not do that?,
"Hey, cut that out!",
"Ughh,····· of course!",
That's not funny!,
Of·· fuckin'·· course!··,
Hey!····· YOU asked ME out!,
*aaaacc*·····Why!?,
I can't even...····· I just can't...,
···Master!·· Why!?,
What is your excuse for THAT?,
*aaaacc*····· I'm insulted!,
"Ughh,····· seriously!?",
God dammit!,
Shit!,
You fuckin' moron!,
What's the matter with you!?,
Could you please drop that shit?!,
What did I do to deserve that!?,
Could you PLEASE not do that?,
Oh my god!·· Fail!,
···Heeey!····· That's not very nice!,
I don't understand...,
What!?····· Unacceptable!,
first,
*ccaacc*,
*ccaacc*·····*ccaacc*,
*ccaacc*·····*cccc*,
*hahahahaha*,
*ccaacc*···*ccaacc*,
*cccccc*·····*cccc*,
second,
*ccaacc*·····*baby*,
*ccaacc*··*cccc*,
third,
*ccaacc*···*cccc*··*cccc*,
*mmm*··*ccaacc*,
*cccccccc*,
fourth,
*cccccc*,
*ccaacc*···*cac*,
climax,
"*cac*··*cac*··*cac**ccaacc*·····*yes,··· more*·····*ccaacc*·····*ccaacc**ccaacc**ccaacc**ccaacc**ccaacc*",
*ccaacc*···*ccaacc*········*ccaacc*··········*ccaacc*············*ccaacc*···············*ccaacc*···············*ccccaaaaaaaaaaaaaacccc*···············,
*ccaacc*·····*cac*···*ccaacc*···*ccaacc*···*cccaaaaccc*·····*ccaacc**ccaacc**ccaacc**ccaacc**ccaacc**ccaacc**ccaacc*,
*caac*·····*cccaaacc*···*caac*···*ccaacc*·····*ccaacc*·····*ccaacc**ccaacc**ccaacc**ccaacc**ccaacc**ccaacc**ccaacc*,
*ccaacc**ccaacc*·····*ccaacc*·····*ccaaccccaacc**ccaacc**ccaacc**ccaacc**ccaacc**ccaacc**ccaacc**ccaacc*,
*ccaacc*···*ccaacc*·····*ccaacc*·····*ccaacc*·····*ccaacc*···*ccaacc*···············*ccccaaaaaaaaaaaaaacccc*···············,
"*oh my god,····· yeah*·····*ccccmmmm*·····*ccaacc*·····*ccaacc*·····*ccaacc**ccaacc**ccaacc**ccaacc**ccaacc**ccaacc*",
*caac**cccc*···*cccc**cccc*···*aaa**aaac**ccaacc**ccaacc**ccaacc**ccaacc**ccaacc**ccaacc*·····,
*ccaacc*··*cac*···*caac*·····ohhh yeah·····*ccaacc**ccaacc*·····*ccaacc*·····*ccaacc*·····*ccaacc*·····,
*ccaacc*·····*ccaacc*····*caac*·····*cccaaaaccc*·····*cccaaaccc*·····*ccaacc*·····*ccaacc**ccaacc**ccaacc**ccaacc*,
*ccaacc*·····*caac*·····*doont stoop*··*cccc*··*caac*·····*ccaacc**ccaacc**ccaacc**ccaacc**ccaacc**ccaacc**ccaacc*,
*ccaacc*···*ccaacc*···*ccaacc**ccaacc**ccaacc*···*ccaacc*···············*ccccaaaaaaaaaaaaaacccc*······························,
Enjoy the rest of your day!,
Swing by the campus later and keep me company.,
"Okay,····· have a super awesome day!",
"Uhhh...····· yeah,····· okay.····· Bye...",
Have a good day.,
Take it easy.,
"Awwww,····· I'll miss you!",
"Take care out there,····· okay?",
Make me proud!,
"···Awwwwww,····· come and see me later okay?",
I hope to see you again soon.,
Off you go then!,
I'll see you later!,
"Yeah,····· I should be going too.",
"Aw man,····· is it that time already?",
Be seeing you!,
"Uhh,····· okay.····· See ya later.",
Leaving...····· so soon?,
Yes!·········· Time to get this day underway.,
Later dude!,
Later girlfriend!,
···Kay.····· Have a super good day!,
Keep yourself busy out there!,
Shit is it that time already?····· Oops!,
Enjoy your day.,
Knock um' dead out there!,
Okay!····· I should really be going soon too.,
Don't get into any trouble out there.·· That's my job.···*hahahaha*·····*hah*,
Have a great day!,
See ya later superstar!,
···See ya later alligator!,
I'll be keeping my eye on you.,
Peace!,
"Yup, take care.",
"Sounds cool,····· have a good one.",
Later!,
Take care!,
"Okay,····· later.",
I'll be thinking about you!,
Until next time!,
Keeps it real.,
··Bye bye!,
Farewell!,
Catch ya later!,
Be a good boy out there.,
Be a good girl out there.,
Catch you on the flip flop!,
*aaaacc*·····Finally...,
"I'll talk to you later,·· then?",
See ya.,
Okay...····· come and see me real soon.,
I hope to see you soon!,
Keep your head in the game!,
···Mmmmm...····· okaaaay...····· miss you!,
"Yes,····· of course.·········· Goodbye then...",
"Yeah,····· I should really be leaving too.····· See ya!",
"Hopefully,····· I'll see you later?",
Deuces!,
"Fine,····· whatever.",
Bye!,
I guess I'll be seeing you around then?,
"You stay away from all those younger girls out there,····· okay?",
Enjoy!,
I'll be around if you need me!,
···Kisses!·····*aacc*,
I'll look forward to our next encounter.,
Buh-bye!,
"Don't be a stranger,·· okay?",
Take it easy!,
Take care of yourself.,
Bye.,
Bye bye sweetie.,
Bye bye!,
Stay focused!····· Don't loose your cool.,
···Goodbye!·····,
Come and visit me anytime.,
Until next time...,
"Psssh, I see how it is!*hehe*·····",
Byyyyyeee.,
Get at me later.,
Alright then!,
Peace.,
Kisses!,
Take care of yourself!,
Go get her!,
"···Take care, okay?",
I'm anticipating our next meeting.,
Toods!,
Alright.······· Don't party too hard tonight!,
"Alright dude,····· I'll see you later.",
I guess I'll be seein' ya...,
Have a good evening.,
"Enjoy the rest of your night,····· if·· you can.",
Have a pleasant night.,
···Mmm·····kaaay...····· Now I have to figure out what I'm gonna tonight...,
Leaving already.····· Alright...,
Goodbye for now.,
Goodnight!,
"Try to keep those dreams about me under control, alright? *hahahaha*",
"You're just leaving,····· like that?····· Fine.",
Goodnight.,
Night.,
Sweet dreams...,
"Alright,····· rest easy!",
"Get some rest,····· you deserve it.",
···Night night!·····,
"Rest easy,····· okay?",
I trust I'll be seeing you tomorrow?,
Have a good night!,
"Awwwwww,····· really?",
"You're leaving already?····· Awww,····· come see me tomorrow!",
"Please,····· you'll be back.",
Sleep well.,
"Okay, cool.······· Maybe I'll see you tomorrow?",
But...····· who's going to keep me warm tonight...?,
"Mmmm,····· sleep well!",
Byyyyeee...····· Love ya to pieces!,
···Sleep tight!····· Don't let the bed bugs bite!···,
*aaaaccc*·····*cccc*·····I should be getting to sleep too.·····,
"Okay,··· cool.········ Maybe I'll see you tomorrow?",
Have a good night.,
Conking out so soon?····· You baby!·····,
Fair enough.····· Night!,
"Ughh,··· me too.······· I need to go home and pass out...",
"Ohhh,············ alriiight.·········· You better come visit me tomorrow!",
Good night!,
"Good work,····· bring it in for today.",
···Byyyeee...····· I'll be dreaming of you!·····*hahahaha*,
Have a pleasant night...,
query duplicate,
You jerk!·········· I already told you;····· you don't remember?,
"Ugghhh!········ If you ever listened, you'd know I already told you that.",
Oh...····· didn't you already ask me that?,
Forgot already·· huh?····· Well··· I'm not telling you again.,
You may have already asked me that...,
I'm not going to answer the same question twice.,
"You're not going to make me repeat myself,····· are you?",
"I don't mean to be rude,········ but······· I think you've asked that before.",
*aaaaacc*·····Already asked that one.,
"···*haha···cmcm*·····You silly,····· you already asked me that before!",
I've already given my response to that question.,
How dare you ask me to repeat myself!,
Ah-ha!········ Got you!······· You've already asked me that.····· Pay attention!,
"Hey, Einstein!····· You already asked that.",
I'm pretty sure you've asked me that before...,
You're·· such··· a moron.·········· I answered that question already.,
I believe I've already mentioned that to you...,
Orrrrrr····· you could try asking me a new question.,
"Ummm,······· sweetie...············· you've already given me that question.",
Deja Vu...·········· did you already ask me that?,
What's the matter?····· Couldn't get it the first time you asked that question?,
···That's cheating!····· You can only ask a question one time.,
Can you please refrain from asking the same question more than once.···,
You have your answer to that question already...,
I could swear I've already told you that...,
I'll give you a second to try and remember that last time I answered that...,
"Come on dude,····· you should already know that!",
How about asking me something··· you haven't asked?,
I seem to remember answering that question before...,
You honestly don't remember asking me that before?,
We've covered that.····· Ask me something different!,
I've already told you!····· Nope!····· You have to remember!·····*hahahaha*,
You know you're not supposed to ask the same question twice.,
···That's boring...····· I already answered that one!,
You've already asked me that question.,
Is this a game?·········· I've responded to that question before.,
query intro,
What's shakin' bacon?,
Something I can help you with?,
What?,
What's cooking good lookin'?,
What's on your mind?,
You can ask me anything you like...,
What can I do for you?,
What's good playa?····· Talk to me*ee*.,
···Is there anything I can do for you master?,
"Please,····· ask anything you'd like.",
"Go ahead,·········· you may ask me one question.",
Somethin' on your mind?,
Yeeeess?,
"Go ahead,····· ask me anything!",
"If you're gonna ask,····· just ask.",
Yes?,
"Ummmmm,····· soooooo,····· yeeeaaahhh...",
"Something you need from me,····· sweetie?",
I get the sense something's on your mind.,
Hmmm...····· what've you got rattling in that little dome of yours?,
···I'm booorred!····· Ask me a question!,
I'm sure you must be curious about me...,
Make it quick...,
What do you wanna know about me?,
Mmmhmmm?,
Did you wanna say something?,
Yeah?····· Out with it.,
Ask me something about myself!,
Anything you wanna talk about?,
Is there··· anything else you'd like to know about me?,
You look like you have something to say...,
You need something?····· Spit it out.,
···Oookaay!············· What do you wanna talk about?··· Hmm?,
Is there anything you'd like to know about?,
I'm··· listening...,
question bad choice 1,
Oh...····· really?,
*hahahahahahahaha* You wish!,
"*hahahahaha*·····Awww,··· you don't mean that...",
"Ummmm,····· yeah,····· no.",
*hahahaha*·····Nice try!,
"Yeah,··· I·· guess that's true.",
"Ohhh,····· well that's...····· nice.",
Well if thats the way you feel...,
question bad choice 2,
I see...,
Hah!····· What a load of shit.,
I'm surprised to hear you say that!,
FUUUCK that shit.,
*hahahaha*·····Stop it!,
*aaaacc* Never mind...,
"Awww,····· baby,····· that's no fun.",
"Hmm,·········· I don't think I've ever looked at it that way.",
question bad choice 3,
That's cool...,
········*aacc*···Pathetic!,
Oookaaaaayyy...,
Figures you would say that...,
"Mmmm,····· to each their own.",
"What!?····· No,····· you're bullshitting me.",
That's really how you feel?····· I see...·····,
*aaaacc*·····That's terrible!,
question bad choice 4,
Hmmm...····· you think so?,
"Yeah,········ I had you figured like that.",
What!?*haha*····· You're such a jerk!,
What the fuck is that supposed to mean?,
"Alright,····· fair enough.",
"Oh,····· okay.····· That's cool.",
*hahahaha*·····*eee*·····I have a hard time believing that one.,
Hmmmmmm...,
question bad choice 5,
I'm not so sure about that.,
Boooooorrring!,
"Hey man,····· whatever floats your boat.",
"*hahahaha*·····Oh my god,····· are you serious?",
"Ahhh,····· what?····· I hope you're not serious.",
"Eww,····· I'm sorry I asked...",
What?····· I wasn't expecting that from you.,
Mmmmmmm...,
question bad choice 6,
Pssssh!*hehe* You're such a liar!,
"··········*hahahaha*·····*haha*···Oh my god,····· I hope you're not serious!",
"Yeah,····· I suppose that makes sense...",
"Ughh,····· gaaaayy!",
"Awwww!····· Nooo,··· come on!",
"Uhhhh,····· yeah····· I'm not sure I agree with that...",
Really now?··············· I didn't take you for one of those types.,
"No,·········· I don't think that's true.",
question bad choice 7,
You jerk!,
"Ughh,····· you're such a pig.",
*hahahahaha*··········Get the fuck out of here with that shit!,
"Yeah,····· Okaaay!",
"That's true,·· that's true.····· You can't deny that.",
"Ummmm,····· okaaaay...?",
Yeeaahh...····· I suppose that's true...,
I suppose I can't argue with that.,
question correct,
Ha!···*ccc*··· Too easy!····· I'll getcha next time.,
···Yeah that's it!····· How'd you know?,
That is correct.,
You're not as dumb as you look.,
Of course.····· How could you forget?,
"···Mmmhmm!····· Yep, yep, yep!",
That is right.····· Very good.,
"Okay,····· that's one.·····*ccaacc*····· But there are more where that came from.",
Nice.····· I expected nothing less.,
···Wooow!····· You're really good at cats!,
You're smarter than I thought.,
"Surprisingly,··· yes,······ that's it.······· Well done.",
question incorrect,
"The fuck?····· No,····· that's not even close.",
···Nooooo··· silly!·········· Don't you know anything about kitties?,
"Sorry,····· that is incorrect.",
Evidently I've given you too much credit.,
How don't you remember that?,
···Master you need to brush up on your cat knowledge.,
I'm afraid that's not the answer.,
I'm sure these girls would be thrilled to know you can't remember the smallest things about them.,
"Ummmmm, not quite.",
···Wait...····· is that right?····· No... I don't think so.,
*aaaaccc*·····Typical earthling...,
How did you ever get this far with answers like that?,
question intro,
Hey!····· Question...,
"So, hey,··· question...",
"Hey,····· question for ya!",
"So,····· here's a question...",
"Not to put you on the spot,···· but··· I wanna know something...",
"So,····· maybe this is kinda personal,····· buuut...",
"Okay,······· sooo,·········· I've got a question for you...",
I'm trying to think of a question to ask you...·········· Oh!······· I've got a good one!,
"Alright,····· let's review some of the basics...",
···Time for a kitty quiz!,
Let's see what you know about the world beyond your planet...,
Let's find out how observant you've been...,
"You know,····· I've kinda been wondering...",
I've got a question for you...,
"Soooo,·········· I've been thinking...",
"Since you're here,····· you can answer this for me...",
"Alright,····· answer me this...",
"I don't mean to pry or anything,····· but I've gotta ask...",
"Well what should I ask you...····· Ohhh,····· I've got one.·····",
Would you mind if I asked you something?·········· I'm curious...,
I wonder how much I've rubbed off on ya...····· Let's see...,
···Ready for a kitty question?,
I'm curious to know how much you really understand...,
Have you been paying much attention to your dates...?,
I wanna ask you somethin'...,
Let me ask you something...,
"Oka*aa*y,·········· I want to know something...",
You know what I'm kinda curious about?,
"Ummm,······· do you mind if I ask you a question real quick?",
"Baby,····· I'm curious...",
I'm interested in knowing what you think about this...,
Incoming question!,
"···I know more about cats than you!····· See,··· I'll show you...",
I wonder...····· just how intelligent are you?,
Now for a true test of your memory...,
So I've been curious what you think about this...,
Give me your honest answer...,
"What was I going to ask you again?...····· Oh,··· right!",
You know what I've been wondering...,
I just had a really good question in my head...····· shit...·········· Wait!····· Got it!,
"This is kind of a stupid question,····· but I guess I'll ask it anyway.",
"So,·········· tell me something...",
I have a question for you!·········· Take your time answering.,
Oh here's a question for ya!,
···Let's see how much you know about kitties!,
"I have question for you,····· so I hope you're prepared.",
You're going to have to think about this one...,
Question time!,
I've been wondering something...,
I'm just curious...,
Question for ya...,
Mind if I ask you a question?,
Is it cool if I ask you something?····· I been thinking...,
"Sooo,··········*ccc*··· I'm dying to know something right now...",
I've been wondering about something lately...,
You might have to reach back for this one...,
···I'll teach you about kitties!····· Mmkay?,
Time to examine your knowledge of the universe...,
I wonder what you actually remember about the girls you've conquered...,
quiz correct,
"Awww,····· you remembered!",
"Well I'll be damned,····· you got it.",
Yep!····· You got it!,
Holy··· shit!·········· You actually got it right!,
Holy shit! She actually got it right!,
You have a pretty solid memory!,
"Hmm,····· cool.····· Sorry I doubted you.",
"Ohhh!····· Baby, you did remember!",
"Good job!············· I have to say,····· I'm impressed!",
Now that's what I like to see!,
···Yessss!····· You got it!,
Excellent.····· You remember.,
Veeery goood...,
Hmmmm...········ lucky guess!,
"Alright,··· alright.····· You got lucky this time.",
*hahahahaha*·····For a second I wasn't sure you were gonna get it!,
"Whatever...····· good job,····· what do you want,····· a cookie?",
Good job!·····*hahahaha*,
I guess should have given you the benefit of the doubt.,
"Yeah,····· that's actually right...····· You're not like the others...",
*hahahaha*·····Yep!····· You got it!,
"Oh, like you didn't just look it up on the internet!",
···Mmmhmm!·····*cmcm*,
I'm flattered that you haven't forgotten.,
"I must say,·········· I'm impressed...",
Wow!····· You got it.····· Most guys would have forgotten by now.,
Wow!····· You got it.····· Most girls would have forgotten by now.,
"Mmmmmm,···················· I guess I underestimated you.",
"What did you do,····· write it down?",
Hey you remembered!····· You're sweet.,
"Nope...····· wait,·· no,·· that's actually right.····· Wow...",
I'm··· impressed!············· Most guys just freeze up when I ask them something like that.,
I'm··· impressed!··············· Most chicks just freeze up when I ask something like that.,
Awwww!········ You do care...,
"Pssssh,··· that was a softball question!",
···Yea!····· You remembered it!,
"Hmmmm,······· I'll have to ask harder questions.·····*hehehe*",
*aaaaacc*····· Well anybody could have gotten that.,
quiz incorrect,
"Aw,····· come on!····· I know I've told you before.",
*aaaaacccc* Figures...,
Duuuude!····· Really?,
"Surprise,····· surprise.····· Wrong again!",
Ahhhhhh...,
Oooof course...,
Is that really your honest answer...?·····*cccccc*·····,
"Oh...·········· well,····· I suppose I can't expect you to remember everything...",
The only problem with that answer··· is*iiss*····· that it's not the right one.,
"···Master!··· You silly,·· that's not the answer!",
"No,····· unfortunately that isn't the correct answer.",
Ha!··············· Not so good after all...,
"Psssh,····· I see how it is.",
Faaaaaiiillll!,
Nope!····· Afraid not.,
"Ughh,····· fuck you,····· you dickhead.",
"Noooo,····· not exactly...",
"Ooo·····kaaaaay,····· well I guess I was right about that...",
"That's okay...····· you were...····· kinda close,····· at least...",
No...············· that isn't it...,
*aaaaoooo*··You're·· so·· dumb...·····,
···What?····· You didn't forget did you master!?,
It seems that your memory has failed you...,
*aaaaaacccc*····· Just as I was expecting...,
Really...?····· Seriously?,
Congratz!······· You're wrong!,
Nooooo...!····· You're just joking right?····· You know that's not the right answer?,
You've got to be kidding me...,
Wrong!····· Better luck next time.,
Terrible...,
*aaaacc*··I'm heartbroken!,
"I see...············· That's alight,····· I shouldn't have even asked.",
*aaaaccc*·····What am I gonna do with you?,
···Awwwwwww...····· but how come you forgot?,
You would really do better to remember these things...,
*aaaaaacc*····· How...····· disappointing...,
quiz intro,
I wonder if you'll remember this...,
Pop quiz!,
"Alright big shot,····· let's see if you can answer this...",
"Okay,····· here's an asshole test...",
Hmmm...····· I wonder if you've been paying attention...,
"I kinda doubt you'll get this,····· but·· I'm gonna ask anyway...",
I'm curious whether or not you've been paying attention to me...,
I want to ask you about a prior conversation.,
You know what time it is?····· Quiz··· time!·····,
···I know!····· I'll ask you a question about me.,
I'm going to test your knowledge...·· of me.,
Alllrrriiiiight...····· let's see just how good you······· really are...,
I wanna find out how much you know about me.,
Let's find out if you've actually been listening to me...,
Surprise question!,
Don't EVEN get this question wrong...,
"Oh,····· this is gonna be fun.····· I'm gonna quiz you!",
"Don't freak out,····· but·· I wanna see if you remember something...",
Let's play a fun game!····· It's called····· make Jessie happy!,
I'm curious to find out if you'll remember this...,
I hope you've been studying!·· Because it's time for a teeeessst!·····,
···Let's play the question game!··· It's really fun!···,
Let's find out how strong your memory is...,
This ought to be··· illuminating...,
"Question!·········· And I'm not giving you any hints,··· so don't ask!",
This ought to be good...,
I've got an idea.····· I'm gonna quiz you.····· It'll be fun!,
This should be good for a laugh...,
Get ready for a surprise test!,
I wanna ask you about something we talked about before...,
"Ohhh··· no,····· you're in trouble now!*hhmmm*·········· Quiz time!",
I want to know how interesting I am to you...·····*hahahaha*,
You best not get this question wrong...,
···I wanna know how much you remember about me!,
I want to see if you've been retaining the information I've shared with you...,
I can't wait to hear what you come up with for this...,
Flute,
[[Talent]talent] token matches give an additional +100% Affection.,
Drums,
[[Talent]talent] token matches give an additional +200% Affection.,
Trumpet,
[[Talent]talent] token matches give an additional +300% Affection.,
Banjo,
[[Talent]talent] token matches give an additional +400% Affection.,
Violin,
[[Talent]talent] token matches give an additional +500% Affection.,
Keyboard,
[[Talent]talent] token matches give an additional +600% Affection.,
Sun Lotion,
[[Flirtation]flirtation] token matches give an additional +100% Affection.,
Stylish Shades,
[[Flirtation]flirtation] token matches give an additional +200% Affection.,
Flip Flops,
[[Flirtation]flirtation] token matches give an additional +300% Affection.,
Beach Ball,
[[Flirtation]flirtation] token matches give an additional +400% Affection.,
Big Beach Towel,
[[Flirtation]flirtation] token matches give an additional +500% Affection.,
Surfboard,
[[Flirtation]flirtation] token matches give an additional +600% Affection.,
Buttery Croissant,
[[Romance]romance] token matches give an additional +100% Affection.,
Fresh Baguette,
[[Romance]romance] token matches give an additional +200% Affection.,
Fancy Cheese,
[[Romance]romance] token matches give an additional +300% Affection.,
French Beret,
[[Romance]romance] token matches give an additional +400% Affection.,
Accordion,
[[Romance]romance] token matches give an additional +500% Affection.,
Wine Bottle,
[[Romance]romance] token matches give an additional +600% Affection.,
Hot Wax Candles,
[[Sexuality]sexuality] token matches give an additional +100% Affection.,
Silk Blindfold,
[[Sexuality]sexuality] token matches give an additional +200% Affection.,
Spiked Choker,
[[Sexuality]sexuality] token matches give an additional +300% Affection.,
Fuzzy Handcuffs,
[[Sexuality]sexuality] token matches give an additional +400% Affection.,
Leather Whip,
[[Sexuality]sexuality] token matches give an additional +500% Affection.,
Ball Gag,
[[Sexuality]sexuality] token matches give an additional +600% Affection.,
Ear Muffs,
The maximum [[Passion]heart] level increases to 6 and [[Passion]heart] token matches give an additional +100% [[Passion]heart].,
Warm Mittens,
The maximum [[Passion]heart] level increases to 8 and [[Passion]heart] token matches give an additional +200% [[Passion]heart].,
Snow Globe,
The maximum [[Passion]heart] level increases to 10 and [[Passion]heart] token matches give an additional +300% [[Passion]heart].,
Ice Skates,
The maximum [[Passion]heart] level increases to 12 and [[Passion]heart] token matches give an additional +400% [[Passion]heart].,
Snow Sled,
The maximum [[Passion]heart] level increases to 14 and [[Passion]heart] token matches give an additional +500% [[Passion]heart].,
Snowboard,
The maximum [[Passion]heart] level increases to 16 and [[Passion]heart] token matches give an additional +600% [[Passion]heart].,
Bandages,
The penalty for matching [[Broken Heart]broken] tokens decreases to 11% of your current Affection per [[Broken Heart]broken] token matched.,
Stethoscope,
The penalty for matching [[Broken Heart]broken] tokens decreases to 10% of your current Affection per [[Broken Heart]broken] token matched.,
Medical Clipboard,
The penalty for matching [[Broken Heart]broken] tokens decreases to 9% of your current Affection per [[Broken Heart]broken] token matched.,
Medicine Bottle,
The penalty for matching [[Broken Heart]broken] tokens decreases to 8% of your current Affection per [[Broken Heart]broken] token matched.,
First-Aid Kit,
The penalty for matching [[Broken Heart]broken] tokens decreases to 7% of your current Affection per [[Broken Heart]broken] token matched.,
Nurse Uniform,
The penalty for matching [[Broken Heart]broken] tokens decreases to 6% of your current Affection per [[Broken Heart]broken] token matched.,
Snake Flute,
Power tokens multiply the Affection earned from a match by x1.75.,
Jeweled Turban,
Power tokens multiply the Affection earned from a match by x2.,
Feather Fan,
Power tokens multiply the Affection earned from a match by x2.25.,
Scarab Pendant,
Power tokens multiply the Affection earned from a match by x2.5.,
Antique Vase,
Power tokens multiply the Affection earned from a match by x2.75.,
Golden Cat Statue,
Power tokens multiply the Affection earned from a match by x3.,
Poker Chips,
The chance of generating a power token increases to 30% for 4-of-a-kind matches and 80% for 5-of-a-kind matches.,
Lucky Dice,
The chance of generating a power token increases to 40% for 4-of-a-kind matches and 90% for 5-of-a-kind matches.,
Playing Cards,
The chance of generating a power token increases to 50% for 4-of-a-kind matches and 100% for 5-of-a-kind matches.,
Dealer's Cap,
"The chance of generating a power token increases to 5% for 3-of-a-kind matches, 60% for 4-of-a-kind matches and 100% for 5-of-a-kind matches.",
Roulette Wheel,
"The chance of generating a power token increases to 10% for 3-of-a-kind matches, 70% for 4-of-a-kind matches and 100% for 5-of-a-kind matches.",
Slot Machine,
"The chance of generating a power token increases to 20% for 3-of-a-kind matches, 80% for 4-of-a-kind matches and 100% for 5-of-a-kind matches.",
Stuffed Bear,
Convert all [[Broken Heart]broken] tokens into [[Passion]heart] tokens.,
Kyu Plushie,
Doubles the current [[Passion]heart] Level.,
Beer,
A classic light beer; just to get loosened up a little bit.,
Sake,
An alcoholic beverage from Japan made from fermented rice.,
Wine,
How the classy and sophisticated opt to get blasted.,
Champagne,
A fancy sparkling wine that's usually reserved for special occasions.,
Pina Colada,
"A special cocktail made with rum, pineapple juice and coconut.",
Daiquiri,
A mixed slushie-like drink with a kick of strawberry flavor.,
Mojito,
"A rum based drink mixed with sugar, club soda and mint leaves.",
Lime Margarita,
A mixed drink of tequila mixed with sugar and citrus lime juice.,
Martini,
A classic cocktail made from gin and garnished with an olive.,
Cocktail,
"A sweet drink made with lime juice, cranberries and crushed ice.",
Lemon Drop,
A sour vodka drink thats mixed with lemon juice and sugar.,
Whisky,
Straight up whiskey on the rocks; for the heavy drinkers.,
Decorative Pens,
A fine gift for a girl who's academically inclined.,
Glossy Notebook,
Notebook,
An excellent gift for a girl who's academically inclined.,
Graduation Cap,
A fabulous gift for a girl who's academically inclined.,
Textbooks,
A marvelous gift for a girl who's academically inclined.,
Girly Backpack,
An outstanding gift for a girl who's academically inclined.,
Laptop Pro,
A magnificent gift for a girl who's academically inclined.,
Old Fashioned Yoyo,
Yoyo,
A cool gift for a girl who's young at heart.,
Puzzle Cube,
A great gift for a girl who's young at heart.,
Sudoku Books,
An awesome gift for a girl who's young at heart.,
Dart Board,
A wonderful gift for a girl who's young at heart.,
Board Game,
A fantastic gift for a girl who's young at heart.,
Chess Set,
A spectacular gift for a girl who's young at heart.,
Water Bottle,
A cool gift for a girl who tries to stay in shape.,
Cardio Weights,
A great gift for a girl who tries to stay in shape.,
Skipping Rope,
An awesome gift for a girl who tries to stay in shape.,
Kettle Bell,
A wonderful gift for a girl who tries to stay in shape.,
Boxing Gloves,
A fantastic gift for a girl who tries to stay in shape.,
Punching Bag,
A spectacular gift for a girl who tries to stay in shape.,
Baby Binky,
A cool gift for a girl who likes to let loose and have fun.,
Bead Bracelet,
A great gift for a girl who likes to let loose and have fun.,
Glow Sticks,
An awesome gift for a girl who likes to let loose and have fun.,
Rainbow Wig,
A wonderful gift for a girl who likes to let loose and have fun.,
Fuzzy Boots,
A fantastic gift for a girl who likes to let loose and have fun.,
Fairy Wings,
A spectacular gift for a girl who likes to let loose and have fun.,
Tennis Balls,
A cool gift for a girl with a competitive streak.,
Tennis Racket,
A great gift for a girl with a competitive streak.,
Flying Disc,
An awesome gift for a girl with a competitive streak.,
Basket Ball,
A wonderful gift for a girl with a competitive streak.,
Volley Ball,
A fantastic gift for a girl with a competitive streak.,
Soccer Ball,
A spectacular gift for a girl with a competitive streak.,
Sketching Pencils,
Pencils,
A fine gift for a girl who's artistically talented.,
Paint Brushes,
An excellent gift for a girl who's artistically talented.,
Drawing Mannequin,
Mannequin,
A fabulous gift for a girl who's artistically talented.,
Sketch Pad,
A marvelous gift for a girl who's artistically talented.,
Paint Palette,
An outstanding gift for a girl who's artistically talented.,
Canvas & Easel,
A magnificent gift for a girl who's artistically talented.,
Baking Utensils,
A fine gift for a girl with an affinity for the culinary arts.,
Measuring Cup,
An excellent gift for a girl with an affinity for the culinary arts.,
Rolling Pin,
A fabulous gift for a girl with an affinity for the culinary arts.,
Oven Timer,
A marvelous gift for a girl with an affinity for the culinary arts.,
Mixing Bowl,
An outstanding gift for a girl with an affinity for the culinary arts.,
Oven Mitts,
A magnificent gift for a girl with an affinity for the culinary arts.,
Yoga Belt,
A fine gift for a girl who likes it hot and sweaty.,
Yoga Blocks,
An excellent gift for a girl who likes it hot and sweaty.,
Yoga Bag,
A fabulous gift for a girl who likes it hot and sweaty.,
Yoga Mat,
A marvelous gift for a girl who likes it hot and sweaty.,
Yoga Ball,
An outstanding gift for a girl who likes it hot and sweaty.,
Yoga Outfit,
A magnificent gift for a girl who likes it hot and sweaty.,
Tango Rose,
A cool gift for a girl who likes to move it to the music.,
Sweatbands,
A great gift for a girl who likes to move it to the music.,
Leg Warmers,
An awesome gift for a girl who likes to move it to the music.,
Dancing Fan,
A wonderful gift for a girl who likes to move it to the music.,
Pink Tutu,
A fantastic gift for a girl who likes to move it to the music.,
Stripper Pole,
A spectacular gift for a girl who likes to move it to the music.,
Synthetic Seaweed,
Seaweed,
A excellent gift for a girl with an aquatic pet preference.,
Synthetic Coral,
An fabulous gift for a girl with an aquatic pet preference.,
Tank Gravel,
A marvelous gift for a girl with an aquatic pet preference.,
Bag of Goldfish,
A fine gift for a girl with an aquatic pet preference.,
Fishy Castle,
An outstanding gift for a girl with an aquatic pet preference.,
Fish Tank,
A magnificent gift for a girl with an aquatic pet preference.,
Swimmers Cap,
A cool gift for a girl who doesn't mind getting a little wet.,
Goggles,
A great gift for a girl who doesn't mind getting a little wet.,
Snorkel,
An awesome gift for a girl who doesn't mind getting a little wet.,
Flippers,
A wonderful gift for a girl who doesn't mind getting a little wet.,
Lifesaver,
A fantastic gift for a girl who doesn't mind getting a little wet.,
Diving Tank,
A spectacular gift for a girl who doesn't mind getting a little wet.,
Flower Seeds,
A fine gift for a girl who isn't afraid to get her hands dirty.,
Garden Shovel,
An excellent gift for a girl who isn't afraid to get her hands dirty.,
Flower Pots,
A fabulous gift for a girl who isn't afraid to get her hands dirty.,
Watering Can,
A marvelous gift for a girl who isn't afraid to get her hands dirty.,
Garden Gnome,
An outstanding gift for a girl who isn't afraid to get her hands dirty.,
Wooden Birdhouse,
Birdhouse,
A magnificent gift for a girl who isn't afraid to get her hands dirty.,
Tissue Box,
Used for wiping your nose or cleaning up other various bodily fluids.,
Dirty Magazine,
Reading material that you only look at for the interesting articles.,
Weird Thing,
A strange device that appears to have sand stuck inside of it...,
Love Potion,
"Give this to a girl and you'll earn double Affection, [[Passion]heart], [[Moves]joy] and [[Sentiment]sentiment] during dates. In addition, matching [[Broken Hearts]broken] won't count against you.",
Tiffany's Panties,
The panties that Tiffany was wearing the first night she stayed over.,
Aiko's Panties,
The panties that Aiko was wearing the first night she stayed over.,
Kyanna's Panties,
The panties that Kyanna was wearing the first night she stayed over.,
Audrey's Panties,
The panties that Audrey was wearing the first night she stayed over.,
Lola's Panties,
The panties that Lola was wearing the first night she stayed over.,
Nikki's Panties,
The panties that Nikki was wearing the first night she stayed over.,
Jessie's Panties,
The panties that Jessie was wearing the first night she stayed over.,
Beli's Panties,
The panties that Beli was wearing the first night she stayed over.,
Kyu's Panties,
The panties that Kyu was wearing the first night she stayed over.,
Momo's Panties,
The panties that Momo was wearing the first night she stayed over.,
Celeste's Panties,
The panties that Celeste was wearing the first night she stayed over.,
Venus' Panties,
The panties that Venus was wearing the first night she stayed over.,
Double Hair Bow,
Hair Bow,
A unique gift for a cheerleader. Earn an additional +50% [[Hunie]hunie] while talking with her.,
Glitter Bottles,
An exclusive gift for a cheerleader. Earn an additional +50% [[Hunie]hunie] while talking with her.,
Twirly Baton,
A special gift for a cheerleader. Earn an additional +50% [[Hunie]hunie] while talking with her.,
Megaphone,
An exceptional gift for a cheerleader. Earn an additional +50% [[Hunie]hunie] while talking with her.,
Pom-poms,
A one-of-a-kind gift for a cheerleader. Earn an additional +50% [[Hunie]hunie] while talking with her.,
Cheerleading Uniform,
Cheer Uniform,
The perfect gift for a cheerleader. Earn an additional +50% [[Hunie]hunie] while talking with her.,
Chopsticks,
A unique gift for a japanese woman. Earn an additional +50% [[Hunie]hunie] while talking with her.,
Riceballs,
An exclusive gift for a japanese woman. Earn an additional +50% [[Hunie]hunie] while talking with her.,
Bonsai Tree,
A special gift for a japanese woman. Earn an additional +50% [[Hunie]hunie] while talking with her.,
Wooden Sandals,
An exceptional gift for a japanese woman. Earn an additional +50% [[Hunie]hunie] while talking with her.,
Kimono,
A one-of-a-kind gift for a japanese woman. Earn an additional +50% [[Hunie]hunie] while talking with her.,
Samurai Helmet,
The perfect gift for a japanese woman. Earn an additional +50% [[Hunie]hunie] while talking with her.,
Maracas,
A unique gift for a latina. Earn an additional +50% [[Hunie]hunie] while talking with her.,
Sombrero,
An exclusive gift for a latina. Earn an additional +50% [[Hunie]hunie] while talking with her.,
Poncho,
A special gift for a latina. Earn an additional +50% [[Hunie]hunie] while talking with her.,
Luchador Mask,
An exceptional gift for a latina. Earn an additional +50% [[Hunie]hunie] while talking with her.,
Pinata,
A one-of-a-kind gift for a latina. Earn an additional +50% [[Hunie]hunie] while talking with her.,
Vinuela,
The perfect gift for a latina. Earn an additional +50% [[Hunie]hunie] while talking with her.,
Cigarette Pack,
A unique gift for a party girl. Earn an additional +50% [[Hunie]hunie] while talking with her.,
Lighter,
An exclusive gift for a party girl. Earn an additional +50% [[Hunie]hunie] while talking with her.,
Glass Pipe,
A special gift for a party girl. Earn an additional +50% [[Hunie]hunie] while talking with her.,
Glass Bong,
An exceptional gift for a party girl. Earn an additional +50% [[Hunie]hunie] while talking with her.,
Blotter Tabs,
A one-of-a-kind gift for a party girl. Earn an additional +50% [[Hunie]hunie] while talking with her.,
Happy Pills,
The perfect gift for a party girl. Earn an additional +50% [[Hunie]hunie] while talking with her.,
Wing Pin,
A unique gift for an independant woman. Earn an additional +50% [[Hunie]hunie] while talking with her.,
Compass,
An exclusive gift for an independant woman. Earn an additional +50% [[Hunie]hunie] while talking with her.,
Pilot's Cap,
A special gift for an independant woman. Earn an additional +50% [[Hunie]hunie] while talking with her.,
Travel Suitcase,
An exceptional gift for an independant woman. Earn an additional +50% [[Hunie]hunie] while talking with her.,
Rolling Luggage,
A one-of-a-kind gift for an independant woman. Earn an additional +50% [[Hunie]hunie] while talking with her.,
High Def Camera,
The perfect gift for an independant woman. Earn an additional +50% [[Hunie]hunie] while talking with her.,
Retro Controller,
A unique gift for a nerdy girl. Earn an additional +50% [[Hunie]hunie] while talking with her.,
Arcade Joystick,
An exclusive gift for a nerdy girl. Earn an additional +50% [[Hunie]hunie] while talking with her.,
Zappy Gun,
A special gift for a nerdy girl. Earn an additional +50% [[Hunie]hunie] while talking with her.,
Gamer Glove,
An exceptional gift for a nerdy girl. Earn an additional +50% [[Hunie]hunie] while talking with her.,
Handheld Game,
A one-of-a-kind gift for a nerdy girl. Earn an additional +50% [[Hunie]hunie] while talking with her.,
Arcade Cabinet,
The perfect gift for a nerdy girl. Earn an additional +50% [[Hunie]hunie] while talking with her.,
Mistletoe,
A unique gift for a mature woman. Earn an additional +50% [[Hunie]hunie] while talking with her.,
Gingerbread Man,
An exclusive gift for a mature woman. Earn an additional +50% [[Hunie]hunie] while talking with her.,
Round Ornament,
A special gift for a mature woman. Earn an additional +50% [[Hunie]hunie] while talking with her.,
Ribbon Wreath,
An exceptional gift for a mature woman. Earn an additional +50% [[Hunie]hunie] while talking with her.,
Fuzzy Stocking,
A one-of-a-kind gift for a mature woman. Earn an additional +50% [[Hunie]hunie] while talking with her.,
Jolly Old Cap,
The perfect gift for a mature woman. Earn an additional +50% [[Hunie]hunie] while talking with her.,
Acorns,
A unique gift for a spiritual girl. Earn an additional +50% [[Hunie]hunie] while talking with her.,
Maple Leaf,
An exclusive gift for a spiritual girl. Earn an additional +50% [[Hunie]hunie] while talking with her.,
Pinecone,
A special gift for a spiritual girl. Earn an additional +50% [[Hunie]hunie] while talking with her.,
Mushrooms,
An exceptional gift for a spiritual girl. Earn an additional +50% [[Hunie]hunie] while talking with her.,
Seashell,
A one-of-a-kind gift for a spiritual girl. Earn an additional +50% [[Hunie]hunie] while talking with her.,
Four Leaf Clover,
The perfect gift for a spiritual girl. Earn an additional +50% [[Hunie]hunie] while talking with her.,
Endurance Ring,
A unique gift for a nymphomaniac. Earn an additional +50% [[Hunie]hunie] while talking with her.,
Pocket Vibe,
An exclusive gift for a nymphomaniac. Earn an additional +50% [[Hunie]hunie] while talking with her.,
Fairy's Tail,
A special gift for a nymphomaniac. Earn an additional +50% [[Hunie]hunie] while talking with her.,
Bliss Beads,
An exceptional gift for a nymphomaniac. Earn an additional +50% [[Hunie]hunie] while talking with her.,
Magic Wand,
A one-of-a-kind gift for a nymphomaniac. Earn an additional +50% [[Hunie]hunie] while talking with her.,
Royal Scepter,
The perfect gift for a nymphomaniac. Earn an additional +50% [[Hunie]hunie] while talking with her.,
Ball of Yarn,
A unique gift for a cat lady. Earn an additional +50% [[Hunie]hunie] while talking with her.,
Lattice Ball,
An exclusive gift for a cat lady. Earn an additional +50% [[Hunie]hunie] while talking with her.,
Squeaky Mouse,
A special gift for a cat lady. Earn an additional +50% [[Hunie]hunie] while talking with her.,
Feather Pole,
An exceptional gift for a cat lady. Earn an additional +50% [[Hunie]hunie] while talking with her.,
Laser Pointer,
A one-of-a-kind gift for a cat lady. Earn an additional +50% [[Hunie]hunie] while talking with her.,
Scratch Post,
The perfect gift for a cat lady. Earn an additional +50% [[Hunie]hunie] while talking with her.,
Model Rocket,
A unique gift for an extraterrestrial. Earn an additional +50% [[Hunie]hunie] while talking with her.,
Miniature UFO,
An exclusive gift for an extraterrestrial. Earn an additional +50% [[Hunie]hunie] while talking with her.,
Armillary Sphere,
A special gift for an extraterrestrial. Earn an additional +50% [[Hunie]hunie] while talking with her.,
Telescope,
An exceptional gift for an extraterrestrial. Earn an additional +50% [[Hunie]hunie] while talking with her.,
Space Helmet,
A one-of-a-kind gift for an extraterrestrial. Earn an additional +50% [[Hunie]hunie] while talking with her.,
Moonrock,
The perfect gift for an extraterrestrial. Earn an additional +50% [[Hunie]hunie] while talking with her.,
Sapphire,
A unique gift for a goddess. Earn an additional +50% [[Hunie]hunie] while talking with her.,
Ruby,
An exclusive gift for a goddess. Earn an additional +50% [[Hunie]hunie] while talking with her.,
Emerald,
A special gift for a goddess. Earn an additional +50% [[Hunie]hunie] while talking with her.,
Topaz,
An exceptional gift for a goddess. Earn an additional +50% [[Hunie]hunie] while talking with her.,
Amethyst,
A one-of-a-kind gift for a goddess. Earn an additional +50% [[Hunie]hunie] while talking with her.,
Diamond,
The perfect gift for a goddess. Earn an additional +50% [[Hunie]hunie] while talking with her.,
Garden,
Botanical Garden,
Corkscrew Carnival,
Restaurant,
Farmers Market,
Trail,
Hot Spring,
Rink,
Lounge,
Overlook,
Courts,
Tennis Courts,
Water Park,
Bedroom,
Your Bedroom,
Campus,
Gym,
"Will you look at this? I'm such a hot teacher. =P No wonder so many guys register for my classes, hah!",
"Will you look at this? I'm such a hot teacher. =P No wonder so many girls register for my classes, hah!",
"Well fuck me! I finally won something at the casino. Great, now maybe I can put a tiny dent in my massive debt...",
"Hey handsome, I really enjoyed our date... Here's a preview of what I might just have in store for you next time. ;)",
"Hey beautiful, I really enjoyed our date... Here's a preview of what I might just have in store for you next time. ;)",
Haha I got so much free shit from this other loser that's tryin' to get it in and then I sent him home alone! What a pussy whipped bitch!,
Haha I got so much free shit from this other bitch that's tryin' to bang me and then I sent her home alone! What a loser!,
Ugghhh... had to skip class today. I can't sit there and listen to some fucker talk about a bunch of shit nobody cares about for 3 hours.,
"Baha, look, I can almost fit this whole thing in. Practice makes perfect, lol! Maybe next time that'll be you... Yeah right!!!",
"Baha, look, I can almost fit this whole thing in. Practice makes perfect, lol! Too bad, I'd make such a good straight chick, haha!",
It's so nice out this morning! We should go take a walk in the park one of these days. I'd love to have the company.,
"Oh! You should come in for my yoga class someday! Don't worry, you won't be doing this; I take it easy on the beginners, hehe! :)",
Mmmm... I can't believe I'm actually sending this. >.< Do NOT let anybody else see this!! This is for YOUR eyes only! ^.^;,
**Mission Log #347: I set a course for the Outherian sector in search of a galactic crime lord rumored to be hiding out there.,
**Mission Log #810: Escaped my prison cell aboard the Ladu federation mothership. Proceeded to kill everything.,
"**Mission Log #1281: Attacked by another tentacle monster, of course. It's not all bad though, you kind of get used to it. <3",
"Ohhh! I love my boobs in this pic! Of all the pics of me out there on the internet, I think this one has to be my favorite. ;)",
I'm so excited! I just got signed to do a solo vid for a pretty popular site. They saw my banana set and had to have me!,
Hey cutie! This is for you. <3<3<3 It's from my cam show last night. The boys are a big fan of that toy. ;) They also keep asking me to put a shoe on my head...,
Hey cutie! This is for you. <3<3<3 It's from my cam show last night. The girls are a big fan of that toy. ;) They also keep asking me to put a shoe on my head...,
"40!!! I finally got to 40 pushups in one set! Omg I was sweating like a pig after that workout, lol! Next time, I'm going for 50!!",
"Hey, just got out of the shower; was thinkin' about you. <3 I bet you wish the towel wasn't there! Lmao!",
"I caught you staring at my butt btw! I thought maybe you'd like a closer look... Oops, did I get something else in there too? ;)",
"I know you can't really see it that well because there's a totally sexy fairy in the way, but this is where I live!",
"Duuuude! I found your mega stash, bahaha! Hope you don't mind that I borrowed a few of the good ones.",
"Ohhh boy! I found your mega stash, bahaha! Hope you don't mind that I borrowed a few of the good ones.",
Holy fuck! I just discovered your washing machine. It's so... useful! I really really like the high setting. <3,
"Look, it's me! I was about to board a plane for my morning shift. I forget what city this is from... Washington, maybe?",
"This is from one of the most intense matches I've ever had. I didn't win... u.u But, at least I was cuter than her. =D",
"I was baking some cupcakes and I got batter all over the place! Who's gonna help me clean up, huh? ;)",
How does this thing work... Hello!? Did you get my picture? It's me! I'm sleepin' in a tree! Hehehehe!,
Master! Whatever you need I'm here for you! I'm just happy to be able to spend time with you!,
Master look! I'm just like the lady in those books you have under your bed! Hehehehe!,
Fuck yes! I finally got the high score on this stupid game. I can't even tell you how many quarters I've lost to this thing.,
"I couldn't fall asleep last night for shit. I was reading all these creepypastas online and then I just kept hearing like, noises and shit. I’m so tired… -_-zZzZzzz",
"Idk... I just... felt like sending this to you. Like, I like you n' stuff. Is it sexy? Idk, I hope you like it. ><;;",
"Omg! My bestie took this pic in class when I wasn't looking. Uh-oh, panty shot! >.<; So embarrassing...",
I love this picture! This is from a big game we had a couple weeks ago. I look soooooo cute! XD,
"Hey, I took this for you, ya pervert. :) Hope it came out alright... it was hard to time it right on my phone!",
Ha! One date down; but you have quite a way to come if you're to have any hope of being with me!,
Don't tell Kyu about this... but before I became goddess I used to dance at the love clubs. A girl has to pay her way through fairy school somehow!,
Oh my... Kyu introduced me to your retractable shower head. It's magnificent. I may have no use for you after all!,
"Before I forget... The ""Munie"" you earned during our date? You can use that to buy gifts, food and drinks using the store app on the HunieBee. It'll even detect which gifts the girl you're talking to prefers and will mark them with an icon. We've practically done all the work for you!",
Broken Heart Token,
Passion Token,
Romance Token,
Sentiment Token,
Sexuality Token,
Flirtation,
Passion,
Romance,
Sensitivity,
Sexuality,
Talent,
Next Mood,
PayPal Backers,
Tooltip,
Item Value,
Sent by Girl | Date | Time,
Kickstarter Backers,
Item Description,
Mood Needed: 0,
Moodname (x1),
Action Label,
Talk option content goes here...,
Voice Actresses,
Item Type  |  Item Set,
Message text goes here...,
Music Team,
Low,
Sub Label,
Art Team,
"AMICE Maxim, Matthew Potter, Aiden ""Numbers"" Schaefer, Bradley Pabatang, David ""Socratics101"" Chang, Derrick Pilgrim Jr, Miguel Lollett, T. Cook, Timmothy Clarke, Aaron Reishaun Dixon, Accelsharp, Alex Martin, Alexis Helen, Alice Gutierrez, Almost Human, Andrew Mark Cathie, B ""King of Anime"" T, Benjamin Aurin, Boehmi, Cabbage, Charles Russell, Closet Pervert, Crystal Young, Daniel M Nguyen, Dark Mystic Squatter 69, Dylan Smith, Eddie Arenas, epeeguy, Erik Konpaku, Ethan Chiang, F. Javier Leon, FrostBlue, Incredible_Scarf, Jared Katz, Jens Schunck, Jim Cates, John Allen IV, John Smith Tardis, Johnathan Smithwick, Joshua Miller, Juryel, Justin Groves, Jyles Cinco, Kaazmo, Kaggie Kendall, Keeper O Books, Kellen McIntyre, Kenny Good, Lazgodie, Mathias Boogh, Matt, Maxwell Franklin, Michael B., Michan, Mikael Knall, Nico Schmitz, Ominous Nominous, Pablo Tourino, Patrick Regling, Patrick Shimizu, Paul ""Shimraa"" Webb, PkkFrank, Quackk_Attack, Quill Kirkland, Sebastian Berger, ShadowFox, Shining Arrow, shinobi, Shiori Misaka, Sonny Le, Sprout, Taon Bower, The Gamer GJMCJG, tofuji, Tyarian Solvluna, Ultramatic, Valkyri, Venron, webJoker, William Bryant, Wraith, Yuji Sato, Yurii ""Saodhar"" Furtat, zack wood, ZackFair(Joel), Zuhur Abdo",
Option Label,
"Michael Brand, William Cook, Olivier Riedo, Stuart Telfer, Donnie Roos Jr., James Groshon Parker, Shawn Baird, Steve Koons, Aaron Holding, Alexandre ""Scratch"", Chua Chong Yi, Dominic ""RocK_M"" Ferrer, Erwin Sutrisno, Felipe Augusto Batista, Jostein Strand, Kendra ""Tundra"" Langille, ""Baroness"" Aki Caithlyn, Abdullah Albasha, Andrew ""Leefizzy"" Lee, Apenguindidit, Bradley Jensen, densha_dan, Derek Newton, Marco EDLS13, Matthew James Harkins, Patrick Green, Richard Leiva, Steven Chin, Steven Garcia, Will S, xzpwnz, Billy Herrington, Anael Verrier, Andrea Martinelli, Lim Ye Ping, Marius Dagestad, Meracle Silvern, Michael Simon, Mika Flinkman, MK, Richard Ford, Simon 'garkham' Lockheart, Simon Do, Svein Meling, A Patron, Aaron Danczyk, Aaron King, Adam P, Archibald Dupree, Billy Harris, Brian Koonce, Chadwick ""lilo"" Johnson, Charles Mickendrow, Chris Downs, Craig Chapman, Dan W Zhang, David M. Thomas, Elliott D. Gleason, Grant Hansen, GuardianE, Helen Hieble, Jaslyn, Jason & Victoria Zagar, Jesus Aguirre, Johnathan Torres, Johnathon ""The Rooster"" Cisneros, Johnny Parker, Justin Demafilis, Kamil Knapczyk, Keimarios, LordMatsu, Mario Velardita, Matty C., Nathaniel Pahl, Neko-Reo, Nick Andrzejewski, Nidoking, Ro, Robbie Boerner, Robert ""Saka"" Ramos, Ryan Riley-Mercado, Serra Angel, Some Random Anime Lover, Steven J. Koons II, Tim Reilly, Troy Turner, Yaka, Adrian 'Telaran' von Allmen, AndCycle, Anthony Cash, CaptainToasters, CJ Barrett, David Chuhay, Dustin Roop, faeriehunter, Ivan de Neymet Franco, Ivron, Joel E. Reichenbach, Juha Laaksonen, Lucif3rhawk, MAO, Plusi, R.Jackson, Remy ""Skuz974"" STIEGLITZ, Takayuki, tfkmaster (the brick), Jamie Yakeleya, Jason Anthony, Jecht2, joachim_kamikaze, John J. Walsh IV, John Nathan Fernandez, Joni Lappalainen, Justin ""Wafflewolf"" Ho, Keith Hall, Kuga, Lachlan John Poots, Lane Edgington, Lyssiar Schilling, Magentawolf, MakoDeth, Mario Clarke, Melfion, Michael ""beefsack"" Alexander, Michael Bohl, Michael Hording, Mike Paul, Mitchell Moreno, Nathan Green, Necrosis Thanatos, Niclas, Nik Das, Omar Rodriguez, Onsokumaru The Trip, Orcus, Oyvind Meling, Pasha, Piron P, Remi Sinou, Rob ""theused182""  Johnston, Robert, Serena ""Intendant S"" Nelson, Stefan Schreiber, the chimerical collective, theVandeman, Thomas McKeon, Tyler Q Nguyen, Tyrell Neufeld, Valdis_Belial, Wesley Tabor, William Cook, yaymos, Zero Null, Merc, Mho, Michael Holcombe, Michael Miller, mirumu, mmx, Morten Due, nephalite, nih, Nora Elisa Sotelo, Oliver James Minall, Olivier ""Eivoril"" RAQUIN, Orrin Sensathien, Patrick Tan, Paul H.C.M. Barron, Paul Rock, Paul S. Enns, Petter SF, quamp, Rafe Morrel, Richard van der Schoor, Roger Vargas Ramirez, Ryan Whorton, SaoBunneh, Sean Taylor, Shadowx1800, Sheenariel, ShimaPantsu, Sierra Meador, Speculations, Steif O. Rever, Steve Hinckley, Steven Bice, Steven Broka, Steven Caneda, Thomas Zilling, ToadnoChikara, Top-Ranger, Tornel, toshiro kanchou, V Lopez, Valinnis, Warpwny, WhaTEvaHBoI, William Sharpe, Z.M. Schaffer, Zak Anttila, AAAYogibearAAA, Aaron Davenport, Adin Knight, Adipose Wrex, Adrian Gallegos, Alex Rathbone, Alexander John Aristotle Kimball, Alexander Kendall, Andrew P. Bullen, Andy ""YukaTakeuchiFan"" Kurland, Antonio Vincentelli, Apollo, Archon, autfag, awowamax, Ax_kidson, Bastiaan Rours, Benjamin J Sheahan, Big Dan, Bill Murashie, Bobby Skeens, Brent K. Smith, Brian Clinton, Brian VD, Bryan, Bryan E, Bryan Khoo, Btburns, Chris ""Codo"" Congdon, Chris Amos, Chris Miller, Chris Park, Christian Singh, Christoph ""Fr33l4ncer"" Huber, CHT a.k.a Death Cruzer, Claus Lutke, Collapsar, Damon English, Danger Mouse, Daniel Perrio, Danny Kriegbaum Laursen, Dark09, Darryll smith-walker, David White, Dean ""the great dong"" Thurston, Dominik Dalek, Dubbles WildHogsGaming, Dustin Frisch, Earl Fiorito, Eastborn, Erik The Viking, Ethan Roy, Evan Mitchell, Filipp Filippenkov, Forzdan, Franny Jay, G.K., Gabriel ""Gabe Khronos"" Godoy, Galronir, Gazz91, Geovanni Villagran, Godewijn W. Perizonius, Hans Christian Solberg, Henry Tran, Howru, Hugo Viklund, Humberto ""StarChuck"" Meireles, Hutch, Ian Wolfe, ichi, Ignatiev Vladimir, Ikaboom, ittoujuu, Ivo, J. Gentilini, J4K3S7A, Jacques Alexander Katzoff, James Buckley, James Graham, James O'Connell, Jared Winteregg, Jason ""CombatWars"" Chen, Jay Choi, Jaymark108, JD, Jens Kristian Rode-Moller, Jesus Roberto Martinez Garcia, JimmySSChou06, Joe Saint, John Pushnik, Jonathan Tang, Juanjo Barrio, Justin Horn, JVizzy, Karl Ivar Billy Niemela Olsson, kayman, Kaypar, Kays, Kern Handa, Kevin Osburn, KiddoCabbusses, Lassi Helio, Laura Gohl, Lazzarus, Levi McConnell, LunarKnite, Lyraphor, M_yth, Marie Elizondo, Mark ""Aahz"" Montgomery, Markus Magnitz, Marten Chronoes Tarkin, Matt Chan, Matt Lawson, Matt P, Matthew Drieling, Matthew Murray, Max R., MC Snyd, MDuh, Michael Douglas Meyer Jr., Michael Falinski, Michael G. Roth, Michael J. Crowley, Michael R. Jeschke, Mike Fischer, Minh Tri Philip Hoang, Mr. Lieutenant Time Bonkers, N Wright, Nat Fowler, Nathan Jarrell, Nathan Mckeeman, Nathan Whelihan, Nicholas Medeiros, Nikola Milinkovic, Nolan ""AnalFries"" Raven, Patrick ""EPL"" Londema, Patrick Riedel, Per Axmark, Pete Davison, Phil Brown, Philip Bradley, Phill ""TheRage"" Couzens, piDERF, PMD, prototype00, RealZero, Reynard Dwi Saputra, Richard Wardell Cook, Rin Hatune, Robert Oldfield, Robert Salender (AskaLangly), Roy L, Rufus, Ryan M., Ryan Mills, Ryan P., S Greatorex, S. A. Bellamy, Sam Klein, Sami 'Hamsu' Saarela, Samu Valimaki, Sanguinius, Scythation, Serge, Sergio ""Gamesta64"" Quinones, SexySex69 Spambot, Shun Tse, skkn, Sleepington, Slepchenkov Vladimir, SlothFacts FGC, SosukeDrake, Stephen Couch, Steven Day, The Blue-Eyed Infidel, Thomas Nickel, Tim ""TypeFirebird"" Bucknell, Tim Danysh, Tim S, Timothy, Todd Ellerman, Tourak, Trent Slater, Trip C, Tristan D. Carl, Tuyen Ngo, Tyler Jackson, Tyler Spears, Vahn Kergonan, Vladimir V., Vladislav ""Dramatheurgist"" Goldakovsky, Wererat42, William Dylan Butcher, William Mills, Wyatt Moser (Table645), Yousif Al Khalifa, Yuriko, Yuta Hoshina, Zandri, Zanthulol, Zebrian ODell, ZirCreepsAlot, -iwayandk-, ""Mr. Ninja"", ""Not A Spy"", [HYBRID BEING], A Lonely Weeaboo, Aaron R Corff, Adam Testagrossa, adamma666, Adol Christin, Aggie Lenoir, Aile Windsor, AJTilley.com, Akaecius, Akienous, Alan Manganti Lalonde, Alanna McTavish, Alex ""Is Playing"" Martin, Alex Downs, Alex Kramer, Alexander Otto, Alexis ""poetfox"" Long, alexito, Alfredo Torres, Alzael, Anders Kronquist, Andrew Craig, Andrew Cummings, Andrew Fults, Andrew McDermott, Andrew Wilson, Angel Aaron Reyes, Anonymous, Anthony Feldhake, Archange, archigram, Ari Lautamaki, Armando Perez, Artik Dube, Aun Na Tan, Austin Kue, Bartosz Krawcewicz, baskat, bchan84, BedfordLovesNisekoi, Benjamin Abrams, Bluefire, bluemeep, Bobular, Boomsickle, Bowman W, Bradford Cone, Brandon Lavell Edwards, Brendan Ferris, Brett Martinez, Brian Bowman, Brian Weiss, BubbleKings, ByunTaeNy, C Miller, C. Wallace, Calvin C., Calvin Snowden, Cameron ""Aurora"" Forrester, Canardwcx, Captain Turtle, Cardician, Carsten Berg, Casey Walsh, Cedric ""Makura"" Richard, Ceph Hart, Chance Stephens, Chankit Pongdhana, Charles Cope, Chi Shing Li, Chia Chong Yee, Chimerical Tales, Chris Cornell, Chris Marsden, Chris Punska, Chris Tran, Chriss, Christopher Bee, Christopher D. Sandford, Christopher McKenzie, Christopher Roberts, Chun, Cirno Hakurei, cleverwings, closer013, Cody Hester, Colin, Conrad Manzano, Coral Cockle, Corey C., Cory ""FL4GG"" Lieske, Cowdenstar, Crimrui, curescurse, Dablue, Daniel ""Kyimo"" Russell, Daniel D Magnan, Daniel Han, Daniel Thornhill, Daniele lai, Dare Sid ""WOW"" Phile, Darn, David Long (neko), David Lyons, David R Miler, David Terry, David Wilson, Dawn_, Deko Kantara, Dennis Andreas, Derek A. Roncal, dgc1980, Dickson Lee, difuzed, Diogo Baquini, Dish, DJ Fool, Dmitry Sokol, Doc Thomsen, Donovan, Drae Thompson, Dude, Durdya Zeugme, Dvvarf, Dylan Patrick, Edward ""ArdentPurple"" Engquist, Edward Dang, Ektorus, Emma Williams, Emperor Aljust, Enigma416, Entercoven, Eric Zhang, Ervonymous, Estey Dayo, FaylynSeryph, Felipe Lins, Filiel, Flinx1138, Fluffy McDuck, Frikkie van niekerk, Fuin, Furio Kensei, Fuseji, FusionWarrior, Fuzzy, Gareth Robinson, Garrett Muggy, Garth Schmidt, GeiR, General JP, Giako, Gold Star Anime & Games, Gonsalo Ceja, Gontier Eric ""Ericia"", Graeme 'Rooster' Miller, Gregory ""Yumeji"" Bernal, Gregory Polander, Guido Tantowie, Haken Browning, Halko, Hampus Karlsson, Harald Hellerud, Heavy_McFatso, hi guy, Husker Dan, Hznbrg, Iain E. Anderson, Igor Kozyrin, Islew, Ivannorr, Ives Rountree, IvyLoveRoses, J Brad Woodfin, J Scott Knell, Jack Frazee, Jack Zackowitz, Jackie Chou, Jacob ""FAKKU"" Grady, Jacob Helou, Jacob Koonce, Jake the boardgaming robot from the future, Jake Walston, James ""Rixh"" Haygood, James ""Sneezie"" Eddy, James Kennan, James Lange, James Lofshult ((Solav)), James Sunderland, Jamieson Whitehead, Jan ""Psyfe"" Ostby, Japanese Tech Curse, Jason Kapalka, Jason Logan, JaxWax, Jay Shurman, JBL, JCD2150, Jeff Koons, Jeff Morris, Jeffrey (raz) Adams, Jeremi Guevarra, Jeremy Kuhne, Jeroen Dekkers, Jesse Gillespie, Jinx, JNR, Joann Youngblood, Joe Straatmann, Joel ""Jolt"" Smith, John ""Ogre"" Seals, John Enright, John Kelbaugh, Johnny Laurence, JoJo, Jonas Westerberg, Jonathan Grimm, Jonathan J. Louie, Jonathan Melendez, jonathan stewart ""bikke the pirate"", Jonathon ""Data"" Skillman, Jose Tenorio, Joseph W. Conner, Josh Minol, Joshua Alvarez, Joshua D. Padro, Joshua Munro, Juan Carlos Norianueva, Julien CASTAGNE aka MasterTao, Julius Belmont, Justin O, Jye ""Yuki Hyou"" Karl-Perry, K. Leitch, Kaja Foglio, Kanon, Karl Lassen, Karl Maurer, Keigan Wise, KeiichiFace, Keith Lamond, Kelly Stewart, Ken Pichakun, Kenneth Glasdam, Kenpachi Ramasama, Kent Keltner, Kevin Monkhouse, Kevin Smerbeck, Kiavie, Kim Vidar Lund, KogX, KoH, Kurisu <3, kuzakun, KW Bergman, Kyle Reese, Lasse Lohde, Lee Lawson, Leo ""ExBest"" Lafram, Leon B.R aka Nuragna, Leon Fiddler, Level 1 Imp, Lewkas Fugazi, Loki Fluffy Cat, Lorenzo Arreola, Luca Frigerio, Lucas Alves, Luis Parra, Lumpy, M. H.True, Mads Poulsen, Magnoth, Makosuke, Mara Pieson, Marcel Matz, Marco. P, Marius Thomassen, Mark, Mark 'Footy' Bearden, Mark Douglas, Mark Enkerud, Mark Jackson (Ironstrom), Mark Shaw, Mary Burns, Mathias Jacobsen, Matt ""Overdose"" O'Donnel, Matt A. Rosario, Matt Hoffmann, Matt J, Matt R., Matt Wepee, Matteo ""Klezzon"" Brisinello, Matthew Roberts, Max Juchheim, McBomb, McLOVIN, Michael ""BookwormOtaku"" Connell, Michael (G-Nitro) Camacho, Michael Barnes, Michael Davis-Ickes, Michael J. Musumeci, Michael Scuderi, Michel ""{Tio_Sukita}"" Mattos, Mike the Elf, Mil-kun, Miro Mendoza, Mirokunite, Mistermatrix24, Morning Trick, mrgogo, n1cknak, Nakamura Taiki, Naxxramas, ndkid, Nguyen Minh Tuan, Nicholas J. Hodgson, Nicolas Davila, Nicolas Dufer, Nicolas Kaiser, Nile Bernard, No_Way301, Norman McDonald II, Nuclear42, Nyzarlh, Obi Omatseye, Olivier Lebeau-Paradis, OnpuElena, Oscar Bello, Otto ""Sandshrew2"" Araujo, Patricio Parga, Paul 'Topottsel' Robinson, Pedro Arnulfo Garcia Meza, Pedro Perez, Pedro Shing Rosa, Pete SkyRocket, Peter Kuo, Peter Sandbeck Nielsen, Philipp Bornschein, Pineapple Steak, Pitchingace88, PMar, PrimalWrath, R, Raconis Death, Railgun, Random, Ratdrake, Ratralsis, Ray Higgs, Rebecca Lewis, Redglus, Rene Mesia Cabanza Jr., Rene S. Ramos Jr., Reza Malik, Riddlescoper, RiFiu, Rob Zwetsloot, Robert ""HealyHQ"" Healy III, Robert Stevens, Roberto Quintans, Roman Ryabov, Romy Pham, Ross Celer, Ross Hornsby, Roy Archer, Rt, Ryan ""H Fiend"" Tabb, Ryan Davis, Ryan King, Samuel Nunes, Sara ""Pandy91"" S., Sara P. <3, Sarah Jessica Walker, Sarah Kitty, SayEric, ScapeGod, Scott Aoki, Scott Hardin, Sean Dunham, Sean Ulczycki, Semi-James, Sengoku Nadeko, Serle McPhee, Seto Konowa, Sexualbeanbun, Shaun ""IrishWonda"" Danis, Shaun Skelton, ShyMel, Silvio Herrera Gea, Sindre Saebo, Skyler Arnulfo Topete, Sobriquet, Solomon Silence, Solution, SomePoorSap, SoulCyber, Space G. Host, Spoonykipper, Stefan Guhl, Steffan Dueling, Steven Anderson, Steven Hoffmann, Stephen Hazlewood, Stooks, SuperSN, Takumi Taiki, Tanfew, TepidTwisTed, Tera_GX, Terminax, That Yoshi Guy, The Ferret, The Japanese Sandman, TheFlamingJesus, thezeldagamer, Thomas Scroggs, Thomas Wessel, Thony the Man, Tiffany 'Distraction' Cleveland, Timothy J Lincoln, TLink, Tobin Cristos, tomsatab, Travis (Nogard) Fuller, Tremprod, Tyrone ""r3d tiger"" Tigger Queensborough, uberDirk, veiti, Victor Majko, Videogamer25, Viet Phan, VK, vonb, Wade Ghaleon, waffle_zone, Welis, Weoneo, Wesley Dunbar, William H. Jackson IV, Willian G. Hopfgartner, Woong Gun Choi, world of wandag, wtfuxisup, Xander Weber, Xon890, xrain_cc, xzpwnz, xzpwnz, Zach Stewart, zach!, Zalminen, Zonz, Zork, Zouxstark, Zuu, Zynk Oxhyde, Zyrdarya, Danielle Johnson, Ivan Doronin, Henry Fortuna",
"^CF2F2F2FFKyu:  ^CB2B2B2FFJaclyn ""Jack"" Hernandez
^CF2F2F2FFTiffany:  ^CB2B2B2FFLori Fischer
^CF2F2F2FFAiko:  ^CB2B2B2FFMarie Rhys
^CF2F2F2FFKyanna:  ^CB2B2B2FFHelene Daviau
^CF2F2F2FFAudrey:  ^CB2B2B2FFBrittany Lauda
^CF2F2F2FFLola:  ^CB2B2B2FFKira Buckland
^CF2F2F2FFNikki:  ^CB2B2B2FFSkyler Davenport
^CF2F2F2FFJessie:  ^CB2B2B2FFAmanda Berning
^CF2F2F2FFBeli:  ^CB2B2B2FFAmber Lee Connors
^CF2F2F2FF???:  ^CB2B2B2FFArden Jones
^CF2F2F2FF???:  ^CB2B2B2FFSarah Wiedenheft
^CF2F2F2FF???:  ^CB2B2B2FFTracey-Jane Lovely",
Version: 1.2.0,
^CF2F2F2FFComposer:  ^CB2B2B2FFWorld of Wandag,
Medium,
Copr. 2015 HuniePot,
High,
"^CF2F2F2FFLead Artist:  ^CB2B2B2FFRizky Prahesa ""Kopianget""
^CF2F2F2FFCG Artist:  ^CB2B2B2FFLaura Casulleras ""Ninamo""
^CF2F2F2FFGraphic Illustrator:  ^CB2B2B2FFAgata Wiejak
^CF2F2F2FFGraphic Illustrator:  ^CB2B2B2FFCihan Gelerli
^CF2F2F2FFPromo Artist:  ^CB2B2B2FFKaskia
^CF2F2F2FFPromo Artist:  ^CB2B2B2FFPinguin-Kotak",
"9,999",
"^CF2F2F2FFDesigner, Programmer & Writer:  ^CB2B2B2FFRyan Koons",
Uncensored,
Particle Limit,
Wednesday 05,
Adjust Aspect,
Windowed,
Full Screen,
Screen View,
Volume Control,
Preference Value,
Favorite Drink,
Alcohol Tolerance,
Female,
Male,
Your Gender,
Likes Food Types,
Likes Gift Types,
Loves Gift Type,
Difficulty,
Unique Gift Type,
Easy,
Fav Season,
Normal,
Detail Value,
Least Desired Trait,
Hard,
Fav Color,
Fav Hangout,
Boops,
Hobby,
Birthday,
Full Voice,
Voice Over,
Cup Size,
Height,
Weight,
Save Data #1,
Occupation,
Education,
Age,
Afternoon,
"90,000",
100%,
Last Name,
Style Name,
All Rights Reserved,
Select Default Outfit,
Most Desired Trait,
Select Default Haircut,
